season,date,week_monday,game_id,kind,neutral,conf_game,home_id,home,home_conf,home_tier,home_rank,home_score,away_id,away,away_conf,away_tier,away_rank,away_score,notes
2024,2023-11-06,2023-11-06,401575434,reg,0,0,248,Houston Cougars,Big 12,power,7,84,2433,UL Monroe Warhawks,Sun Belt,mid,0,31,
2024,2023-11-06,2023-11-06,401575451,reg,0,0,2305,Kansas Jayhawks,Big 12,power,1,99,2428,North Carolina Central Eagles,MEAC,mid,0,56,
2024,2023-11-06,2023-11-06,401575509,reg,0,0,245,Texas A&M Aggies,SEC,power,15,78,2837,Texas A&M-Commerce Lions,Southland,mid,0,46,
2024,2023-11-06,2023-11-06,401575517,reg,0,0,2633,Tennessee Volunteers,SEC,power,9,80,2635,Tennessee Tech Golden Eagles,OVC,mid,0,42,
2024,2023-11-06,2023-11-06,401576147,reg,0,0,150,Duke Blue Devils,ACC,power,2,92,159,Dartmouth Big Green,Ivy,mid,0,54,
2024,2023-11-06,2023-11-06,401577598,reg,0,0,269,Marquette Golden Eagles,Big East,high,5,92,2459,Northern Illinois Huskies,MAC,mid,0,70,
2024,2023-11-06,2023-11-06,401577640,reg,0,0,2509,Purdue Boilermakers,Big Ten,power,3,98,2535,Samford Bulldogs,SoCon,mid,0,45,
2024,2023-11-06,2023-11-06,401581588,reg,1,0,30,USC Trojans,Pac-12,power,21,82,2306,Kansas State Wildcats,Big 12,power,0,69,Hall of Fame Series - Las Vegas
2024,2023-11-06,2023-11-06,401581835,reg,0,0,127,Michigan State Spartans,Big Ten,power,4,76,256,James Madison Dukes,Sun Belt,mid,0,79,
2024,2023-11-06,2023-11-06,401583596,reg,0,0,153,North Carolina Tar Heels,ACC,power,19,86,2515,Radford Highlanders,Big South,mid,0,70,
2024,2023-11-06,2023-11-06,401583724,reg,0,0,251,Texas Longhorns,Big 12,power,18,88,2916,Incarnate Word Cardinals,Southland,mid,0,56,
2024,2023-11-06,2023-11-06,401584356,reg,0,0,222,Villanova Wildcats,Big East,high,22,90,44,American University Eagles,Patriot,mid,0,63,
2024,2023-11-06,2023-11-06,401584359,reg,0,0,41,UConn Huskies,Big East,high,6,95,2464,Northern Arizona Lumberjacks,Big Sky,mid,0,52,
2024,2023-11-06,2023-11-06,401584510,reg,0,0,356,Illinois Fighting Illini,Big Ten,power,25,80,2197,Eastern Illinois Panthers,OVC,mid,0,52,
2024,2023-11-06,2023-11-06,401588936,reg,0,0,2390,Miami Hurricanes,ACC,power,13,101,2885,NJIT Highlanders,Am. East,mid,0,60,
2024,2023-11-06,2023-11-06,401588940,reg,0,0,96,Kentucky Wildcats,SEC,power,16,86,166,New Mexico State Aggies,CUSA,mid,0,46,
2024,2023-11-06,2023-11-06,401591429,reg,0,0,333,Alabama Crimson Tide,SEC,power,24,105,2413,Morehead State Eagles,OVC,mid,0,73,
2024,2023-11-06,2023-11-06,401594524,reg,0,0,8,Arkansas Razorbacks,SEC,power,14,93,2016,Alcorn State Braves,SWAC,mid,0,59,
2024,2023-11-06,2023-11-06,401597930,reg,0,0,21,San Diego State Aztecs,Mountain West,high,17,83,2239,Cal State Fullerton Titans,Big West,mid,0,57,
2024,2023-11-06,2023-11-06,401598037,reg,0,0,2608,Saint Mary's Gaels,WCC,high,23,107,2616,Stanislaus State Warriors,,,0,28,
2024,2023-11-06,2023-11-06,401600255,reg,0,0,12,Arizona Wildcats,Pac-12,power,12,122,2415,Morgan State Bears,MEAC,mid,0,59,
2024,2023-11-07,2023-11-06,401577591,reg,0,0,156,Creighton Bluejays,Big East,high,8,105,50,Florida A&M Rattlers,SWAC,mid,0,54,
2024,2023-11-07,2023-11-06,401583794,reg,1,0,239,Baylor Bears,Big 12,power,20,88,2,Auburn Tigers,SEC,power,0,82,
2024,2023-11-08,2023-11-06,401597840,reg,1,0,2350,Loyola Chicago Ramblers,A-10,high,0,62,2226,Florida Atlantic Owls,American,high,10,75,
2024,2023-11-09,2023-11-06,401592369,reg,0,0,127,Michigan State Spartans,Big Ten,power,4,74,88,Southern Indiana Screaming Eagles,OVC,mid,0,51,
2024,2023-11-09,2023-11-06,401598038,reg,0,0,2608,Saint Mary's Gaels,WCC,high,23,72,167,New Mexico Lobos,Mountain West,high,0,58,
2024,2023-11-09,2023-11-06,401600062,reg,0,0,30,USC Trojans,Pac-12,power,21,85,2934,Cal State Bakersfield Roadrunners,Big West,mid,0,59,
2024,2023-11-09,2023-11-06,401610179,reg,0,0,239,Baylor Bears,Big 12,power,20,96,2301,John Brown Golden Eagles,,,0,70,
2024,2023-11-10,2023-11-06,401575452,reg,0,0,2305,Kansas Jayhawks,Big 12,power,1,99,2363,Manhattan Jaspers,MAAC,mid,0,61,
2024,2023-11-10,2023-11-06,401575461,reg,0,0,2390,Miami Hurricanes,ACC,power,13,88,2116,UCF Knights,Big 12,power,0,72,
2024,2023-11-10,2023-11-06,401575510,reg,0,0,194,Ohio State Buckeyes,Big Ten,power,0,66,245,Texas A&M Aggies,SEC,power,15,73,
2024,2023-11-10,2023-11-06,401575518,reg,0,0,275,Wisconsin Badgers,Big Ten,power,0,70,2633,Tennessee Volunteers,SEC,power,9,80,
2024,2023-11-10,2023-11-06,401576148,reg,0,0,150,Duke Blue Devils,ACC,power,2,73,12,Arizona Wildcats,Pac-12,power,12,78,
2024,2023-11-10,2023-11-06,401577599,reg,0,0,269,Marquette Golden Eagles,Big East,high,5,95,2520,Rider Broncs,MAAC,mid,0,65,
2024,2023-11-10,2023-11-06,401577641,reg,0,0,2509,Purdue Boilermakers,Big Ten,power,3,87,2413,Morehead State Eagles,OVC,mid,0,57,
2024,2023-11-10,2023-11-06,401583725,reg,0,0,251,Texas Longhorns,Big 12,power,18,86,2169,Delaware State Hornets,MEAC,mid,0,59,
2024,2023-11-10,2023-11-06,401584357,reg,0,0,222,Villanova Wildcats,Big East,high,22,83,2330,Le Moyne Dolphins,NEC,mid,0,57,
2024,2023-11-10,2023-11-06,401584511,reg,0,0,356,Illinois Fighting Illini,Big Ten,power,25,64,2473,Oakland Golden Grizzlies,Horizon,mid,0,53,
2024,2023-11-10,2023-11-06,401587185,reg,0,0,2250,Gonzaga Bulldogs,WCC,high,11,86,43,Yale Bulldogs,Ivy,mid,0,71,
2024,2023-11-10,2023-11-06,401588943,reg,0,0,96,Kentucky Wildcats,SEC,power,16,81,2837,Texas A&M-Commerce Lions,Southland,mid,0,61,Wildcat Challenge
2024,2023-11-10,2023-11-06,401591430,reg,0,0,333,Alabama Crimson Tide,SEC,power,24,102,282,Indiana State Sycamores,MVC,mid,0,80,
2024,2023-11-10,2023-11-06,401593950,reg,0,0,252,BYU Cougars,Big 12,power,0,74,21,San Diego State Aztecs,Mountain West,high,17,65,
2024,2023-11-10,2023-11-06,401594525,reg,0,0,8,Arkansas Razorbacks,SEC,power,14,86,2241,Gardner-Webb Runnin' Bulldogs,Big South,mid,0,68,
2024,2023-11-11,2023-11-06,401575435,reg,0,0,248,Houston Cougars,Big 12,power,7,82,357,Texas A&M-Corpus Christi Islanders,Southland,mid,0,50,
2024,2023-11-11,2023-11-06,401577592,reg,0,0,156,Creighton Bluejays,Big East,high,8,89,2449,North Dakota State Bison,Summit,mid,0,60,
2024,2023-11-11,2023-11-06,401589296,reg,0,0,41,UConn Huskies,Big East,high,6,107,284,Stonehill Skyhawks,NEC,mid,0,67,
2024,2023-11-12,2023-11-06,401583597,reg,0,0,153,North Carolina Tar Heels,ACC,power,19,90,2329,Lehigh Mountain Hawks,Patriot,mid,0,68,
2024,2023-11-12,2023-11-06,401598039,reg,0,0,2608,Saint Mary's Gaels,WCC,high,23,57,2692,Weber State Wildcats,Big Sky,mid,0,61,
2024,2023-11-12,2023-11-06,401602630,reg,0,0,239,Baylor Bears,Big 12,power,20,77,2241,Gardner-Webb Runnin' Bulldogs,Big South,mid,0,62,
2024,2023-11-13,2023-11-13,401574570,reg,0,0,2509,Purdue Boilermakers,Big Ten,power,2,83,2752,Xavier Musketeers,Big East,high,0,71,Gavitt Tipoff Games
2024,2023-11-13,2023-11-13,401575436,reg,0,0,248,Houston Cougars,Big 12,power,6,79,56,Stetson Hatters,ASUN,mid,0,48,
2024,2023-11-13,2023-11-13,401581855,reg,0,0,8,Arkansas Razorbacks,SEC,power,14,86,295,Old Dominion Monarchs,Sun Belt,mid,0,77,
2024,2023-11-13,2023-11-13,401584358,reg,0,0,219,Pennsylvania Quakers,Ivy,mid,0,76,222,Villanova Wildcats,Big East,high,21,72,Big 5 Classic
2024,2023-11-13,2023-11-13,401588937,reg,0,0,2390,Miami Hurricanes,ACC,power,12,86,2229,Florida International Panthers,CUSA,mid,0,80,
2024,2023-11-13,2023-11-13,401600256,reg,0,0,12,Arizona Wildcats,Pac-12,power,3,97,2582,Southern Jaguars,SWAC,mid,0,59,
2024,2023-11-14,2023-11-13,401574573,reg,0,0,356,Illinois Fighting Illini,Big Ten,power,23,64,269,Marquette Golden Eagles,Big East,high,4,71,Gavitt Tipoff Games
2024,2023-11-14,2023-11-13,401574574,reg,0,0,156,Creighton Bluejays,Big East,high,8,92,2294,Iowa Hawkeyes,Big Ten,power,0,84,Gavitt Tipoff Games
2024,2023-11-14,2023-11-13,401575453,reg,1,0,2305,Kansas Jayhawks,Big 12,power,1,89,96,Kentucky Wildcats,SEC,power,17,84,State Farm Champions Classic
2024,2023-11-14,2023-11-13,401575511,reg,0,0,2567,SMU Mustangs,American,high,0,66,245,Texas A&M Aggies,SEC,power,13,79,
2024,2023-11-14,2023-11-13,401575519,reg,0,0,2633,Tennessee Volunteers,SEC,power,7,82,2747,Wofford Terriers,SoCon,mid,0,61,
2024,2023-11-14,2023-11-13,401576149,reg,1,0,127,Michigan State Spartans,Big Ten,power,18,65,150,Duke Blue Devils,ACC,power,9,74,State Farm Champions Classic
2024,2023-11-14,2023-11-13,401581349,reg,0,0,2226,Florida Atlantic Owls,American,high,10,100,2199,Eastern Michigan Eagles,MAC,mid,0,57,
2024,2023-11-14,2023-11-13,401581803,reg,0,0,239,Baylor Bears,Big 12,power,15,99,140,Kansas City Roos,Summit,mid,0,61,
2024,2023-11-14,2023-11-13,401591369,reg,0,0,41,UConn Huskies,Big East,high,5,87,2400,Mississippi Valley State Delta Devils,SWAC,mid,0,53,
2024,2023-11-14,2023-11-13,401591431,reg,0,0,333,Alabama Crimson Tide,SEC,power,22,102,6,South Alabama Jaguars,Sun Belt,mid,0,46,
2024,2023-11-14,2023-11-13,401594480,reg,0,0,38,Colorado Buffaloes,Pac-12,power,25,106,270,Milwaukee Panthers,Horizon,mid,0,79,Sunshine Slam - Campus Game
2024,2023-11-14,2023-11-13,401603531,reg,0,0,30,USC Trojans,Pac-12,power,16,60,300,UC Irvine Anteaters,Big West,mid,0,70,
2024,2023-11-14,2023-11-13,401606989,reg,0,0,2250,Gonzaga Bulldogs,WCC,high,11,123,2202,Eastern Oregon Mountaineers,,,0,57,
2024,2023-11-15,2023-11-13,401583726,reg,0,0,251,Texas Longhorns,Big 12,power,19,80,242,Rice Owls,American,high,0,64,
2024,2023-11-16,2023-11-13,401581343,reg,1,0,119,Towson Tigers,CAA,mid,0,49,248,Houston Cougars,Big 12,power,6,65,Shriners Children's Charleston Classic
2024,2023-11-17,2023-11-13,401574576,reg,0,0,222,Villanova Wildcats,Big East,high,21,57,120,Maryland Terrapins,Big Ten,power,0,40,Gavitt Tipoff Games
2024,2023-11-17,2023-11-13,401574577,reg,0,0,127,Michigan State Spartans,Big Ten,power,18,74,2086,Butler Bulldogs,Big East,high,0,54,Gavitt Tipoff Games
2024,2023-11-17,2023-11-13,401575512,reg,0,0,245,Texas A&M Aggies,SEC,power,13,74,198,Oral Roberts Golden Eagles,Summit,mid,0,66,
2024,2023-11-17,2023-11-13,401576150,reg,0,0,150,Duke Blue Devils,ACC,power,9,90,2083,Bucknell Bison,Patriot,mid,0,60,Blue Devil Challenge
2024,2023-11-17,2023-11-13,401581515,reg,1,0,2390,Miami Hurricanes,ACC,power,12,79,61,Georgia Bulldogs,SEC,power,0,68,Baha Mar Hoops - Bahamas Championshp
2024,2023-11-17,2023-11-13,401581548,reg,1,0,254,Utah Utes,Pac-12,power,0,66,248,Houston Cougars,Big 12,power,6,76,Shriners Children's Charleston Classic
2024,2023-11-17,2023-11-13,401581837,reg,0,0,256,James Madison Dukes,Sun Belt,mid,24,76,2515,Radford Highlanders,Big South,mid,0,73,Cancun Challenge - Campus Game
2024,2023-11-17,2023-11-13,401583598,reg,0,0,153,North Carolina Tar Heels,ACC,power,20,77,27,UC Riverside Highlanders,Big West,mid,0,52,
2024,2023-11-17,2023-11-13,401584512,reg,0,0,356,Illinois Fighting Illini,Big Ten,power,23,87,2674,Valparaiso Beacons,MVC,mid,0,64,
2024,2023-11-17,2023-11-13,401588944,reg,0,0,96,Kentucky Wildcats,SEC,power,17,101,284,Stonehill Skyhawks,NEC,mid,0,67,Wildcat Challenge
2024,2023-11-17,2023-11-13,401591432,reg,0,0,333,Alabama Crimson Tide,SEC,power,22,98,2382,Mercer Bears,SoCon,mid,0,67,Emerald Coast Classic - Campus Game
2024,2023-11-17,2023-11-13,401594526,reg,0,0,8,Arkansas Razorbacks,SEC,power,14,72,2430,UNC Greensboro Spartans,SoCon,mid,0,78,
2024,2023-11-17,2023-11-13,401607319,reg,0,0,12,Arizona Wildcats,Pac-12,power,3,100,2057,Belmont Bruins,MVC,mid,0,68,
2024,2023-11-18,2023-11-13,401577593,reg,0,0,156,Creighton Bluejays,Big East,high,8,82,2640,Texas Southern Tigers,SWAC,mid,0,50,
2024,2023-11-18,2023-11-13,401600915,reg,0,0,2226,Florida Atlantic Owls,American,high,10,52,2803,Bryant Bulldogs,Am. East,mid,0,61,
2024,2023-11-19,2023-11-13,401577659,reg,0,0,30,USC Trojans,Pac-12,power,16,81,225,Brown Bears,Ivy,mid,0,70,
2024,2023-11-19,2023-11-13,401581517,reg,1,0,2390,Miami Hurricanes,ACC,power,12,91,2306,Kansas State Wildcats,Big 12,power,0,83,Baha Mar Hoops - Bahamas Championshp
2024,2023-11-19,2023-11-13,401581549,reg,1,0,248,Houston Cougars,Big 12,power,6,69,2168,Dayton Flyers,A-10,high,0,55,Shriners Children's Charleston Classic
2024,2023-11-19,2023-11-13,401584513,reg,0,0,356,Illinois Fighting Illini,Big Ten,power,23,88,2582,Southern Jaguars,SWAC,mid,0,60,
2024,2023-11-19,2023-11-13,401591374,reg,1,0,84,Indiana Hoosiers,Big Ten,power,0,57,41,UConn Huskies,Big East,high,5,77,Saatva Empire Classic
2024,2023-11-19,2023-11-13,401591375,reg,1,0,97,Louisville Cardinals,ACC,power,0,80,251,Texas Longhorns,Big 12,power,19,81,Saatva Empire Classic
2024,2023-11-19,2023-11-13,401592370,reg,0,0,127,Michigan State Spartans,Big Ten,power,18,81,2016,Alcorn State Braves,SWAC,mid,0,49,Acrisure Invitational
2024,2023-11-19,2023-11-13,401600257,reg,0,0,12,Arizona Wildcats,Pac-12,power,3,101,250,UT Arlington Mavericks,WAC,mid,0,56,Acrisure Invitational
2024,2023-11-20,2023-11-20,401575429,reg,1,0,258,Virginia Cavaliers,ACC,power,24,41,275,Wisconsin Badgers,Big Ten,power,0,65,Fort Myers Tip-Off - Beach Division
2024,2023-11-20,2023-11-20,401575873,reg,1,0,183,Syracuse Orange,ACC,power,0,56,2633,Tennessee Volunteers,SEC,power,7,73,Allstate Maui Invitational
2024,2023-11-20,2023-11-20,401575874,reg,1,0,2250,Gonzaga Bulldogs,WCC,high,11,63,2509,Purdue Boilermakers,Big Ten,power,2,73,Allstate Maui Invitational
2024,2023-11-20,2023-11-20,401575875,reg,1,0,2124,Chaminade Silverswords,,,0,56,2305,Kansas Jayhawks,Big 12,power,1,83,Allstate Maui Invitational
2024,2023-11-20,2023-11-20,401575876,reg,1,0,269,Marquette Golden Eagles,Big East,high,4,71,26,UCLA Bruins,Pac-12,power,0,69,Allstate Maui Invitational
2024,2023-11-20,2023-11-20,401577544,reg,0,0,96,Kentucky Wildcats,SEC,power,16,96,2603,Saint Joseph's Hawks,A-10,high,0,88,Wildcat Challenge
2024,2023-11-20,2023-11-20,401593791,reg,1,0,257,Richmond Spiders,A-10,high,0,59,38,Colorado Buffaloes,Pac-12,power,18,64,Sunshine Slam
2024,2023-11-20,2023-11-20,401601491,reg,1,0,251,Texas Longhorns,Big 12,power,15,71,41,UConn Huskies,Big East,high,5,81,Saatva Empire Classic
2024,2023-11-21,2023-11-20,401576151,reg,0,0,150,Duke Blue Devils,ACC,power,9,95,2325,La Salle Explorers,A-10,high,0,66,Blue Devil Challenge
2024,2023-11-21,2023-11-20,401581594,reg,1,0,2509,Purdue Boilermakers,Big Ten,power,2,71,2633,Tennessee Volunteers,SEC,power,7,67,Allstate Maui Invitational
2024,2023-11-21,2023-11-20,401581595,reg,1,0,269,Marquette Golden Eagles,Big East,high,4,73,2305,Kansas Jayhawks,Big 12,power,1,59,Allstate Maui Invitational
2024,2023-11-21,2023-11-20,401581596,reg,1,0,2250,Gonzaga Bulldogs,WCC,high,11,76,183,Syracuse Orange,ACC,power,0,57,Allstate Maui Invitational
2024,2023-11-21,2023-11-20,401581838,reg,1,0,79,Southern Illinois Salukis,MVC,mid,0,76,256,James Madison Dukes,Sun Belt,mid,22,82,Cancun Challenge - Riviera Division
2024,2023-11-21,2023-11-20,401603138,reg,1,0,38,Colorado Buffaloes,Pac-12,power,18,71,52,Florida State Seminoles,ACC,power,0,77,Sunshine Slam
2024,2023-11-22,2023-11-20,401577594,reg,1,0,156,Creighton Bluejays,Big East,high,8,88,2350,Loyola Chicago Ramblers,A-10,high,0,65,Hall of Fame Classic
2024,2023-11-22,2023-11-20,401580922,reg,1,0,153,North Carolina Tar Heels,ACC,power,14,91,2460,Northern Iowa Panthers,MVC,mid,0,69,Bad Boy Mowers Battle 4 Atlantis
2024,2023-11-22,2023-11-20,401580925,reg,1,0,8,Arkansas Razorbacks,SEC,power,20,77,24,Stanford Cardinal,Pac-12,power,0,74,Bad Boy Mowers Battle 4 Atlantis
2024,2023-11-22,2023-11-20,401581598,reg,1,0,269,Marquette Golden Eagles,Big East,high,4,75,2509,Purdue Boilermakers,Big Ten,power,2,78,Allstate Maui Invitational
2024,2023-11-22,2023-11-20,401581599,reg,1,0,2305,Kansas Jayhawks,Big 12,power,1,69,2633,Tennessee Volunteers,SEC,power,7,60,Allstate Maui Invitational
2024,2023-11-22,2023-11-20,401581600,reg,1,0,26,UCLA Bruins,Pac-12,power,0,65,2250,Gonzaga Bulldogs,WCC,high,11,69,Allstate Maui Invitational
2024,2023-11-22,2023-11-20,401581799,reg,1,0,204,Oregon State Beavers,Pac-12,power,0,72,239,Baylor Bears,Big 12,power,13,88,NIT Season Tip-Off
2024,2023-11-22,2023-11-20,401601497,reg,1,0,278,Fresno State Bulldogs,Mountain West,high,0,64,256,James Madison Dukes,Sun Belt,mid,22,95,Cancun Challenge - Riviera Division
2024,2023-11-22,2023-11-20,401603134,reg,1,0,258,Virginia Cavaliers,ACC,power,24,56,277,West Virginia Mountaineers,Big 12,power,0,54,Fort Myers Tip-Off - Beach Division
2024,2023-11-23,2023-11-20,401581165,reg,1,0,2086,Butler Bulldogs,Big East,high,0,86,2226,Florida Atlantic Owls,American,high,19,91,ESPN Events Invitational
2024,2023-11-23,2023-11-20,401581334,reg,1,0,245,Texas A&M Aggies,SEC,power,12,89,213,Penn State Nittany Lions,Big Ten,power,0,77,ESPN Events Invitational
2024,2023-11-23,2023-11-20,401581520,reg,1,0,153,North Carolina Tar Heels,ACC,power,14,81,222,Villanova Wildcats,Big East,high,0,83,Bad Boy Mowers Battle 4 Atlantis
2024,2023-11-23,2023-11-20,401581521,reg,1,0,235,Memphis Tigers,American,high,0,84,8,Arkansas Razorbacks,SEC,power,20,79,Bad Boy Mowers Battle 4 Atlantis
2024,2023-11-23,2023-11-20,401581586,reg,1,0,156,Creighton Bluejays,Big East,high,8,48,36,Colorado State Rams,Mountain West,high,0,69,Hall of Fame Classic
2024,2023-11-23,2023-11-20,401586850,reg,1,0,30,USC Trojans,Pac-12,power,23,71,2550,Seton Hall Pirates,Big East,high,0,63,Rady Children's Invitational
2024,2023-11-23,2023-11-20,401592391,reg,1,0,12,Arizona Wildcats,Pac-12,power,3,74,127,Michigan State Spartans,Big Ten,power,21,68,Acrisure Classic
2024,2023-11-24,2023-11-20,401575437,reg,0,0,248,Houston Cougars,Big 12,power,6,79,149,Montana Grizzlies,Big Sky,mid,0,44,
2024,2023-11-24,2023-11-20,401576152,reg,0,0,150,Duke Blue Devils,ACC,power,9,80,88,Southern Indiana Screaming Eagles,OVC,mid,0,62,Blue Devil Challenge
2024,2023-11-24,2023-11-20,401577636,reg,1,0,194,Ohio State Buckeyes,Big Ten,power,0,92,333,Alabama Crimson Tide,SEC,power,17,81,Emerald Coast Classic
2024,2023-11-24,2023-11-20,401581524,reg,1,0,153,North Carolina Tar Heels,ACC,power,14,87,8,Arkansas Razorbacks,SEC,power,20,72,Bad Boy Mowers Battle 4 Atlantis
2024,2023-11-24,2023-11-20,401581565,reg,1,0,2226,Florida Atlantic Owls,American,high,19,96,245,Texas A&M Aggies,SEC,power,12,89,ESPN Events Invitational
2024,2023-11-24,2023-11-20,401581847,reg,0,0,96,Kentucky Wildcats,SEC,power,16,118,276,Marshall Thundering Herd,Sun Belt,mid,0,82,
2024,2023-11-24,2023-11-20,401582118,reg,1,0,57,Florida Gators,SEC,power,0,91,239,Baylor Bears,Big 12,power,13,95,Novavax NIT Season Tip-Off
2024,2023-11-24,2023-11-20,401586851,reg,1,0,30,USC Trojans,Pac-12,power,23,70,201,Oklahoma Sooners,Big 12,power,0,72,Rady Children's Invitational
2024,2023-11-24,2023-11-20,401591370,reg,0,0,41,UConn Huskies,Big East,high,5,90,2363,Manhattan Jaspers,MAAC,mid,0,60,
2024,2023-11-24,2023-11-20,401606613,reg,0,0,344,Mississippi State Bulldogs,SEC,power,25,74,2447,Nicholls Colonels,Southland,mid,0,61,
2024,2023-11-25,2023-11-20,401582161,reg,1,0,2483,Oregon Ducks,Pac-12,power,0,91,333,Alabama Crimson Tide,SEC,power,17,99,Emerald Coast Classic
2024,2023-11-26,2023-11-20,401581569,reg,1,0,259,Virginia Tech Hokies,ACC,power,0,50,2226,Florida Atlantic Owls,American,high,19,84,ESPN Events Invitational
2024,2023-11-26,2023-11-20,401581570,reg,1,0,66,Iowa State Cyclones,Big 12,power,0,69,245,Texas A&M Aggies,SEC,power,12,73,ESPN Events Invitational
2024,2023-11-26,2023-11-20,401581759,reg,0,0,38,Colorado Buffaloes,Pac-12,power,18,85,314,Iona Gaels,MAAC,mid,0,68,
2024,2023-11-26,2023-11-20,401583727,reg,0,0,251,Texas Longhorns,Big 12,power,15,86,2751,Wyoming Cowboys,Mountain West,high,0,63,
2024,2023-11-27,2023-11-27,401591371,reg,0,0,41,UConn Huskies,Big East,high,4,84,160,New Hampshire Wildcats,Am. East,mid,0,64,
2024,2023-11-28,2023-11-27,401574547,reg,0,0,59,Georgia Tech Yellow Jackets,ACC,power,0,67,344,Mississippi State Bulldogs,SEC,power,21,59,ACC/SEC Challenge presented by Continental Tire
2024,2023-11-28,2023-11-27,401574549,reg,0,0,96,Kentucky Wildcats,SEC,power,12,95,2390,Miami Hurricanes,ACC,power,8,73,ACC/SEC Challenge presented by Continental Tire
2024,2023-11-28,2023-11-27,401574551,reg,0,0,333,Alabama Crimson Tide,SEC,power,23,77,228,Clemson Tigers,ACC,power,0,85,ACC/SEC Challenge presented by Continental Tire
2024,2023-11-28,2023-11-27,401575454,reg,0,0,2305,Kansas Jayhawks,Big 12,power,5,71,2197,Eastern Illinois Panthers,OVC,mid,0,63,
2024,2023-11-28,2023-11-27,401577600,reg,0,0,269,Marquette Golden Eagles,Big East,high,3,93,2582,Southern Jaguars,SWAC,mid,0,56,
2024,2023-11-28,2023-11-27,401577642,reg,0,0,2509,Purdue Boilermakers,Big Ten,power,1,99,2640,Texas Southern Tigers,SWAC,mid,0,67,
2024,2023-11-28,2023-11-27,401584438,reg,0,0,239,Baylor Bears,Big 12,power,9,108,2447,Nicholls Colonels,Southland,mid,0,70,
2024,2023-11-28,2023-11-27,401600064,reg,0,0,2250,Gonzaga Bulldogs,WCC,high,11,81,2934,Cal State Bakersfield Roadrunners,Big West,mid,0,65,
2024,2023-11-29,2023-11-27,401574552,reg,0,0,153,North Carolina Tar Heels,ACC,power,17,100,2633,Tennessee Volunteers,SEC,power,10,92,ACC/SEC Challenge presented by Continental Tire
2024,2023-11-29,2023-11-27,401574553,reg,0,0,258,Virginia Cavaliers,ACC,power,0,59,245,Texas A&M Aggies,SEC,power,14,47,ACC/SEC Challenge presented by Continental Tire
2024,2023-11-29,2023-11-27,401574555,reg,0,0,8,Arkansas Razorbacks,SEC,power,0,80,150,Duke Blue Devils,ACC,power,7,75,ACC/SEC Challenge presented by Continental Tire
2024,2023-11-29,2023-11-27,401577546,reg,0,0,222,Villanova Wildcats,Big East,high,18,65,2603,Saint Joseph's Hawks,A-10,high,0,78,Big 5 Classic
2024,2023-11-29,2023-11-27,401581839,reg,0,0,256,James Madison Dukes,Sun Belt,mid,22,81,2084,Buffalo Bulls,MAC,mid,0,66,
2024,2023-11-29,2023-11-27,401594481,reg,0,0,36,Colorado State Rams,Mountain West,high,20,88,38,Colorado Buffaloes,Pac-12,power,0,83,
2024,2023-11-30,2023-11-27,401574560,reg,0,0,197,Oklahoma State Cowboys,Big 12,power,0,65,156,Creighton Bluejays,Big East,high,15,79,Big East-Big 12 Battle
2024,2023-11-30,2023-11-27,401583728,reg,0,0,251,Texas Longhorns,Big 12,power,16,77,326,Texas State Bobcats,Sun Belt,mid,0,58,
2024,2023-11-30,2023-11-27,401584353,reg,0,0,201,Oklahoma Sooners,Big 12,power,25,107,2029,Arkansas-Pine Bluff Golden Lions,SWAC,mid,0,86,
2024,2023-11-30,2023-11-27,401584372,reg,0,0,2226,Florida Atlantic Owls,American,high,13,83,2335,Liberty Flames,CUSA,mid,0,58,Field of 68 Tip-Off
2024,2023-12-01,2023-11-27,401574562,reg,0,0,2752,Xavier Musketeers,Big East,high,0,60,248,Houston Cougars,Big 12,power,6,66,Big East-Big 12 Battle
2024,2023-12-01,2023-11-27,401574563,reg,0,0,2305,Kansas Jayhawks,Big 12,power,5,69,41,UConn Huskies,Big East,high,4,65,Big East-Big 12 Battle
2024,2023-12-01,2023-11-27,401593953,reg,1,0,252,BYU Cougars,Big 12,power,19,85,278,Fresno State Bulldogs,Mountain West,high,0,56,
2024,2023-12-01,2023-11-27,401600295,reg,0,1,77,Northwestern Wildcats,Big Ten,power,0,92,2509,Purdue Boilermakers,Big Ten,power,1,88,
2024,2023-12-02,2023-11-27,401577601,reg,0,0,275,Wisconsin Badgers,Big Ten,power,0,75,269,Marquette Golden Eagles,Big East,high,3,64,
2024,2023-12-02,2023-11-27,401577651,reg,0,0,2226,Florida Atlantic Owls,American,high,13,90,232,Charleston Cougars,CAA,mid,0,74,Field of 68 Tip-Off
2024,2023-12-02,2023-11-27,401581778,reg,1,0,36,Colorado State Rams,Mountain West,high,20,86,264,Washington Huskies,Pac-12,power,0,81,Legends of Basketball Las Vegas Invitational
2024,2023-12-02,2023-11-27,401588945,reg,0,0,96,Kentucky Wildcats,SEC,power,12,73,350,UNC Wilmington Seahawks,CAA,mid,0,80,
2024,2023-12-02,2023-11-27,401598634,reg,0,0,12,Arizona Wildcats,Pac-12,power,2,82,2142,Colgate Raiders,Patriot,mid,0,55,
2024,2023-12-02,2023-11-27,401600296,reg,0,1,164,Rutgers Scarlet Knights,Big Ten,power,0,58,356,Illinois Fighting Illini,Big Ten,power,24,76,
2024,2023-12-02,2023-11-27,401602358,reg,0,0,239,Baylor Bears,Big 12,power,9,91,2466,Northwestern State Demons,Southland,mid,0,40,
2024,2023-12-02,2023-11-27,401603832,reg,1,0,30,USC Trojans,Pac-12,power,0,76,2250,Gonzaga Bulldogs,WCC,high,11,89,Legends of Basketball Las Vegas Invitational
2024,2023-12-02,2023-11-27,401604090,reg,0,1,59,Georgia Tech Yellow Jackets,ACC,power,0,72,150,Duke Blue Devils,ACC,power,7,68,
2024,2023-12-02,2023-11-27,401604091,reg,0,1,2390,Miami Hurricanes,ACC,power,8,62,87,Notre Dame Fighting Irish,ACC,power,0,49,
2024,2023-12-02,2023-11-27,401604092,reg,0,1,153,North Carolina Tar Heels,ACC,power,17,78,52,Florida State Seminoles,ACC,power,0,70,
2024,2023-12-02,2023-11-27,401604303,reg,1,0,222,Villanova Wildcats,Big East,high,18,55,2182,Drexel Dragons,CAA,mid,0,57,Big 5 Classic
2024,2023-12-03,2023-11-27,401574837,reg,0,0,158,Nebraska Cornhuskers,Big Ten,power,0,60,156,Creighton Bluejays,Big East,high,15,89,
2024,2023-12-03,2023-11-27,401581840,reg,0,0,256,James Madison Dukes,Sun Belt,mid,22,130,108860,Keystone,,,0,59,
2024,2023-12-03,2023-11-27,401597984,reg,0,0,344,Mississippi State Bulldogs,SEC,power,21,59,2582,Southern Jaguars,SWAC,mid,0,60,
2024,2023-12-04,2023-12-04,401600298,reg,0,1,2509,Purdue Boilermakers,Big Ten,power,4,87,2294,Iowa Hawkeyes,Big Ten,power,0,68,
2024,2023-12-05,2023-12-04,401574567,reg,0,0,201,Oklahoma Sooners,Big 12,power,19,72,2507,Providence Friars,Big East,high,0,51,Big East-Big 12 Battle
2024,2023-12-05,2023-12-04,401574569,reg,0,0,239,Baylor Bears,Big 12,power,6,78,2550,Seton Hall Pirates,Big East,high,0,60,Big East-Big 12 Battle
2024,2023-12-05,2023-12-04,401575455,reg,0,0,2305,Kansas Jayhawks,Big 12,power,2,88,140,Kansas City Roos,Summit,mid,0,69,
2024,2023-12-05,2023-12-04,401575520,reg,0,0,2633,Tennessee Volunteers,SEC,power,17,87,2244,George Mason Patriots,A-10,high,0,66,
2024,2023-12-05,2023-12-04,401580309,reg,1,0,41,UConn Huskies,Big East,high,5,87,153,North Carolina Tar Heels,ACC,power,9,76,Jimmy V Classic presented by Corona
2024,2023-12-05,2023-12-04,401580310,reg,1,0,356,Illinois Fighting Illini,Big Ten,power,20,98,2226,Florida Atlantic Owls,American,high,11,89,Jimmy V Classic presented by Corona
2024,2023-12-05,2023-12-04,401584446,reg,0,0,2253,Grand Canyon Lopes,WAC,mid,0,79,21,San Diego State Aztecs,Mountain West,high,25,73,
2024,2023-12-05,2023-12-04,401587218,reg,0,0,252,BYU Cougars,Big 12,power,14,96,339,Evansville Purple Aces,MVC,mid,0,55,
2024,2023-12-05,2023-12-04,401600300,reg,0,1,127,Michigan State Spartans,Big Ten,power,0,57,275,Wisconsin Badgers,Big Ten,power,23,70,
2024,2023-12-05,2023-12-04,401604758,reg,0,0,2250,Gonzaga Bulldogs,WCC,high,7,111,2029,Arkansas-Pine Bluff Golden Lions,SWAC,mid,0,71,
2024,2023-12-06,2023-12-04,401574566,reg,0,0,269,Marquette Golden Eagles,Big East,high,8,86,251,Texas Longhorns,Big 12,power,12,65,Big East-Big 12 Battle
2024,2023-12-06,2023-12-04,401575438,reg,0,0,248,Houston Cougars,Big 12,power,3,75,242,Rice Owls,American,high,0,39,
2024,2023-12-06,2023-12-04,401575513,reg,0,0,245,Texas A&M Aggies,SEC,power,21,89,305,DePaul Blue Demons,Big East,high,0,64,
2024,2023-12-06,2023-12-04,401576639,reg,0,0,2390,Miami Hurricanes,ACC,power,15,97,112358,Long Island University Sharks,NEC,mid,0,49,
2024,2023-12-06,2023-12-04,401583763,reg,0,0,228,Clemson Tigers,ACC,power,24,72,2579,South Carolina Gamecocks,SEC,power,0,67,
2024,2023-12-06,2023-12-04,401594596,reg,0,0,36,Colorado State Rams,Mountain West,high,13,90,2172,Denver Pioneers,Summit,mid,0,80,
2024,2023-12-09,2023-12-04,401575439,reg,0,0,248,Houston Cougars,Big 12,power,3,89,2296,Jackson State Tigers,SWAC,mid,0,55,
2024,2023-12-09,2023-12-04,401575456,reg,0,0,2305,Kansas Jayhawks,Big 12,power,2,73,142,Missouri Tigers,SEC,power,0,64,
2024,2023-12-09,2023-12-04,401575521,reg,0,0,2633,Tennessee Volunteers,SEC,power,17,86,356,Illinois Fighting Illini,Big Ten,power,20,79,
2024,2023-12-09,2023-12-04,401576153,reg,0,0,150,Duke Blue Devils,ACC,power,22,80,2429,Charlotte 49ers,American,high,0,56,
2024,2023-12-09,2023-12-04,401577595,reg,0,0,156,Creighton Bluejays,Big East,high,10,109,2117,Central Michigan Chippewas,MAC,mid,0,64,
2024,2023-12-09,2023-12-04,401577603,reg,0,0,269,Marquette Golden Eagles,Big East,high,8,78,87,Notre Dame Fighting Irish,ACC,power,0,59,
2024,2023-12-09,2023-12-04,401577643,reg,1,0,2509,Purdue Boilermakers,Big Ten,power,4,92,333,Alabama Crimson Tide,SEC,power,0,86,Hall of Fame Series - Toronto
2024,2023-12-09,2023-12-04,401578015,reg,1,0,228,Clemson Tigers,ACC,power,24,74,2628,TCU Horned Frogs,Big 12,power,0,66,Hall of Fame Series - Toronto
2024,2023-12-09,2023-12-04,401581779,reg,0,0,264,Washington Huskies,Pac-12,power,0,78,2250,Gonzaga Bulldogs,WCC,high,7,73,
2024,2023-12-09,2023-12-04,401581841,reg,0,1,295,Old Dominion Monarchs,Sun Belt,mid,0,69,256,James Madison Dukes,Sun Belt,mid,18,84,
2024,2023-12-09,2023-12-04,401583729,reg,0,0,251,Texas Longhorns,Big 12,power,12,77,2277,Houston Christian Huskies,Southland,mid,0,50,
2024,2023-12-09,2023-12-04,401584354,reg,1,0,201,Oklahoma Sooners,Big 12,power,19,79,8,Arkansas Razorbacks,SEC,power,0,70,
2024,2023-12-09,2023-12-04,401584414,reg,0,0,12,Arizona Wildcats,Pac-12,power,1,98,275,Wisconsin Badgers,Big Ten,power,23,73,
2024,2023-12-09,2023-12-04,401588946,reg,1,0,96,Kentucky Wildcats,SEC,power,16,81,219,Pennsylvania Quakers,Ivy,mid,0,66,Malone's Classic
2024,2023-12-09,2023-12-04,401591372,reg,0,0,41,UConn Huskies,Big East,high,5,101,2029,Arkansas-Pine Bluff Golden Lions,SWAC,mid,0,63,
2024,2023-12-09,2023-12-04,401593954,reg,0,0,254,Utah Utes,Pac-12,power,0,73,252,BYU Cougars,Big 12,power,14,69,
2024,2023-12-09,2023-12-04,401595310,reg,0,0,36,Colorado State Rams,Mountain West,high,13,61,2608,Saint Mary's Gaels,WCC,high,0,64,
2024,2023-12-09,2023-12-04,401597932,reg,0,0,21,San Diego State Aztecs,Mountain West,high,25,63,300,UC Irvine Anteaters,Big West,mid,0,62,
2024,2023-12-10,2023-12-04,401575514,reg,0,0,245,Texas A&M Aggies,SEC,power,21,75,235,Memphis Tigers,American,high,0,81,
2024,2023-12-10,2023-12-04,401583792,reg,1,0,2390,Miami Hurricanes,ACC,power,15,63,38,Colorado Buffaloes,Pac-12,power,0,90,NABC Brooklyn Showcase
2024,2023-12-11,2023-12-11,401606990,reg,0,0,2250,Gonzaga Bulldogs,WCC,high,10,78,2400,Mississippi Valley State Delta Devils,SWAC,mid,0,40,
2024,2023-12-12,2023-12-11,401575522,reg,0,0,2633,Tennessee Volunteers,SEC,power,12,74,290,Georgia Southern Eagles,Sun Belt,mid,0,56,
2024,2023-12-12,2023-12-11,401576154,reg,0,0,150,Duke Blue Devils,ACC,power,21,89,2275,Hofstra Pride,CAA,mid,0,68,
2024,2023-12-13,2023-12-11,401577596,reg,1,0,2439,UNLV Rebels,Mountain West,high,0,79,156,Creighton Bluejays,Big East,high,8,64,Jack Jones Classic
2024,2023-12-13,2023-12-11,401581722,reg,0,0,77,Northwestern Wildcats,Big Ten,power,25,73,2130,Chicago State Cougars,,,0,75,
2024,2023-12-13,2023-12-11,401593955,reg,0,0,252,BYU Cougars,Big 12,power,18,90,2172,Denver Pioneers,Summit,mid,0,74,
2024,2023-12-13,2023-12-11,401608783,reg,0,0,2226,Florida Atlantic Owls,American,high,15,94,2229,Florida International Panthers,CUSA,mid,0,60,
2024,2023-12-14,2023-12-11,401577604,reg,0,0,269,Marquette Golden Eagles,Big East,high,7,84,2900,St. Thomas-Minnesota Tommies,Summit,mid,0,79,
2024,2023-12-14,2023-12-11,401584415,reg,0,0,275,Wisconsin Badgers,Big Ten,power,23,75,55,Jacksonville State Gamecocks,CUSA,mid,0,60,
2024,2023-12-15,2023-12-11,401591373,reg,1,0,2250,Gonzaga Bulldogs,WCC,high,10,63,41,UConn Huskies,Big East,high,5,76,Continental Tire Seattle Tip-Off
2024,2023-12-16,2023-12-11,401575423,reg,1,0,179,St. Bonaventure Bonnies,A-10,high,0,54,2226,Florida Atlantic Owls,American,high,15,64,Basketball Hall of Fame Classic
2024,2023-12-16,2023-12-11,401575431,reg,0,0,258,Virginia Cavaliers,ACC,power,22,56,111,Northeastern Huskies,CAA,mid,0,54,
2024,2023-12-16,2023-12-11,401575440,reg,1,0,248,Houston Cougars,Big 12,power,4,70,245,Texas A&M Aggies,SEC,power,0,66,The Halal Guys Showcase
2024,2023-12-16,2023-12-11,401575457,reg,0,0,84,Indiana Hoosiers,Big Ten,power,0,71,2305,Kansas Jayhawks,Big 12,power,2,75,
2024,2023-12-16,2023-12-11,401575523,reg,1,0,2633,Tennessee Volunteers,SEC,power,12,79,152,NC State Wolfpack,ACC,power,0,70,Hall of Fame Series - San Antonio
2024,2023-12-16,2023-12-11,401577597,reg,0,0,156,Creighton Bluejays,Big East,high,8,85,333,Alabama Crimson Tide,SEC,power,0,82,
2024,2023-12-16,2023-12-11,401577644,reg,1,0,2509,Purdue Boilermakers,Big Ten,power,3,92,12,Arizona Wildcats,Pac-12,power,1,84,Indy Classic
2024,2023-12-16,2023-12-11,401581147,reg,1,0,96,Kentucky Wildcats,SEC,power,14,87,153,North Carolina Tar Heels,ACC,power,9,83,CBS Sports Classic
2024,2023-12-16,2023-12-11,401581723,reg,0,0,305,DePaul Blue Demons,Big East,high,0,46,77,Northwestern Wildcats,Big Ten,power,25,56,
2024,2023-12-16,2023-12-11,401581842,reg,0,0,2261,Hampton Pirates,CAA,mid,0,71,256,James Madison Dukes,Sun Belt,mid,20,88,
2024,2023-12-16,2023-12-11,401583604,reg,0,0,235,Memphis Tigers,American,high,0,79,228,Clemson Tigers,ACC,power,13,77,
2024,2023-12-16,2023-12-11,401583730,reg,1,0,251,Texas Longhorns,Big 12,power,19,96,99,LSU Tigers,SEC,power,0,85,The Halal Guys Showcase
2024,2023-12-16,2023-12-11,401584355,reg,0,0,201,Oklahoma Sooners,Big 12,power,11,81,2739,Green Bay Phoenix,Horizon,mid,0,47,
2024,2023-12-16,2023-12-11,401588938,reg,0,0,2390,Miami Hurricanes,ACC,power,24,84,2325,La Salle Explorers,A-10,high,0,77,
2024,2023-12-16,2023-12-11,401592434,reg,1,0,127,Michigan State Spartans,Big Ten,power,0,88,239,Baylor Bears,Big 12,power,6,64,
2024,2023-12-16,2023-12-11,401593956,reg,0,0,252,BYU Cougars,Big 12,power,18,86,2247,Georgia State Panthers,Sun Belt,mid,0,54,
2024,2023-12-17,2023-12-11,401584515,reg,0,0,356,Illinois Fighting Illini,Big Ten,power,16,74,2142,Colgate Raiders,Patriot,mid,0,57,
2024,2023-12-17,2023-12-11,401595311,reg,0,0,36,Colorado State Rams,Mountain West,high,17,86,49865,CSU Pueblo Thunderwolves,,,0,54,
2024,2023-12-19,2023-12-18,401575432,reg,0,0,235,Memphis Tigers,American,high,23,77,258,Virginia Cavaliers,ACC,power,22,54,
2024,2023-12-19,2023-12-18,401581843,reg,0,0,256,James Madison Dukes,Sun Belt,mid,20,87,2154,Coppin State Eagles,MEAC,mid,0,48,
2024,2023-12-19,2023-12-18,401591573,reg,0,0,145,Ole Miss Rebels,SEC,power,25,74,2653,Troy Trojans,Sun Belt,mid,0,53,
2024,2023-12-19,2023-12-18,401599439,reg,0,1,2507,Providence Friars,Big East,high,0,72,269,Marquette Golden Eagles,Big East,high,6,57,
2024,2023-12-20,2023-12-18,401576155,reg,1,0,150,Duke Blue Devils,ACC,power,21,78,239,Baylor Bears,Big 12,power,10,70,
2024,2023-12-20,2023-12-18,401578668,reg,1,0,201,Oklahoma Sooners,Big 12,power,7,69,153,North Carolina Tar Heels,ACC,power,11,81,Jumpman Invitational presented by Novant Health
2024,2023-12-20,2023-12-18,401583819,reg,0,0,2250,Gonzaga Bulldogs,WCC,high,15,100,2296,Jackson State Tigers,SWAC,mid,0,76,
2024,2023-12-20,2023-12-18,401591434,reg,1,0,12,Arizona Wildcats,Pac-12,power,4,87,333,Alabama Crimson Tide,SEC,power,0,74,Hall of Fame Series - Phoenix
2024,2023-12-20,2023-12-18,401599440,reg,0,1,156,Creighton Bluejays,Big East,high,12,66,222,Villanova Wildcats,Big East,high,0,68,
2024,2023-12-20,2023-12-18,401599441,reg,0,1,2550,Seton Hall Pirates,Big East,high,0,75,41,UConn Huskies,Big East,high,5,60,
2024,2023-12-21,2023-12-18,401575441,reg,0,0,248,Houston Cougars,Big 12,power,3,72,326,Texas State Bobcats,Sun Belt,mid,0,37,
2024,2023-12-21,2023-12-18,401575524,reg,0,0,2633,Tennessee Volunteers,SEC,power,8,65,2627,Tarleton State Texans,WAC,mid,0,46,
2024,2023-12-21,2023-12-18,401577645,reg,0,0,2509,Purdue Boilermakers,Big Ten,power,1,100,294,Jacksonville Dolphins,ASUN,mid,0,57,
2024,2023-12-21,2023-12-18,401588941,reg,0,0,97,Louisville Cardinals,ACC,power,0,76,96,Kentucky Wildcats,SEC,power,9,95,
2024,2023-12-22,2023-12-18,401575458,reg,0,0,2305,Kansas Jayhawks,Big 12,power,2,75,43,Yale Bulldogs,Ivy,mid,0,60,
2024,2023-12-22,2023-12-18,401581844,reg,0,0,2415,Morgan State Bears,MEAC,mid,0,75,256,James Madison Dukes,Sun Belt,mid,20,89,
2024,2023-12-22,2023-12-18,401583723,reg,0,0,228,Clemson Tigers,ACC,power,18,109,2511,Queens University Royals,ASUN,mid,0,79,
2024,2023-12-22,2023-12-18,401583731,reg,0,0,251,Texas Longhorns,Big 12,power,19,71,357,Texas A&M-Corpus Christi Islanders,Southland,mid,0,55,
2024,2023-12-22,2023-12-18,401584416,reg,0,0,275,Wisconsin Badgers,Big Ten,power,24,80,2130,Chicago State Cougars,,,0,53,
2024,2023-12-22,2023-12-18,401584516,reg,1,0,356,Illinois Fighting Illini,Big Ten,power,13,97,142,Missouri Tigers,SEC,power,0,73,
2024,2023-12-22,2023-12-18,401590983,reg,0,0,2351,Loyola Marymount Lions,WCC,high,0,67,36,Colorado State Rams,Mountain West,high,16,76,
2024,2023-12-22,2023-12-18,401593957,reg,0,0,252,BYU Cougars,Big 12,power,17,101,91,Bellarmine Knights,ASUN,mid,0,59,
2024,2023-12-22,2023-12-18,401599443,reg,0,1,269,Marquette Golden Eagles,Big East,high,6,81,46,Georgetown Hoyas,Big East,high,0,51,
2024,2023-12-22,2023-12-18,401604912,reg,0,0,239,Baylor Bears,Big 12,power,10,107,2400,Mississippi Valley State Delta Devils,SWAC,mid,0,48,
2024,2023-12-23,2023-12-18,401583605,reg,0,0,235,Memphis Tigers,American,high,23,77,238,Vanderbilt Commodores,SEC,power,0,75,
2024,2023-12-23,2023-12-18,401594546,reg,1,0,145,Ole Miss Rebels,SEC,power,25,89,2572,Southern Miss Golden Eagles,Sun Belt,mid,0,72,
2024,2023-12-23,2023-12-18,401599446,reg,0,1,41,UConn Huskies,Big East,high,5,69,2599,St. John's Red Storm,Big East,high,0,65,
2024,2023-12-23,2023-12-18,401600258,reg,1,0,12,Arizona Wildcats,Pac-12,power,4,95,2226,Florida Atlantic Owls,American,high,14,96,Desert Holiday Classic
2024,2023-12-28,2023-12-25,401574420,reg,0,0,201,Oklahoma Sooners,Big 12,power,12,88,2110,Central Arkansas Bears,ASUN,mid,0,72,
2024,2023-12-29,2023-12-25,401577646,reg,0,0,2509,Purdue Boilermakers,Big Ten,power,1,80,2198,Eastern Kentucky Colonels,ASUN,mid,0,53,
2024,2023-12-29,2023-12-25,401580112,reg,0,0,96,Kentucky Wildcats,SEC,power,8,96,2287,Illinois State Redbirds,MVC,mid,0,70,
2024,2023-12-29,2023-12-25,401583599,reg,0,0,153,North Carolina Tar Heels,ACC,power,9,105,2127,Charleston Southern Buccaneers,Big South,mid,0,60,
2024,2023-12-29,2023-12-25,401583732,reg,0,0,251,Texas Longhorns,Big 12,power,21,72,2430,UNC Greensboro Spartans,SoCon,mid,0,37,
2024,2023-12-29,2023-12-25,401583764,reg,0,0,228,Clemson Tigers,ACC,power,18,93,2515,Radford Highlanders,Big South,mid,0,58,
2024,2023-12-29,2023-12-25,401584517,reg,0,0,356,Illinois Fighting Illini,Big Ten,power,11,104,161,Fairleigh Dickinson Knights,NEC,mid,0,71,
2024,2023-12-29,2023-12-25,401594653,reg,0,0,2250,Gonzaga Bulldogs,WCC,high,13,74,21,San Diego State Aztecs,Mountain West,high,0,84,
2024,2023-12-29,2023-12-25,401607355,reg,0,1,25,California Golden Bears,Pac-12,power,0,81,12,Arizona Wildcats,Pac-12,power,4,100,
2024,2023-12-29,2023-12-25,401609946,reg,0,0,36,Colorado State Rams,Mountain West,high,15,106,2001,Adams State Grizzlies,,,0,61,
2024,2023-12-30,2023-12-25,401574497,reg,0,0,150,Duke Blue Devils,ACC,power,16,106,2511,Queens University Royals,ASUN,mid,0,69,
2024,2023-12-30,2023-12-25,401575442,reg,0,0,248,Houston Cougars,Big 12,power,3,81,219,Pennsylvania Quakers,Ivy,mid,0,42,
2024,2023-12-30,2023-12-25,401575459,reg,1,0,2305,Kansas Jayhawks,Big 12,power,2,86,2724,Wichita State Shockers,American,high,0,67,
2024,2023-12-30,2023-12-25,401581667,reg,0,1,256,James Madison Dukes,Sun Belt,mid,20,82,326,Texas State Bobcats,Sun Belt,mid,0,65,
2024,2023-12-30,2023-12-25,401583606,reg,0,0,235,Memphis Tigers,American,high,19,81,2046,Austin Peay Governors,ASUN,mid,0,70,
2024,2023-12-30,2023-12-25,401593958,reg,0,0,252,BYU Cougars,Big 12,power,14,94,2751,Wyoming Cowboys,Mountain West,high,0,68,
2024,2023-12-30,2023-12-25,401599448,reg,0,1,269,Marquette Golden Eagles,Big East,high,10,72,156,Creighton Bluejays,Big East,high,22,67,
2024,2023-12-30,2023-12-25,401601144,reg,0,0,526,Florida Gulf Coast Eagles,ASUN,mid,0,72,2226,Florida Atlantic Owls,American,high,7,68,
2024,2023-12-31,2023-12-25,401583752,reg,0,0,201,Oklahoma Sooners,Big 12,power,12,72,2405,Monmouth Hawks,CAA,mid,0,56,
2024,2023-12-31,2023-12-25,401594547,reg,0,0,145,Ole Miss Rebels,SEC,power,24,95,2803,Bryant Bulldogs,Am. East,mid,0,78,
2024,2023-12-31,2023-12-25,401607360,reg,0,1,24,Stanford Cardinal,Pac-12,power,0,100,12,Arizona Wildcats,Pac-12,power,4,82,
2024,2024-01-01,2024-01-01,401583733,reg,0,0,251,Texas Longhorns,Big 12,power,20,79,250,UT Arlington Mavericks,WAC,mid,0,62,
2024,2024-01-02,2024-01-01,401575525,reg,0,0,2633,Tennessee Volunteers,SEC,power,5,87,2450,Norfolk State Spartans,MEAC,mid,0,50,
2024,2024-01-02,2024-01-01,401583801,reg,0,0,2,Auburn Tigers,SEC,power,25,88,219,Pennsylvania Quakers,Ivy,mid,0,68,
2024,2024-01-02,2024-01-01,401598580,reg,0,0,239,Baylor Bears,Big 12,power,18,98,172,Cornell Big Red,Ivy,mid,0,79,
2024,2024-01-02,2024-01-01,401599471,reg,0,1,41,UConn Huskies,Big East,high,4,85,305,DePaul Blue Demons,Big East,high,0,56,
2024,2024-01-02,2024-01-01,401600306,reg,0,1,275,Wisconsin Badgers,Big Ten,power,21,83,2294,Iowa Hawkeyes,Big Ten,power,0,72,
2024,2024-01-02,2024-01-01,401600307,reg,0,1,356,Illinois Fighting Illini,Big Ten,power,9,96,77,Northwestern Wildcats,Big Ten,power,0,66,
2024,2024-01-02,2024-01-01,401600308,reg,0,1,120,Maryland Terrapins,Big Ten,power,0,53,2509,Purdue Boilermakers,Big Ten,power,1,67,
2024,2024-01-02,2024-01-01,401602055,reg,0,1,2226,Florida Atlantic Owls,American,high,17,79,151,East Carolina Pirates,American,high,0,64,
2024,2024-01-02,2024-01-01,401604100,reg,0,1,150,Duke Blue Devils,ACC,power,14,86,183,Syracuse Orange,ACC,power,0,66,
2024,2024-01-02,2024-01-01,401604101,reg,0,1,221,Pittsburgh Panthers,ACC,power,0,57,153,North Carolina Tar Heels,ACC,power,8,70,
2024,2024-01-02,2024-01-01,401606629,reg,0,1,36,Colorado State Rams,Mountain West,high,13,76,167,New Mexico Lobos,Mountain West,high,0,68,
2024,2024-01-03,2024-01-01,401599472,reg,0,1,2507,Providence Friars,Big East,high,23,57,2550,Seton Hall Pirates,Big East,high,0,61,
2024,2024-01-03,2024-01-01,401604103,reg,0,1,2390,Miami Hurricanes,ACC,power,0,95,228,Clemson Tigers,ACC,power,16,82,
2024,2024-01-04,2024-01-01,401581668,reg,0,1,309,Louisiana Ragin' Cajuns,Sun Belt,mid,0,61,256,James Madison Dukes,Sun Belt,mid,19,68,
2024,2024-01-04,2024-01-01,401589664,reg,0,1,2250,Gonzaga Bulldogs,WCC,high,24,86,2492,Pepperdine Waves,WCC,high,0,60,
2024,2024-01-04,2024-01-01,401602060,reg,0,1,202,Tulsa Golden Hurricane,American,high,0,75,235,Memphis Tigers,American,high,15,78,
2024,2024-01-04,2024-01-01,401607366,reg,0,1,12,Arizona Wildcats,Pac-12,power,10,97,38,Colorado Buffaloes,Pac-12,power,0,50,
2024,2024-01-05,2024-01-01,401599474,reg,0,1,2086,Butler Bulldogs,Big East,high,0,81,41,UConn Huskies,Big East,high,4,88,
2024,2024-01-05,2024-01-01,401600313,reg,0,1,2509,Purdue Boilermakers,Big Ten,power,1,83,356,Illinois Fighting Illini,Big Ten,power,9,78,
2024,2024-01-06,2024-01-01,401581669,reg,0,1,2572,Southern Miss Golden Eagles,Sun Belt,mid,0,81,256,James Madison Dukes,Sun Belt,mid,19,71,
2024,2024-01-06,2024-01-01,401589667,reg,0,1,2250,Gonzaga Bulldogs,WCC,high,24,101,301,San Diego Toreros,WCC,high,0,74,
2024,2024-01-06,2024-01-01,401597109,reg,0,1,57,Florida Gators,SEC,power,0,85,96,Kentucky Wildcats,SEC,power,6,87,
2024,2024-01-06,2024-01-01,401597110,reg,0,1,2633,Tennessee Volunteers,SEC,power,5,90,145,Ole Miss Rebels,SEC,power,22,64,
2024,2024-01-06,2024-01-01,401597113,reg,0,1,8,Arkansas Razorbacks,SEC,power,0,51,2,Auburn Tigers,SEC,power,25,83,
2024,2024-01-06,2024-01-01,401599475,reg,0,1,156,Creighton Bluejays,Big East,high,0,69,2507,Providence Friars,Big East,high,23,60,
2024,2024-01-06,2024-01-01,401599477,reg,0,1,2550,Seton Hall Pirates,Big East,high,0,78,269,Marquette Golden Eagles,Big East,high,7,75,
2024,2024-01-06,2024-01-01,401600314,reg,0,1,275,Wisconsin Badgers,Big Ten,power,21,88,158,Nebraska Cornhuskers,Big Ten,power,0,72,
2024,2024-01-06,2024-01-01,401600793,reg,0,1,328,Utah State Aggies,Mountain West,high,0,77,36,Colorado State Rams,Mountain West,high,13,72,
2024,2024-01-06,2024-01-01,401602062,reg,0,1,2429,Charlotte 49ers,American,high,0,70,2226,Florida Atlantic Owls,American,high,17,68,
2024,2024-01-06,2024-01-01,401603398,reg,0,1,252,BYU Cougars,Big 12,power,12,60,2132,Cincinnati Bearcats,Big 12,power,0,71,
2024,2024-01-06,2024-01-01,401603399,reg,0,1,248,Houston Cougars,Big 12,power,3,89,277,West Virginia Mountaineers,Big 12,power,0,55,
2024,2024-01-06,2024-01-01,401603400,reg,0,1,2305,Kansas Jayhawks,Big 12,power,2,83,2628,TCU Horned Frogs,Big 12,power,0,81,
2024,2024-01-06,2024-01-01,401603402,reg,0,1,201,Oklahoma Sooners,Big 12,power,11,71,66,Iowa State Cyclones,Big 12,power,0,63,
2024,2024-01-06,2024-01-01,401603403,reg,0,1,197,Oklahoma State Cowboys,Big 12,power,0,70,239,Baylor Bears,Big 12,power,18,75,
2024,2024-01-06,2024-01-01,401603404,reg,0,1,251,Texas Longhorns,Big 12,power,20,67,2641,Texas Tech Red Raiders,Big 12,power,0,78,
2024,2024-01-06,2024-01-01,401604106,reg,0,1,228,Clemson Tigers,ACC,power,16,55,153,North Carolina Tar Heels,ACC,power,8,65,
2024,2024-01-06,2024-01-01,401604110,reg,0,1,87,Notre Dame Fighting Irish,ACC,power,0,59,150,Duke Blue Devils,ACC,power,14,67,
2024,2024-01-06,2024-01-01,401607370,reg,0,1,12,Arizona Wildcats,Pac-12,power,10,92,254,Utah Utes,Pac-12,power,0,73,
2024,2024-01-07,2024-01-01,401602066,reg,0,1,235,Memphis Tigers,American,high,15,62,2567,SMU Mustangs,American,high,0,59,
2024,2024-01-09,2024-01-08,401597116,reg,0,1,2,Auburn Tigers,SEC,power,16,66,245,Texas A&M Aggies,SEC,power,0,55,
2024,2024-01-09,2024-01-08,401597118,reg,0,1,96,Kentucky Wildcats,SEC,power,6,90,142,Missouri Tigers,SEC,power,0,77,
2024,2024-01-09,2024-01-08,401597936,reg,0,1,23,San José State Spartans,Mountain West,high,0,78,21,San Diego State Aztecs,Mountain West,high,19,81,
2024,2024-01-09,2024-01-08,401599479,reg,0,1,305,DePaul Blue Demons,Big East,high,0,58,156,Creighton Bluejays,Big East,high,22,84,
2024,2024-01-09,2024-01-08,401600321,reg,0,1,158,Nebraska Cornhuskers,Big Ten,power,0,88,2509,Purdue Boilermakers,Big Ten,power,1,72,
2024,2024-01-09,2024-01-08,401600794,reg,0,1,328,Utah State Aggies,Mountain West,high,20,83,2751,Wyoming Cowboys,Mountain West,high,0,59,
2024,2024-01-09,2024-01-08,401602972,reg,0,1,68,Boise State Broncos,Mountain West,high,0,65,36,Colorado State Rams,Mountain West,high,17,58,
2024,2024-01-09,2024-01-08,401603405,reg,0,1,239,Baylor Bears,Big 12,power,14,81,252,BYU Cougars,Big 12,power,18,72,
2024,2024-01-09,2024-01-08,401603406,reg,0,1,2132,Cincinnati Bearcats,Big 12,power,0,73,251,Texas Longhorns,Big 12,power,25,74,
2024,2024-01-09,2024-01-08,401603407,reg,0,1,66,Iowa State Cyclones,Big 12,power,0,57,248,Houston Cougars,Big 12,power,2,53,
2024,2024-01-09,2024-01-08,401604115,reg,0,1,221,Pittsburgh Panthers,ACC,power,0,53,150,Duke Blue Devils,ACC,power,11,75,
2024,2024-01-10,2024-01-08,401597122,reg,0,1,344,Mississippi State Bulldogs,SEC,power,0,77,2633,Tennessee Volunteers,SEC,power,5,72,
2024,2024-01-10,2024-01-08,401599481,reg,0,1,269,Marquette Golden Eagles,Big East,high,11,62,2086,Butler Bulldogs,Big East,high,0,69,
2024,2024-01-10,2024-01-08,401599483,reg,0,1,2752,Xavier Musketeers,Big East,high,0,75,41,UConn Huskies,Big East,high,4,80,
2024,2024-01-10,2024-01-08,401600323,reg,0,1,194,Ohio State Buckeyes,Big Ten,power,0,60,275,Wisconsin Badgers,Big Ten,power,15,71,
2024,2024-01-10,2024-01-08,401602070,reg,0,1,235,Memphis Tigers,American,high,13,107,2636,UTSA Roadrunners,American,high,0,101,
2024,2024-01-10,2024-01-08,401603410,reg,0,1,2628,TCU Horned Frogs,Big 12,power,0,80,201,Oklahoma Sooners,Big 12,power,9,71,
2024,2024-01-10,2024-01-08,401603411,reg,0,1,2116,UCF Knights,Big 12,power,0,65,2305,Kansas Jayhawks,Big 12,power,3,60,
2024,2024-01-10,2024-01-08,401604117,reg,0,1,152,NC State Wolfpack,ACC,power,0,54,153,North Carolina Tar Heels,ACC,power,7,67,
2024,2024-01-10,2024-01-08,401604119,reg,0,1,259,Virginia Tech Hokies,ACC,power,0,87,228,Clemson Tigers,ACC,power,21,72,
2024,2024-01-11,2024-01-08,401589671,reg,0,1,2541,Santa Clara Broncos,WCC,high,0,77,2250,Gonzaga Bulldogs,WCC,high,23,76,
2024,2024-01-11,2024-01-08,401600325,reg,0,1,356,Illinois Fighting Illini,Big Ten,power,10,71,127,Michigan State Spartans,Big Ten,power,0,68,
2024,2024-01-11,2024-01-08,401602072,reg,0,1,2655,Tulane Green Wave,American,high,0,84,2226,Florida Atlantic Owls,American,high,24,85,
2024,2024-01-13,2024-01-08,401597123,reg,0,1,2,Auburn Tigers,SEC,power,16,93,99,LSU Tigers,SEC,power,0,78,
2024,2024-01-13,2024-01-08,401597126,reg,0,1,61,Georgia Bulldogs,SEC,power,0,79,2633,Tennessee Volunteers,SEC,power,5,85,
2024,2024-01-13,2024-01-08,401597129,reg,0,1,245,Texas A&M Aggies,SEC,power,0,97,96,Kentucky Wildcats,SEC,power,6,92,
2024,2024-01-13,2024-01-08,401597304,reg,0,1,2439,UNLV Rebels,Mountain West,high,0,86,328,Utah State Aggies,Mountain West,high,20,87,
2024,2024-01-13,2024-01-08,401597937,reg,0,1,167,New Mexico Lobos,Mountain West,high,0,88,21,San Diego State Aztecs,Mountain West,high,19,70,
2024,2024-01-13,2024-01-08,401599486,reg,0,1,156,Creighton Bluejays,Big East,high,22,66,2599,St. John's Red Storm,Big East,high,0,65,
2024,2024-01-13,2024-01-08,401600328,reg,0,1,275,Wisconsin Badgers,Big Ten,power,15,71,77,Northwestern Wildcats,Big Ten,power,0,63,
2024,2024-01-13,2024-01-08,401600329,reg,0,1,2509,Purdue Boilermakers,Big Ten,power,1,95,213,Penn State Nittany Lions,Big Ten,power,0,78,
2024,2024-01-13,2024-01-08,401603412,reg,0,1,239,Baylor Bears,Big 12,power,14,62,2132,Cincinnati Bearcats,Big 12,power,0,59,
2024,2024-01-13,2024-01-08,401603414,reg,0,1,2305,Kansas Jayhawks,Big 12,power,3,78,201,Oklahoma Sooners,Big 12,power,9,66,
2024,2024-01-13,2024-01-08,401603415,reg,0,1,2628,TCU Horned Frogs,Big 12,power,0,68,248,Houston Cougars,Big 12,power,2,67,
2024,2024-01-13,2024-01-08,401603417,reg,0,1,2116,UCF Knights,Big 12,power,0,58,252,BYU Cougars,Big 12,power,18,63,
2024,2024-01-13,2024-01-08,401603418,reg,0,1,277,West Virginia Mountaineers,Big 12,power,0,76,251,Texas Longhorns,Big 12,power,25,73,
2024,2024-01-13,2024-01-08,401604120,reg,0,1,228,Clemson Tigers,ACC,power,21,89,103,Boston College Eagles,ACC,power,0,78,
2024,2024-01-13,2024-01-08,401604121,reg,0,1,150,Duke Blue Devils,ACC,power,11,84,59,Georgia Tech Yellow Jackets,ACC,power,0,79,
2024,2024-01-13,2024-01-08,401604123,reg,0,1,153,North Carolina Tar Heels,ACC,power,7,103,183,Syracuse Orange,ACC,power,0,67,
2024,2024-01-13,2024-01-08,401607378,reg,0,1,265,Washington State Cougars,Pac-12,power,0,73,12,Arizona Wildcats,Pac-12,power,8,70,
2024,2024-01-14,2024-01-08,401599488,reg,0,1,41,UConn Huskies,Big East,high,4,80,46,Georgetown Hoyas,Big East,high,0,67,
2024,2024-01-14,2024-01-08,401600330,reg,0,1,356,Illinois Fighting Illini,Big Ten,power,10,67,120,Maryland Terrapins,Big Ten,power,0,76,
2024,2024-01-14,2024-01-08,401602077,reg,0,1,2226,Florida Atlantic Owls,American,high,24,86,5,UAB Blazers,American,high,0,73,
2024,2024-01-14,2024-01-08,401602079,reg,0,1,2724,Wichita State Shockers,American,high,0,86,235,Memphis Tigers,American,high,13,112,
2024,2024-01-15,2024-01-15,401599489,reg,0,1,269,Marquette Golden Eagles,Big East,high,17,87,222,Villanova Wildcats,Big East,high,0,74,
2024,2024-01-16,2024-01-15,401596842,reg,0,1,2168,Dayton Flyers,A-10,high,21,70,139,Saint Louis Billikens,A-10,high,0,65,
2024,2024-01-16,2024-01-15,401597132,reg,0,1,2633,Tennessee Volunteers,SEC,power,6,85,57,Florida Gators,SEC,power,0,66,
2024,2024-01-16,2024-01-15,401600334,reg,0,1,213,Penn State Nittany Lions,Big Ten,power,0,87,275,Wisconsin Badgers,Big Ten,power,11,83,
2024,2024-01-16,2024-01-15,401600335,reg,0,1,84,Indiana Hoosiers,Big Ten,power,0,66,2509,Purdue Boilermakers,Big Ten,power,2,87,
2024,2024-01-16,2024-01-15,401600795,reg,0,1,167,New Mexico Lobos,Mountain West,high,0,99,328,Utah State Aggies,Mountain West,high,16,86,
2024,2024-01-16,2024-01-15,401603419,reg,0,1,252,BYU Cougars,Big 12,power,20,87,66,Iowa State Cyclones,Big 12,power,24,72,
2024,2024-01-16,2024-01-15,401603420,reg,0,1,2132,Cincinnati Bearcats,Big 12,power,0,81,2628,TCU Horned Frogs,Big 12,power,19,77,
2024,2024-01-16,2024-01-15,401603421,reg,0,1,2306,Kansas State Wildcats,Big 12,power,0,68,239,Baylor Bears,Big 12,power,9,64,
2024,2024-01-16,2024-01-15,401603422,reg,0,1,197,Oklahoma State Cowboys,Big 12,power,0,66,2305,Kansas Jayhawks,Big 12,power,3,90,
2024,2024-01-17,2024-01-15,401597134,reg,0,1,99,LSU Tigers,SEC,power,0,89,145,Ole Miss Rebels,SEC,power,22,80,
2024,2024-01-17,2024-01-15,401597135,reg,0,1,238,Vanderbilt Commodores,SEC,power,0,65,2,Auburn Tigers,SEC,power,13,80,
2024,2024-01-17,2024-01-15,401597136,reg,0,1,96,Kentucky Wildcats,SEC,power,8,90,344,Mississippi State Bulldogs,SEC,power,0,77,
2024,2024-01-17,2024-01-15,401599493,reg,0,1,41,UConn Huskies,Big East,high,1,62,156,Creighton Bluejays,Big East,high,18,48,
2024,2024-01-17,2024-01-15,401603423,reg,0,1,248,Houston Cougars,Big 12,power,5,77,2641,Texas Tech Red Raiders,Big 12,power,25,54,
2024,2024-01-17,2024-01-15,401603424,reg,0,1,201,Oklahoma Sooners,Big 12,power,15,77,277,West Virginia Mountaineers,Big 12,power,0,63,
2024,2024-01-17,2024-01-15,401604132,reg,0,1,153,North Carolina Tar Heels,ACC,power,4,86,97,Louisville Cardinals,ACC,power,0,70,
2024,2024-01-17,2024-01-15,401607383,reg,0,1,12,Arizona Wildcats,Pac-12,power,12,82,30,USC Trojans,Pac-12,power,0,67,
2024,2024-01-18,2024-01-15,401600338,reg,0,1,130,Michigan Wolverines,Big Ten,power,0,73,356,Illinois Fighting Illini,Big Ten,power,14,88,
2024,2024-01-18,2024-01-15,401602085,reg,0,1,2226,Florida Atlantic Owls,American,high,23,86,2724,Wichita State Shockers,American,high,0,77,
2024,2024-01-18,2024-01-15,401602086,reg,0,1,235,Memphis Tigers,American,high,10,73,58,South Florida Bulls,American,high,0,74,
2024,2024-01-19,2024-01-15,401600340,reg,0,1,275,Wisconsin Badgers,Big Ten,power,11,91,84,Indiana Hoosiers,Big Ten,power,0,79,
2024,2024-01-20,2024-01-15,401596848,reg,0,1,2168,Dayton Flyers,A-10,high,21,96,227,Rhode Island Rams,A-10,high,0,62,
2024,2024-01-20,2024-01-15,401597138,reg,0,1,2,Auburn Tigers,SEC,power,13,82,145,Ole Miss Rebels,SEC,power,22,59,
2024,2024-01-20,2024-01-15,401597142,reg,0,1,96,Kentucky Wildcats,SEC,power,8,105,61,Georgia Bulldogs,SEC,power,0,96,
2024,2024-01-20,2024-01-15,401597143,reg,0,1,2633,Tennessee Volunteers,SEC,power,6,91,333,Alabama Crimson Tide,SEC,power,0,71,
2024,2024-01-20,2024-01-15,401599496,reg,0,1,2550,Seton Hall Pirates,Big East,high,0,94,156,Creighton Bluejays,Big East,high,18,97,
2024,2024-01-20,2024-01-15,401599497,reg,0,1,2599,St. John's Red Storm,Big East,high,0,72,269,Marquette Golden Eagles,Big East,high,17,73,
2024,2024-01-20,2024-01-15,401599498,reg,0,1,222,Villanova Wildcats,Big East,high,0,65,41,UConn Huskies,Big East,high,1,66,
2024,2024-01-20,2024-01-15,401600343,reg,0,1,2294,Iowa Hawkeyes,Big Ten,power,0,70,2509,Purdue Boilermakers,Big Ten,power,2,84,
2024,2024-01-20,2024-01-15,401600796,reg,0,1,328,Utah State Aggies,Mountain West,high,16,83,278,Fresno State Bulldogs,Mountain West,high,0,62,
2024,2024-01-20,2024-01-15,401603426,reg,0,1,2132,Cincinnati Bearcats,Big 12,power,0,65,201,Oklahoma Sooners,Big 12,power,15,69,
2024,2024-01-20,2024-01-15,401603427,reg,0,1,248,Houston Cougars,Big 12,power,5,57,2116,UCF Knights,Big 12,power,0,42,
2024,2024-01-20,2024-01-15,401603429,reg,0,1,2628,TCU Horned Frogs,Big 12,power,19,72,66,Iowa State Cyclones,Big 12,power,24,73,
2024,2024-01-20,2024-01-15,401603430,reg,0,1,251,Texas Longhorns,Big 12,power,0,75,239,Baylor Bears,Big 12,power,9,73,
2024,2024-01-20,2024-01-15,401603431,reg,0,1,2641,Texas Tech Red Raiders,Big 12,power,25,85,252,BYU Cougars,Big 12,power,20,78,
2024,2024-01-20,2024-01-15,401603432,reg,0,1,277,West Virginia Mountaineers,Big 12,power,0,91,2305,Kansas Jayhawks,Big 12,power,3,85,
2024,2024-01-20,2024-01-15,401604134,reg,0,1,103,Boston College Eagles,ACC,power,0,66,153,North Carolina Tar Heels,ACC,power,4,76,
2024,2024-01-20,2024-01-15,401604136,reg,0,1,150,Duke Blue Devils,ACC,power,7,76,221,Pittsburgh Panthers,ACC,power,0,80,
2024,2024-01-20,2024-01-15,401607388,reg,0,1,12,Arizona Wildcats,Pac-12,power,12,77,26,UCLA Bruins,Pac-12,power,0,71,
2024,2024-01-21,2024-01-15,401600344,reg,0,1,356,Illinois Fighting Illini,Big Ten,power,14,86,164,Rutgers Scarlet Knights,Big Ten,power,0,63,
2024,2024-01-21,2024-01-15,401602092,reg,0,1,2655,Tulane Green Wave,American,high,0,81,235,Memphis Tigers,American,high,10,79,
2024,2024-01-21,2024-01-15,401602093,reg,0,1,2636,UTSA Roadrunners,American,high,0,103,2226,Florida Atlantic Owls,American,high,23,112,
2024,2024-01-22,2024-01-22,401603433,reg,0,1,2305,Kansas Jayhawks,Big 12,power,7,74,2132,Cincinnati Bearcats,Big 12,power,0,69,
2024,2024-01-22,2024-01-22,401604141,reg,0,1,153,North Carolina Tar Heels,ACC,power,3,85,154,Wake Forest Demon Deacons,ACC,power,0,64,
2024,2024-01-23,2024-01-22,401596857,reg,0,1,2325,La Salle Explorers,A-10,high,0,54,2168,Dayton Flyers,A-10,high,16,66,
2024,2024-01-23,2024-01-22,401597144,reg,0,1,2579,South Carolina Gamecocks,SEC,power,0,79,96,Kentucky Wildcats,SEC,power,6,62,
2024,2024-01-23,2024-01-22,401599499,reg,0,1,156,Creighton Bluejays,Big East,high,17,85,2752,Xavier Musketeers,Big East,high,0,78,
2024,2024-01-23,2024-01-22,401600346,reg,0,1,2509,Purdue Boilermakers,Big Ten,power,2,99,130,Michigan Wolverines,Big Ten,power,0,67,
2024,2024-01-23,2024-01-22,401600348,reg,0,1,135,Minnesota Golden Gophers,Big Ten,power,0,59,275,Wisconsin Badgers,Big Ten,power,13,61,
2024,2024-01-23,2024-01-22,401603434,reg,0,1,252,BYU Cougars,Big 12,power,21,68,248,Houston Cougars,Big 12,power,4,75,
2024,2024-01-23,2024-01-22,401603435,reg,0,1,201,Oklahoma Sooners,Big 12,power,11,60,251,Texas Longhorns,Big 12,power,0,75,
2024,2024-01-23,2024-01-22,401604144,reg,0,1,97,Louisville Cardinals,ACC,power,0,69,150,Duke Blue Devils,ACC,power,12,83,
2024,2024-01-24,2024-01-22,401597146,reg,0,1,333,Alabama Crimson Tide,SEC,power,0,79,2,Auburn Tigers,SEC,power,8,75,
2024,2024-01-24,2024-01-22,401599501,reg,0,1,305,DePaul Blue Demons,Big East,high,0,73,269,Marquette Golden Eagles,Big East,high,14,86,
2024,2024-01-24,2024-01-22,401600349,reg,0,1,77,Northwestern Wildcats,Big Ten,power,0,96,356,Illinois Fighting Illini,Big Ten,power,10,91,
2024,2024-01-24,2024-01-22,401602096,reg,0,1,242,Rice Owls,American,high,0,56,2226,Florida Atlantic Owls,American,high,22,69,
2024,2024-01-24,2024-01-22,401602981,reg,0,1,2440,Nevada Wolf Pack,Mountain West,high,0,77,36,Colorado State Rams,Mountain West,high,24,64,
2024,2024-01-24,2024-01-22,401602989,reg,0,1,23,San José State Spartans,Mountain West,high,0,75,167,New Mexico Lobos,Mountain West,high,25,95,
2024,2024-01-24,2024-01-22,401603438,reg,0,1,66,Iowa State Cyclones,Big 12,power,23,78,2306,Kansas State Wildcats,Big 12,power,0,67,
2024,2024-01-25,2024-01-22,401607395,reg,0,1,204,Oregon State Beavers,Pac-12,power,0,83,12,Arizona Wildcats,Pac-12,power,9,80,
2024,2024-01-26,2024-01-22,401600351,reg,0,1,275,Wisconsin Badgers,Big Ten,power,13,81,127,Michigan State Spartans,Big Ten,power,0,66,
2024,2024-01-27,2024-01-22,401596865,reg,0,1,257,Richmond Spiders,A-10,high,0,69,2168,Dayton Flyers,A-10,high,16,64,
2024,2024-01-27,2024-01-22,401597151,reg,0,1,8,Arkansas Razorbacks,SEC,power,0,57,96,Kentucky Wildcats,SEC,power,6,63,
2024,2024-01-27,2024-01-22,401597155,reg,0,1,344,Mississippi State Bulldogs,SEC,power,0,64,2,Auburn Tigers,SEC,power,8,58,
2024,2024-01-27,2024-01-22,401597156,reg,0,1,238,Vanderbilt Commodores,SEC,power,0,62,2633,Tennessee Volunteers,SEC,power,5,75,
2024,2024-01-27,2024-01-22,401599505,reg,0,1,156,Creighton Bluejays,Big East,high,17,85,305,DePaul Blue Demons,Big East,high,0,62,
2024,2024-01-27,2024-01-22,401599506,reg,0,1,269,Marquette Golden Eagles,Big East,high,14,75,2550,Seton Hall Pirates,Big East,high,0,57,
2024,2024-01-27,2024-01-22,401600352,reg,0,1,356,Illinois Fighting Illini,Big Ten,power,10,70,84,Indiana Hoosiers,Big Ten,power,0,62,
2024,2024-01-27,2024-01-22,401600797,reg,0,1,68,Boise State Broncos,Mountain West,high,0,84,328,Utah State Aggies,Mountain West,high,18,90,
2024,2024-01-27,2024-01-22,401602993,reg,0,1,2751,Wyoming Cowboys,Mountain West,high,0,79,36,Colorado State Rams,Mountain West,high,24,76,
2024,2024-01-27,2024-01-22,401603439,reg,0,1,239,Baylor Bears,Big 12,power,15,102,2628,TCU Horned Frogs,Big 12,power,0,105,
2024,2024-01-27,2024-01-22,401603440,reg,0,1,252,BYU Cougars,Big 12,power,21,84,251,Texas Longhorns,Big 12,power,0,72,
2024,2024-01-27,2024-01-22,401603442,reg,0,1,248,Houston Cougars,Big 12,power,4,74,2306,Kansas State Wildcats,Big 12,power,0,52,
2024,2024-01-27,2024-01-22,401603443,reg,0,1,66,Iowa State Cyclones,Big 12,power,23,79,2305,Kansas Jayhawks,Big 12,power,7,75,
2024,2024-01-27,2024-01-22,401603444,reg,0,1,201,Oklahoma Sooners,Big 12,power,11,84,2641,Texas Tech Red Raiders,Big 12,power,20,85,
2024,2024-01-27,2024-01-22,401604148,reg,0,1,150,Duke Blue Devils,ACC,power,12,72,228,Clemson Tigers,ACC,power,0,71,
2024,2024-01-27,2024-01-22,401604150,reg,0,1,52,Florida State Seminoles,ACC,power,0,68,153,North Carolina Tar Heels,ACC,power,3,75,
2024,2024-01-27,2024-01-22,401607398,reg,0,1,2483,Oregon Ducks,Pac-12,power,0,78,12,Arizona Wildcats,Pac-12,power,9,87,
2024,2024-01-28,2024-01-22,401599508,reg,0,1,41,UConn Huskies,Big East,high,1,99,2752,Xavier Musketeers,Big East,high,0,56,
2024,2024-01-28,2024-01-22,401600357,reg,0,1,164,Rutgers Scarlet Knights,Big Ten,power,0,60,2509,Purdue Boilermakers,Big Ten,power,2,68,
2024,2024-01-28,2024-01-22,401602104,reg,0,1,2226,Florida Atlantic Owls,American,high,22,66,249,North Texas Mean Green,American,high,0,63,
2024,2024-01-28,2024-01-22,401602105,reg,0,1,5,UAB Blazers,American,high,0,97,235,Memphis Tigers,American,high,19,88,
2024,2024-01-28,2024-01-22,401602982,reg,0,1,167,New Mexico Lobos,Mountain West,high,25,89,2440,Nevada Wolf Pack,Mountain West,high,0,55,
2024,2024-01-29,2024-01-29,401603446,reg,0,1,251,Texas Longhorns,Big 12,power,0,72,248,Houston Cougars,Big 12,power,4,76,
2024,2024-01-29,2024-01-29,401604155,reg,0,1,259,Virginia Tech Hokies,ACC,power,0,67,150,Duke Blue Devils,ACC,power,7,77,
2024,2024-01-30,2024-01-29,401596870,reg,0,1,2168,Dayton Flyers,A-10,high,21,83,45,George Washington Revolutionaries,A-10,high,0,61,
2024,2024-01-30,2024-01-29,401597158,reg,0,1,2633,Tennessee Volunteers,SEC,power,5,59,2579,South Carolina Gamecocks,SEC,power,0,63,
2024,2024-01-30,2024-01-29,401599510,reg,0,1,222,Villanova Wildcats,Big East,high,0,80,269,Marquette Golden Eagles,Big East,high,9,85,
2024,2024-01-30,2024-01-29,401600358,reg,0,1,194,Ohio State Buckeyes,Big Ten,power,0,75,356,Illinois Fighting Illini,Big Ten,power,14,87,
2024,2024-01-30,2024-01-29,401600798,reg,0,1,328,Utah State Aggies,Mountain West,high,17,82,23,San José State Spartans,Mountain West,high,0,61,
2024,2024-01-30,2024-01-29,401603447,reg,0,1,2305,Kansas Jayhawks,Big 12,power,8,83,197,Oklahoma State Cowboys,Big 12,power,0,54,
2024,2024-01-30,2024-01-29,401603448,reg,0,1,2306,Kansas State Wildcats,Big 12,power,0,53,201,Oklahoma Sooners,Big 12,power,23,73,
2024,2024-01-30,2024-01-29,401603449,reg,0,1,2628,TCU Horned Frogs,Big 12,power,25,85,2641,Texas Tech Red Raiders,Big 12,power,15,78,
2024,2024-01-30,2024-01-29,401604156,reg,0,1,59,Georgia Tech Yellow Jackets,ACC,power,0,74,153,North Carolina Tar Heels,ACC,power,3,73,
2024,2024-01-31,2024-01-29,401597159,reg,0,1,61,Georgia Bulldogs,SEC,power,0,76,333,Alabama Crimson Tide,SEC,power,24,85,
2024,2024-01-31,2024-01-29,401597160,reg,0,1,96,Kentucky Wildcats,SEC,power,10,91,57,Florida Gators,SEC,power,0,94,
2024,2024-01-31,2024-01-29,401597161,reg,0,1,2,Auburn Tigers,SEC,power,16,81,238,Vanderbilt Commodores,SEC,power,0,54,
2024,2024-01-31,2024-01-29,401599512,reg,0,1,41,UConn Huskies,Big East,high,1,74,2507,Providence Friars,Big East,high,0,65,
2024,2024-01-31,2024-01-29,401600361,reg,0,1,2509,Purdue Boilermakers,Big Ten,power,2,105,77,Northwestern Wildcats,Big Ten,power,0,96,
2024,2024-01-31,2024-01-29,401602974,reg,0,1,167,New Mexico Lobos,Mountain West,high,19,78,68,Boise State Broncos,Mountain West,high,0,86,
2024,2024-01-31,2024-01-29,401603450,reg,0,1,2116,UCF Knights,Big 12,power,0,69,239,Baylor Bears,Big 12,power,18,77,
2024,2024-02-01,2024-01-29,401600363,reg,0,1,158,Nebraska Cornhuskers,Big Ten,power,0,80,275,Wisconsin Badgers,Big Ten,power,6,72,
2024,2024-02-01,2024-01-29,401607402,reg,0,1,12,Arizona Wildcats,Pac-12,power,11,91,25,California Golden Bears,Pac-12,power,0,65,
2024,2024-02-02,2024-01-29,401596874,reg,0,1,2168,Dayton Flyers,A-10,high,21,76,179,St. Bonaventure Bonnies,A-10,high,0,71,
2024,2024-02-02,2024-01-29,401599513,reg,0,1,156,Creighton Bluejays,Big East,high,13,98,2086,Butler Bulldogs,Big East,high,0,99,
2024,2024-02-03,2024-01-29,401597163,reg,0,1,96,Kentucky Wildcats,SEC,power,10,92,2633,Tennessee Volunteers,SEC,power,5,103,
2024,2024-02-03,2024-01-29,401597165,reg,0,1,145,Ole Miss Rebels,SEC,power,0,77,2,Auburn Tigers,SEC,power,16,91,
2024,2024-02-03,2024-01-29,401597166,reg,0,1,333,Alabama Crimson Tide,SEC,power,24,99,344,Mississippi State Bulldogs,SEC,power,0,67,
2024,2024-02-03,2024-01-29,401597942,reg,0,1,21,San Diego State Aztecs,Mountain West,high,0,81,328,Utah State Aggies,Mountain West,high,17,67,
2024,2024-02-03,2024-01-29,401599515,reg,0,1,46,Georgetown Hoyas,Big East,high,0,57,269,Marquette Golden Eagles,Big East,high,9,91,
2024,2024-02-03,2024-01-29,401599516,reg,0,1,2599,St. John's Red Storm,Big East,high,0,64,41,UConn Huskies,Big East,high,1,77,
2024,2024-02-03,2024-01-29,401602113,reg,0,1,2226,Florida Atlantic Owls,American,high,20,102,202,Tulsa Golden Hurricane,American,high,0,70,
2024,2024-02-03,2024-01-29,401603452,reg,0,1,239,Baylor Bears,Big 12,power,18,70,66,Iowa State Cyclones,Big 12,power,12,68,
2024,2024-02-03,2024-01-29,401603453,reg,0,1,2305,Kansas Jayhawks,Big 12,power,8,78,248,Houston Cougars,Big 12,power,4,65,
2024,2024-02-03,2024-01-29,401603455,reg,0,1,2628,TCU Horned Frogs,Big 12,power,25,66,251,Texas Longhorns,Big 12,power,0,77,
2024,2024-02-03,2024-01-29,401603456,reg,0,1,2641,Texas Tech Red Raiders,Big 12,power,15,72,2132,Cincinnati Bearcats,Big 12,power,0,75,
2024,2024-02-03,2024-01-29,401603457,reg,0,1,2116,UCF Knights,Big 12,power,0,74,201,Oklahoma Sooners,Big 12,power,23,63,
2024,2024-02-03,2024-01-29,401603458,reg,0,1,277,West Virginia Mountaineers,Big 12,power,0,73,252,BYU Cougars,Big 12,power,22,86,
2024,2024-02-03,2024-01-29,401604165,reg,0,1,153,North Carolina Tar Heels,ACC,power,3,93,150,Duke Blue Devils,ACC,power,7,84,
2024,2024-02-04,2024-01-29,401600369,reg,0,1,356,Illinois Fighting Illini,Big Ten,power,14,87,158,Nebraska Cornhuskers,Big Ten,power,0,84,
2024,2024-02-04,2024-01-29,401600370,reg,0,1,275,Wisconsin Badgers,Big Ten,power,6,69,2509,Purdue Boilermakers,Big Ten,power,2,75,
2024,2024-02-04,2024-01-29,401607410,reg,0,1,12,Arizona Wildcats,Pac-12,power,11,82,24,Stanford Cardinal,Pac-12,power,0,71,
2024,2024-02-05,2024-02-05,401603459,reg,0,1,2306,Kansas State Wildcats,Big 12,power,0,75,2305,Kansas Jayhawks,Big 12,power,4,70,
2024,2024-02-06,2024-02-05,401594452,reg,0,1,2005,Air Force Falcons,Mountain West,high,0,64,21,San Diego State Aztecs,Mountain West,high,24,77,
2024,2024-02-06,2024-02-05,401596882,reg,0,1,2603,Saint Joseph's Hawks,A-10,high,0,79,2168,Dayton Flyers,A-10,high,18,94,
2024,2024-02-06,2024-02-05,401597170,reg,0,1,2579,South Carolina Gamecocks,SEC,power,15,68,145,Ole Miss Rebels,SEC,power,0,65,
2024,2024-02-06,2024-02-05,401597171,reg,0,1,238,Vanderbilt Commodores,SEC,power,0,77,96,Kentucky Wildcats,SEC,power,17,109,
2024,2024-02-06,2024-02-05,401599519,reg,0,1,41,UConn Huskies,Big East,high,1,71,2086,Butler Bulldogs,Big East,high,0,62,
2024,2024-02-06,2024-02-05,401600799,reg,0,1,328,Utah State Aggies,Mountain West,high,22,63,2440,Nevada Wolf Pack,Mountain West,high,0,77,
2024,2024-02-06,2024-02-05,401602994,reg,0,1,2751,Wyoming Cowboys,Mountain West,high,0,73,167,New Mexico Lobos,Mountain West,high,25,91,
2024,2024-02-06,2024-02-05,401603460,reg,0,1,239,Baylor Bears,Big 12,power,13,79,2641,Texas Tech Red Raiders,Big 12,power,23,73,
2024,2024-02-06,2024-02-05,401603461,reg,0,1,248,Houston Cougars,Big 12,power,5,79,197,Oklahoma State Cowboys,Big 12,power,0,63,
2024,2024-02-06,2024-02-05,401603462,reg,0,1,251,Texas Longhorns,Big 12,power,0,65,66,Iowa State Cyclones,Big 12,power,14,70,
2024,2024-02-06,2024-02-05,401603463,reg,0,1,201,Oklahoma Sooners,Big 12,power,0,82,252,BYU Cougars,Big 12,power,21,66,
2024,2024-02-06,2024-02-05,401604171,reg,0,1,153,North Carolina Tar Heels,ACC,power,3,76,228,Clemson Tigers,ACC,power,0,80,
2024,2024-02-07,2024-02-05,401597172,reg,0,1,2,Auburn Tigers,SEC,power,12,99,333,Alabama Crimson Tide,SEC,power,16,81,
2024,2024-02-07,2024-02-05,401597174,reg,0,1,2633,Tennessee Volunteers,SEC,power,6,88,99,LSU Tigers,SEC,power,0,68,
2024,2024-02-07,2024-02-05,401599520,reg,0,1,2507,Providence Friars,Big East,high,0,91,156,Creighton Bluejays,Big East,high,19,87,
2024,2024-02-07,2024-02-05,401600375,reg,0,1,130,Michigan Wolverines,Big Ten,power,0,72,275,Wisconsin Badgers,Big Ten,power,11,68,
2024,2024-02-07,2024-02-05,401604172,reg,0,1,150,Duke Blue Devils,ACC,power,9,71,87,Notre Dame Fighting Irish,ACC,power,0,53,
2024,2024-02-08,2024-02-05,401602124,reg,0,1,5,UAB Blazers,American,high,0,76,2226,Florida Atlantic Owls,American,high,20,73,
2024,2024-02-08,2024-02-05,401607413,reg,0,1,254,Utah Utes,Pac-12,power,0,99,12,Arizona Wildcats,Pac-12,power,8,105,
2024,2024-02-09,2024-02-05,401596888,reg,0,1,2670,VCU Rams,A-10,high,0,49,2168,Dayton Flyers,A-10,high,18,47,
2024,2024-02-09,2024-02-05,401597943,reg,0,1,2440,Nevada Wolf Pack,Mountain West,high,0,70,21,San Diego State Aztecs,Mountain West,high,24,66,
2024,2024-02-10,2024-02-05,401588942,reg,0,0,96,Kentucky Wildcats,SEC,power,17,85,2250,Gonzaga Bulldogs,WCC,high,0,89,
2024,2024-02-10,2024-02-05,401597176,reg,0,1,57,Florida Gators,SEC,power,0,81,2,Auburn Tigers,SEC,power,12,65,
2024,2024-02-10,2024-02-05,401597178,reg,0,1,99,LSU Tigers,SEC,power,0,92,333,Alabama Crimson Tide,SEC,power,16,109,
2024,2024-02-10,2024-02-05,401597180,reg,0,1,2579,South Carolina Gamecocks,SEC,power,15,75,238,Vanderbilt Commodores,SEC,power,0,60,
2024,2024-02-10,2024-02-05,401597181,reg,0,1,245,Texas A&M Aggies,SEC,power,0,85,2633,Tennessee Volunteers,SEC,power,6,69,
2024,2024-02-10,2024-02-05,401597310,reg,0,1,167,New Mexico Lobos,Mountain West,high,25,77,2439,UNLV Rebels,Mountain West,high,0,80,
2024,2024-02-10,2024-02-05,401599524,reg,0,1,46,Georgetown Hoyas,Big East,high,0,64,41,UConn Huskies,Big East,high,1,89,
2024,2024-02-10,2024-02-05,401599525,reg,0,1,269,Marquette Golden Eagles,Big East,high,7,86,2599,St. John's Red Storm,Big East,high,0,75,
2024,2024-02-10,2024-02-05,401599526,reg,0,1,2752,Xavier Musketeers,Big East,high,0,71,156,Creighton Bluejays,Big East,high,19,78,
2024,2024-02-10,2024-02-05,401600377,reg,0,1,127,Michigan State Spartans,Big Ten,power,0,88,356,Illinois Fighting Illini,Big Ten,power,10,80,
2024,2024-02-10,2024-02-05,401600378,reg,0,1,2509,Purdue Boilermakers,Big Ten,power,2,79,84,Indiana Hoosiers,Big Ten,power,0,59,
2024,2024-02-10,2024-02-05,401600381,reg,0,1,164,Rutgers Scarlet Knights,Big Ten,power,0,78,275,Wisconsin Badgers,Big Ten,power,11,56,
2024,2024-02-10,2024-02-05,401600800,reg,0,1,328,Utah State Aggies,Mountain West,high,22,80,68,Boise State Broncos,Mountain West,high,0,61,
2024,2024-02-10,2024-02-05,401603464,reg,0,1,252,BYU Cougars,Big 12,power,21,72,2306,Kansas State Wildcats,Big 12,power,0,66,
2024,2024-02-10,2024-02-05,401603465,reg,0,1,2132,Cincinnati Bearcats,Big 12,power,0,62,248,Houston Cougars,Big 12,power,5,67,
2024,2024-02-10,2024-02-05,401603466,reg,0,1,66,Iowa State Cyclones,Big 12,power,14,71,2628,TCU Horned Frogs,Big 12,power,0,59,
2024,2024-02-10,2024-02-05,401603467,reg,0,1,2305,Kansas Jayhawks,Big 12,power,4,64,239,Baylor Bears,Big 12,power,13,61,
2024,2024-02-10,2024-02-05,401603470,reg,0,1,2641,Texas Tech Red Raiders,Big 12,power,23,66,2116,UCF Knights,Big 12,power,0,59,
2024,2024-02-10,2024-02-05,401604176,reg,0,1,150,Duke Blue Devils,ACC,power,9,80,103,Boston College Eagles,ACC,power,0,65,
2024,2024-02-10,2024-02-05,401604180,reg,0,1,2390,Miami Hurricanes,ACC,power,0,72,153,North Carolina Tar Heels,ACC,power,3,75,
2024,2024-02-10,2024-02-05,401607417,reg,0,1,38,Colorado Buffaloes,Pac-12,power,0,79,12,Arizona Wildcats,Pac-12,power,8,99,
2024,2024-02-11,2024-02-05,401602131,reg,0,1,2724,Wichita State Shockers,American,high,0,82,2226,Florida Atlantic Owls,American,high,20,95,
2024,2024-02-12,2024-02-12,401603472,reg,0,1,2641,Texas Tech Red Raiders,Big 12,power,0,79,2305,Kansas Jayhawks,Big 12,power,6,50,
2024,2024-02-12,2024-02-12,401604183,reg,0,1,150,Duke Blue Devils,ACC,power,9,77,154,Wake Forest Demon Deacons,ACC,power,0,69,
2024,2024-02-13,2024-02-12,401596897,reg,0,1,2168,Dayton Flyers,A-10,high,16,75,2184,Duquesne Dukes,A-10,high,0,59,
2024,2024-02-13,2024-02-12,401597182,reg,0,1,96,Kentucky Wildcats,SEC,power,22,75,145,Ole Miss Rebels,SEC,power,0,63,
2024,2024-02-13,2024-02-12,401599528,reg,0,1,2086,Butler Bulldogs,Big East,high,0,72,269,Marquette Golden Eagles,Big East,high,4,78,
2024,2024-02-13,2024-02-12,401599529,reg,0,1,156,Creighton Bluejays,Big East,high,17,94,46,Georgetown Hoyas,Big East,high,0,72,
2024,2024-02-13,2024-02-12,401600384,reg,0,1,356,Illinois Fighting Illini,Big Ten,power,14,97,130,Michigan Wolverines,Big Ten,power,0,68,
2024,2024-02-13,2024-02-12,401600385,reg,0,1,275,Wisconsin Badgers,Big Ten,power,20,62,194,Ohio State Buckeyes,Big Ten,power,0,54,
2024,2024-02-13,2024-02-12,401601894,reg,0,1,282,Indiana State Sycamores,MVC,mid,23,67,2287,Illinois State Redbirds,MVC,mid,0,80,
2024,2024-02-13,2024-02-12,401603473,reg,0,1,252,BYU Cougars,Big 12,power,19,90,2116,UCF Knights,Big 12,power,0,88,
2024,2024-02-13,2024-02-12,401603474,reg,0,1,2132,Cincinnati Bearcats,Big 12,power,0,59,66,Iowa State Cyclones,Big 12,power,10,68,
2024,2024-02-13,2024-02-12,401603475,reg,0,1,239,Baylor Bears,Big 12,power,12,79,201,Oklahoma Sooners,Big 12,power,25,62,
2024,2024-02-13,2024-02-12,401604184,reg,0,1,258,Virginia Cavaliers,ACC,power,21,63,221,Pittsburgh Panthers,ACC,power,0,74,
2024,2024-02-13,2024-02-12,401604187,reg,0,1,183,Syracuse Orange,ACC,power,0,86,153,North Carolina Tar Heels,ACC,power,7,79,
2024,2024-02-14,2024-02-12,401597185,reg,0,1,2,Auburn Tigers,SEC,power,13,101,2579,South Carolina Gamecocks,SEC,power,11,61,
2024,2024-02-14,2024-02-12,401597186,reg,0,1,8,Arkansas Razorbacks,SEC,power,0,63,2633,Tennessee Volunteers,SEC,power,8,92,
2024,2024-02-14,2024-02-12,401599531,reg,0,1,305,DePaul Blue Demons,Big East,high,0,65,41,UConn Huskies,Big East,high,1,101,
2024,2024-02-15,2024-02-12,401589713,reg,0,1,2608,Saint Mary's Gaels,WCC,high,18,103,2492,Pepperdine Waves,WCC,high,0,59,
2024,2024-02-15,2024-02-12,401600388,reg,0,1,2509,Purdue Boilermakers,Big Ten,power,2,84,135,Minnesota Golden Gophers,Big Ten,power,0,76,
2024,2024-02-15,2024-02-12,401602135,reg,0,1,2226,Florida Atlantic Owls,American,high,24,80,218,Temple Owls,American,high,0,68,
2024,2024-02-17,2024-02-12,401596906,reg,0,1,2168,Dayton Flyers,A-10,high,16,78,2230,Fordham Rams,A-10,high,0,70,
2024,2024-02-17,2024-02-12,401597188,reg,0,1,2633,Tennessee Volunteers,SEC,power,8,88,238,Vanderbilt Commodores,SEC,power,0,53,
2024,2024-02-17,2024-02-12,401597189,reg,0,1,333,Alabama Crimson Tide,SEC,power,15,100,245,Texas A&M Aggies,SEC,power,0,75,
2024,2024-02-17,2024-02-12,401597190,reg,0,1,2,Auburn Tigers,SEC,power,13,59,96,Kentucky Wildcats,SEC,power,22,70,
2024,2024-02-17,2024-02-12,401597193,reg,0,1,2579,South Carolina Gamecocks,SEC,power,11,63,99,LSU Tigers,SEC,power,0,64,
2024,2024-02-17,2024-02-12,401599534,reg,0,1,2086,Butler Bulldogs,Big East,high,0,57,156,Creighton Bluejays,Big East,high,17,79,
2024,2024-02-17,2024-02-12,401599536,reg,0,1,41,UConn Huskies,Big East,high,1,81,269,Marquette Golden Eagles,Big East,high,4,53,
2024,2024-02-17,2024-02-12,401600390,reg,0,1,120,Maryland Terrapins,Big Ten,power,0,80,356,Illinois Fighting Illini,Big Ten,power,14,85,
2024,2024-02-17,2024-02-12,401600393,reg,0,1,2294,Iowa Hawkeyes,Big Ten,power,0,88,275,Wisconsin Badgers,Big Ten,power,20,86,
2024,2024-02-17,2024-02-12,401601900,reg,0,1,79,Southern Illinois Salukis,MVC,mid,0,74,282,Indiana State Sycamores,MVC,mid,23,69,
2024,2024-02-17,2024-02-12,401603476,reg,0,1,248,Houston Cougars,Big 12,power,3,82,251,Texas Longhorns,Big 12,power,0,61,
2024,2024-02-17,2024-02-12,401603477,reg,0,1,66,Iowa State Cyclones,Big 12,power,10,82,2641,Texas Tech Red Raiders,Big 12,power,0,74,
2024,2024-02-17,2024-02-12,401603479,reg,0,1,201,Oklahoma Sooners,Big 12,power,25,57,2305,Kansas Jayhawks,Big 12,power,6,67,
2024,2024-02-17,2024-02-12,401603480,reg,0,1,197,Oklahoma State Cowboys,Big 12,power,0,93,252,BYU Cougars,Big 12,power,19,83,
2024,2024-02-17,2024-02-12,401603482,reg,0,1,277,West Virginia Mountaineers,Big 12,power,0,81,239,Baylor Bears,Big 12,power,12,94,
2024,2024-02-17,2024-02-12,401604190,reg,0,1,153,North Carolina Tar Heels,ACC,power,7,96,259,Virginia Tech Hokies,ACC,power,0,81,
2024,2024-02-17,2024-02-12,401604191,reg,0,1,258,Virginia Cavaliers,ACC,power,21,49,154,Wake Forest Demon Deacons,ACC,power,0,47,
2024,2024-02-17,2024-02-12,401604194,reg,0,1,52,Florida State Seminoles,ACC,power,0,67,150,Duke Blue Devils,ACC,power,9,76,
2024,2024-02-17,2024-02-12,401607425,reg,0,1,12,Arizona Wildcats,Pac-12,power,5,105,9,Arizona State Sun Devils,Pac-12,power,0,60,
2024,2024-02-18,2024-02-12,401600395,reg,0,1,194,Ohio State Buckeyes,Big Ten,power,0,73,2509,Purdue Boilermakers,Big Ten,power,2,69,
2024,2024-02-18,2024-02-12,401602142,reg,0,1,58,South Florida Bulls,American,high,0,90,2226,Florida Atlantic Owls,American,high,24,86,
2024,2024-02-19,2024-02-19,401603483,reg,0,1,248,Houston Cougars,Big 12,power,2,73,66,Iowa State Cyclones,Big 12,power,6,65,
2024,2024-02-20,2024-02-19,401589719,reg,0,1,2608,Saint Mary's Gaels,WCC,high,18,70,2539,San Francisco Dons,WCC,high,0,66,
2024,2024-02-20,2024-02-19,401597194,reg,0,1,142,Missouri Tigers,SEC,power,0,67,2633,Tennessee Volunteers,SEC,power,5,72,
2024,2024-02-20,2024-02-19,401597946,reg,0,1,328,Utah State Aggies,Mountain West,high,0,68,21,San Diego State Aztecs,Mountain West,high,19,63,
2024,2024-02-20,2024-02-19,401599538,reg,0,1,156,Creighton Bluejays,Big East,high,15,85,41,UConn Huskies,Big East,high,1,66,
2024,2024-02-20,2024-02-19,401603485,reg,0,1,2641,Texas Tech Red Raiders,Big 12,power,23,82,2628,TCU Horned Frogs,Big 12,power,0,81,
2024,2024-02-20,2024-02-19,401603487,reg,0,1,252,BYU Cougars,Big 12,power,25,78,239,Baylor Bears,Big 12,power,11,71,
2024,2024-02-21,2024-02-19,401596914,reg,0,1,2244,George Mason Patriots,A-10,high,0,71,2168,Dayton Flyers,A-10,high,16,67,
2024,2024-02-21,2024-02-19,401597197,reg,0,1,333,Alabama Crimson Tide,SEC,power,13,98,57,Florida Gators,SEC,power,24,93,
2024,2024-02-21,2024-02-19,401597198,reg,0,1,99,LSU Tigers,SEC,power,0,75,96,Kentucky Wildcats,SEC,power,17,74,
2024,2024-02-21,2024-02-19,401599541,reg,0,1,269,Marquette Golden Eagles,Big East,high,7,105,305,DePaul Blue Demons,Big East,high,0,71,
2024,2024-02-21,2024-02-19,401600399,reg,0,1,213,Penn State Nittany Lions,Big Ten,power,0,90,356,Illinois Fighting Illini,Big Ten,power,12,89,
2024,2024-02-21,2024-02-19,401604203,reg,0,1,2390,Miami Hurricanes,ACC,power,0,55,150,Duke Blue Devils,ACC,power,8,84,
2024,2024-02-21,2024-02-19,401606630,reg,0,1,167,New Mexico Lobos,Mountain West,high,0,68,36,Colorado State Rams,Mountain West,high,22,66,
2024,2024-02-22,2024-02-19,401600403,reg,0,1,2509,Purdue Boilermakers,Big Ten,power,3,96,164,Rutgers Scarlet Knights,Big Ten,power,0,68,
2024,2024-02-22,2024-02-19,401607431,reg,0,1,12,Arizona Wildcats,Pac-12,power,4,74,265,Washington State Cougars,Pac-12,power,21,77,
2024,2024-02-24,2024-02-19,401589723,reg,0,1,2608,Saint Mary's Gaels,WCC,high,18,88,301,San Diego Toreros,WCC,high,0,62,
2024,2024-02-24,2024-02-19,401597201,reg,0,1,57,Florida Gators,SEC,power,24,77,238,Vanderbilt Commodores,SEC,power,0,64,
2024,2024-02-24,2024-02-19,401597202,reg,0,1,96,Kentucky Wildcats,SEC,power,17,117,333,Alabama Crimson Tide,SEC,power,13,95,
2024,2024-02-24,2024-02-19,401597203,reg,0,1,145,Ole Miss Rebels,SEC,power,0,59,2579,South Carolina Gamecocks,SEC,power,20,72,
2024,2024-02-24,2024-02-19,401597204,reg,0,1,61,Georgia Bulldogs,SEC,power,0,76,2,Auburn Tigers,SEC,power,14,97,
2024,2024-02-24,2024-02-19,401597206,reg,0,1,2633,Tennessee Volunteers,SEC,power,5,86,245,Texas A&M Aggies,SEC,power,0,51,
2024,2024-02-24,2024-02-19,401597313,reg,0,1,2439,UNLV Rebels,Mountain West,high,0,66,36,Colorado State Rams,Mountain West,high,22,60,
2024,2024-02-24,2024-02-19,401597947,reg,0,1,278,Fresno State Bulldogs,Mountain West,high,0,41,21,San Diego State Aztecs,Mountain West,high,19,73,
2024,2024-02-24,2024-02-19,401599545,reg,0,1,41,UConn Huskies,Big East,high,1,78,222,Villanova Wildcats,Big East,high,0,54,
2024,2024-02-24,2024-02-19,401600404,reg,0,1,356,Illinois Fighting Illini,Big Ten,power,12,95,2294,Iowa Hawkeyes,Big Ten,power,0,85,
2024,2024-02-24,2024-02-19,401603489,reg,0,1,239,Baylor Bears,Big 12,power,11,76,248,Houston Cougars,Big 12,power,2,82,
2024,2024-02-24,2024-02-19,401603490,reg,0,1,66,Iowa State Cyclones,Big 12,power,6,71,277,West Virginia Mountaineers,Big 12,power,0,64,
2024,2024-02-24,2024-02-19,401603491,reg,0,1,2305,Kansas Jayhawks,Big 12,power,9,86,251,Texas Longhorns,Big 12,power,0,67,
2024,2024-02-24,2024-02-19,401603492,reg,0,1,2306,Kansas State Wildcats,Big 12,power,0,84,252,BYU Cougars,Big 12,power,25,74,
2024,2024-02-24,2024-02-19,401603495,reg,0,1,2116,UCF Knights,Big 12,power,0,75,2641,Texas Tech Red Raiders,Big 12,power,23,61,
2024,2024-02-24,2024-02-19,401604205,reg,0,1,258,Virginia Cavaliers,ACC,power,0,44,153,North Carolina Tar Heels,ACC,power,10,54,
2024,2024-02-24,2024-02-19,401604210,reg,0,1,154,Wake Forest Demon Deacons,ACC,power,0,83,150,Duke Blue Devils,ACC,power,8,79,
2024,2024-02-24,2024-02-19,401607433,reg,0,1,12,Arizona Wildcats,Pac-12,power,4,91,264,Washington Huskies,Pac-12,power,0,75,
2024,2024-02-24,2024-02-19,401607434,reg,0,1,9,Arizona State Sun Devils,Pac-12,power,0,73,265,Washington State Cougars,Pac-12,power,21,61,
2024,2024-02-25,2024-02-19,401599546,reg,0,1,269,Marquette Golden Eagles,Big East,high,7,88,2752,Xavier Musketeers,Big East,high,0,64,
2024,2024-02-25,2024-02-19,401599547,reg,0,1,2599,St. John's Red Storm,Big East,high,0,80,156,Creighton Bluejays,Big East,high,15,66,
2024,2024-02-25,2024-02-19,401600409,reg,0,1,130,Michigan Wolverines,Big Ten,power,0,76,2509,Purdue Boilermakers,Big Ten,power,3,84,
2024,2024-02-26,2024-02-26,401603497,reg,0,1,2628,TCU Horned Frogs,Big 12,power,0,54,239,Baylor Bears,Big 12,power,15,62,
2024,2024-02-26,2024-02-26,401604211,reg,0,1,153,North Carolina Tar Heels,ACC,power,9,75,2390,Miami Hurricanes,ACC,power,0,71,
2024,2024-02-27,2024-02-26,401596925,reg,0,1,2168,Dayton Flyers,A-10,high,21,80,2166,Davidson Wildcats,A-10,high,0,66,
2024,2024-02-27,2024-02-26,401597209,reg,0,1,344,Mississippi State Bulldogs,SEC,power,0,89,96,Kentucky Wildcats,SEC,power,16,91,
2024,2024-02-27,2024-02-26,401597948,reg,0,1,21,San Diego State Aztecs,Mountain West,high,20,72,23,San José State Spartans,Mountain West,high,0,64,
2024,2024-02-27,2024-02-26,401600803,reg,0,1,278,Fresno State Bulldogs,Mountain West,high,0,73,328,Utah State Aggies,Mountain West,high,22,77,
2024,2024-02-27,2024-02-26,401603498,reg,0,1,248,Houston Cougars,Big 12,power,1,67,2132,Cincinnati Bearcats,Big 12,power,0,59,
2024,2024-02-27,2024-02-26,401603499,reg,0,1,2305,Kansas Jayhawks,Big 12,power,7,68,252,BYU Cougars,Big 12,power,0,76,
2024,2024-02-28,2024-02-26,401597210,reg,0,1,57,Florida Gators,SEC,power,24,83,142,Missouri Tigers,SEC,power,0,74,
2024,2024-02-28,2024-02-26,401597211,reg,0,1,2633,Tennessee Volunteers,SEC,power,4,92,2,Auburn Tigers,SEC,power,11,84,
2024,2024-02-28,2024-02-26,401597212,reg,0,1,145,Ole Miss Rebels,SEC,power,0,88,333,Alabama Crimson Tide,SEC,power,14,103,
2024,2024-02-28,2024-02-26,401597213,reg,0,1,245,Texas A&M Aggies,SEC,power,0,68,2579,South Carolina Gamecocks,SEC,power,18,70,
2024,2024-02-28,2024-02-26,401599550,reg,0,1,156,Creighton Bluejays,Big East,high,12,85,2550,Seton Hall Pirates,Big East,high,0,64,
2024,2024-02-28,2024-02-26,401599551,reg,0,1,269,Marquette Golden Eagles,Big East,high,5,91,2507,Providence Friars,Big East,high,0,69,
2024,2024-02-28,2024-02-26,401600412,reg,0,1,356,Illinois Fighting Illini,Big Ten,power,13,105,135,Minnesota Golden Gophers,Big Ten,power,0,97,
2024,2024-02-28,2024-02-26,401603501,reg,0,1,66,Iowa State Cyclones,Big 12,power,8,58,201,Oklahoma Sooners,Big 12,power,0,45,
2024,2024-02-28,2024-02-26,401604217,reg,0,1,150,Duke Blue Devils,ACC,power,10,84,97,Louisville Cardinals,ACC,power,0,59,
2024,2024-02-28,2024-02-26,401607437,reg,0,1,9,Arizona State Sun Devils,Pac-12,power,0,67,12,Arizona Wildcats,Pac-12,power,6,85,
2024,2024-02-29,2024-02-26,401589728,reg,0,1,2539,San Francisco Dons,WCC,high,0,68,2250,Gonzaga Bulldogs,WCC,high,23,86,
2024,2024-02-29,2024-02-26,401589729,reg,0,1,2492,Pepperdine Waves,WCC,high,0,57,2608,Saint Mary's Gaels,WCC,high,17,83,
2024,2024-02-29,2024-02-26,401607451,reg,0,1,265,Washington State Cougars,Pac-12,power,19,75,30,USC Trojans,Pac-12,power,0,72,
2024,2024-03-01,2024-02-26,401594458,reg,0,1,328,Utah State Aggies,Mountain West,high,22,72,2005,Air Force Falcons,Mountain West,high,0,60,
2024,2024-03-01,2024-02-26,401596929,reg,0,1,2350,Loyola Chicago Ramblers,A-10,high,0,77,2168,Dayton Flyers,A-10,high,21,72,
2024,2024-03-02,2024-02-26,401589731,reg,0,1,2608,Saint Mary's Gaels,WCC,high,17,57,2250,Gonzaga Bulldogs,WCC,high,23,70,
2024,2024-03-02,2024-02-26,401597214,reg,0,1,96,Kentucky Wildcats,SEC,power,16,111,8,Arkansas Razorbacks,SEC,power,0,102,
2024,2024-03-02,2024-02-26,401597215,reg,0,1,333,Alabama Crimson Tide,SEC,power,14,74,2633,Tennessee Volunteers,SEC,power,4,81,
2024,2024-03-02,2024-02-26,401597216,reg,0,1,2,Auburn Tigers,SEC,power,11,78,344,Mississippi State Bulldogs,SEC,power,0,63,
2024,2024-03-02,2024-02-26,401597219,reg,0,1,2579,South Carolina Gamecocks,SEC,power,18,82,57,Florida Gators,SEC,power,24,76,
2024,2024-03-02,2024-02-26,401599553,reg,0,1,156,Creighton Bluejays,Big East,high,12,89,269,Marquette Golden Eagles,Big East,high,5,75,
2024,2024-03-02,2024-02-26,401600416,reg,0,1,275,Wisconsin Badgers,Big Ten,power,0,83,356,Illinois Fighting Illini,Big Ten,power,13,91,
2024,2024-03-02,2024-02-26,401600418,reg,0,1,2509,Purdue Boilermakers,Big Ten,power,2,80,127,Michigan State Spartans,Big Ten,power,0,74,
2024,2024-03-02,2024-02-26,401602162,reg,0,1,2429,Charlotte 49ers,American,high,0,61,58,South Florida Bulls,American,high,25,76,
2024,2024-03-02,2024-02-26,401603503,reg,0,1,239,Baylor Bears,Big 12,power,15,82,2305,Kansas Jayhawks,Big 12,power,7,74,
2024,2024-03-02,2024-02-26,401603506,reg,0,1,201,Oklahoma Sooners,Big 12,power,0,85,248,Houston Cougars,Big 12,power,1,87,
2024,2024-03-02,2024-02-26,401603508,reg,0,1,2116,UCF Knights,Big 12,power,0,52,66,Iowa State Cyclones,Big 12,power,8,60,
2024,2024-03-02,2024-02-26,401604218,reg,0,1,150,Duke Blue Devils,ACC,power,10,73,258,Virginia Cavaliers,ACC,power,0,48,
2024,2024-03-02,2024-02-26,401604219,reg,0,1,153,North Carolina Tar Heels,ACC,power,9,79,152,NC State Wolfpack,ACC,power,0,70,
2024,2024-03-02,2024-02-26,401607438,reg,0,1,12,Arizona Wildcats,Pac-12,power,6,103,2483,Oregon Ducks,Pac-12,power,0,83,
2024,2024-03-02,2024-02-26,401607449,reg,0,1,265,Washington State Cougars,Pac-12,power,19,77,26,UCLA Bruins,Pac-12,power,0,65,
2024,2024-03-03,2024-02-26,401599557,reg,0,1,41,UConn Huskies,Big East,high,3,91,2550,Seton Hall Pirates,Big East,high,0,61,
2024,2024-03-04,2024-03-04,401603510,reg,0,1,239,Baylor Bears,Big 12,power,11,93,251,Texas Longhorns,Big 12,power,0,85,
2024,2024-03-04,2024-03-04,401604225,reg,0,1,152,NC State Wolfpack,ACC,power,0,64,150,Duke Blue Devils,ACC,power,9,79,
2024,2024-03-05,2024-03-04,401596937,reg,0,1,139,Saint Louis Billikens,A-10,high,0,83,2168,Dayton Flyers,A-10,high,25,100,
2024,2024-03-05,2024-03-04,401597221,reg,0,1,142,Missouri Tigers,SEC,power,0,74,2,Auburn Tigers,SEC,power,13,101,
2024,2024-03-05,2024-03-04,401597222,reg,0,1,57,Florida Gators,SEC,power,0,105,333,Alabama Crimson Tide,SEC,power,16,87,
2024,2024-03-05,2024-03-04,401597316,reg,0,1,2439,UNLV Rebels,Mountain West,high,0,62,21,San Diego State Aztecs,Mountain West,high,21,58,
2024,2024-03-05,2024-03-04,401600423,reg,0,1,356,Illinois Fighting Illini,Big Ten,power,12,71,2509,Purdue Boilermakers,Big Ten,power,3,77,
2024,2024-03-05,2024-03-04,401602169,reg,0,1,58,South Florida Bulls,American,high,24,85,2655,Tulane Green Wave,American,high,0,72,
2024,2024-03-05,2024-03-04,401603512,reg,0,1,2305,Kansas Jayhawks,Big 12,power,14,90,2306,Kansas State Wildcats,Big 12,power,0,68,
2024,2024-03-05,2024-03-04,401604226,reg,0,1,153,North Carolina Tar Heels,ACC,power,7,84,87,Notre Dame Fighting Irish,ACC,power,0,51,
2024,2024-03-06,2024-03-04,401597224,reg,0,1,96,Kentucky Wildcats,SEC,power,15,93,238,Vanderbilt Commodores,SEC,power,0,77,
2024,2024-03-06,2024-03-04,401597225,reg,0,1,2579,South Carolina Gamecocks,SEC,power,17,59,2633,Tennessee Volunteers,SEC,power,4,66,
2024,2024-03-06,2024-03-04,401599561,reg,0,1,269,Marquette Golden Eagles,Big East,high,8,67,41,UConn Huskies,Big East,high,2,74,
2024,2024-03-06,2024-03-04,401600804,reg,0,1,23,San José State Spartans,Mountain West,high,0,70,328,Utah State Aggies,Mountain West,high,22,90,
2024,2024-03-06,2024-03-04,401603514,reg,0,1,66,Iowa State Cyclones,Big 12,power,6,68,252,BYU Cougars,Big 12,power,20,63,
2024,2024-03-06,2024-03-04,401603515,reg,0,1,2116,UCF Knights,Big 12,power,0,59,248,Houston Cougars,Big 12,power,1,67,
2024,2024-03-07,2024-03-04,401607441,reg,0,1,265,Washington State Cougars,Pac-12,power,18,68,264,Washington Huskies,Pac-12,power,0,74,
2024,2024-03-07,2024-03-04,401607442,reg,0,1,26,UCLA Bruins,Pac-12,power,0,65,12,Arizona Wildcats,Pac-12,power,5,88,
2024,2024-03-08,2024-03-04,401596943,reg,0,1,2168,Dayton Flyers,A-10,high,25,91,2670,VCU Rams,A-10,high,0,86,
2024,2024-03-08,2024-03-04,401597949,reg,0,1,21,San Diego State Aztecs,Mountain West,high,21,77,68,Boise State Broncos,Mountain West,high,0,79,
2024,2024-03-09,2024-03-04,401597228,reg,0,1,333,Alabama Crimson Tide,SEC,power,16,92,8,Arkansas Razorbacks,SEC,power,0,88,
2024,2024-03-09,2024-03-04,401597229,reg,0,1,2,Auburn Tigers,SEC,power,13,92,61,Georgia Bulldogs,SEC,power,0,78,
2024,2024-03-09,2024-03-04,401597232,reg,0,1,344,Mississippi State Bulldogs,SEC,power,0,89,2579,South Carolina Gamecocks,SEC,power,17,93,
2024,2024-03-09,2024-03-04,401597233,reg,0,1,2633,Tennessee Volunteers,SEC,power,4,81,96,Kentucky Wildcats,SEC,power,15,85,
2024,2024-03-09,2024-03-04,401599564,reg,0,1,2507,Providence Friars,Big East,high,0,60,41,UConn Huskies,Big East,high,2,74,
2024,2024-03-09,2024-03-04,401599565,reg,0,1,222,Villanova Wildcats,Big East,high,0,67,156,Creighton Bluejays,Big East,high,10,69,
2024,2024-03-09,2024-03-04,401599566,reg,0,1,2752,Xavier Musketeers,Big East,high,0,80,269,Marquette Golden Eagles,Big East,high,8,86,
2024,2024-03-09,2024-03-04,401600805,reg,0,1,328,Utah State Aggies,Mountain West,high,22,87,167,New Mexico Lobos,Mountain West,high,0,85,
2024,2024-03-09,2024-03-04,401602178,reg,0,1,202,Tulsa Golden Hurricane,American,high,0,76,58,South Florida Bulls,American,high,24,70,
2024,2024-03-09,2024-03-04,401603517,reg,0,1,252,BYU Cougars,Big 12,power,20,85,197,Oklahoma State Cowboys,Big 12,power,0,71,
2024,2024-03-09,2024-03-04,401603519,reg,0,1,248,Houston Cougars,Big 12,power,1,76,2305,Kansas Jayhawks,Big 12,power,14,46,
2024,2024-03-09,2024-03-04,401603520,reg,0,1,2306,Kansas State Wildcats,Big 12,power,0,65,66,Iowa State Cyclones,Big 12,power,6,58,
2024,2024-03-09,2024-03-04,401603523,reg,0,1,2641,Texas Tech Red Raiders,Big 12,power,0,78,239,Baylor Bears,Big 12,power,11,68,
2024,2024-03-09,2024-03-04,401604232,reg,0,1,150,Duke Blue Devils,ACC,power,9,79,153,North Carolina Tar Heels,ACC,power,7,84,
2024,2024-03-09,2024-03-04,401607475,reg,0,1,30,USC Trojans,Pac-12,power,0,78,12,Arizona Wildcats,Pac-12,power,5,65,
2024,2024-03-10,2024-03-04,401600428,reg,0,1,2294,Iowa Hawkeyes,Big Ten,power,0,61,356,Illinois Fighting Illini,Big Ten,power,12,73,
2024,2024-03-10,2024-03-04,401600433,reg,0,1,2509,Purdue Boilermakers,Big Ten,power,3,78,275,Wisconsin Badgers,Big Ten,power,0,70,
2024,2024-03-11,2024-03-11,401625647,reg,1,1,2608,Saint Mary's Gaels,WCC,high,21,79,2541,Santa Clara Broncos,WCC,high,0,65,West Coast Conference Tournament - Semifinal
2024,2024-03-11,2024-03-11,401625648,reg,1,1,2250,Gonzaga Bulldogs,WCC,high,17,89,2539,San Francisco Dons,WCC,high,0,77,West Coast Conference Tournament - Semifinal
2024,2024-03-12,2024-03-11,401625649,reg,1,1,2608,Saint Mary's Gaels,WCC,high,21,69,2250,Gonzaga Bulldogs,WCC,high,17,60,West Coast Conference Tournament - Final
2024,2024-03-13,2024-03-11,401625416,reg,1,1,252,BYU Cougars,Big 12,power,20,87,2116,UCF Knights,Big 12,power,0,73,Phillips 66 Big 12 Championship - 2nd Round
2024,2024-03-13,2024-03-11,401625439,reg,1,1,2305,Kansas Jayhawks,Big 12,power,16,52,2132,Cincinnati Bearcats,Big 12,power,0,72,Phillips 66 Big 12 Championship - 2nd Round
2024,2024-03-14,2024-03-11,401625407,reg,1,1,153,North Carolina Tar Heels,ACC,power,4,92,52,Florida State Seminoles,ACC,power,0,67,ACC Tournament pres. by T. Rowe Price - Quarterfinal
2024,2024-03-14,2024-03-11,401625409,reg,1,1,150,Duke Blue Devils,ACC,power,11,69,152,NC State Wolfpack,ACC,power,0,74,ACC Tournament pres. by T. Rowe Price - Quarterfinal
2024,2024-03-14,2024-03-11,401625440,reg,1,1,2641,Texas Tech Red Raiders,Big 12,power,25,81,252,BYU Cougars,Big 12,power,20,67,Phillips 66 Big 12 Championship - Quarterfinal
2024,2024-03-14,2024-03-11,401625441,reg,1,1,248,Houston Cougars,Big 12,power,1,60,2628,TCU Horned Frogs,Big 12,power,0,45,Phillips 66 Big 12 Championship - Quarterfinal
2024,2024-03-14,2024-03-11,401625442,reg,1,1,66,Iowa State Cyclones,Big 12,power,7,76,2306,Kansas State Wildcats,Big 12,power,0,57,Phillips 66 Big 12 Championship - Quarterfinal
2024,2024-03-14,2024-03-11,401625443,reg,1,1,239,Baylor Bears,Big 12,power,14,68,2132,Cincinnati Bearcats,Big 12,power,0,56,Phillips 66 Big 12 Championship - Quarterfinal
2024,2024-03-14,2024-03-11,401625450,reg,1,1,2579,South Carolina Gamecocks,SEC,power,15,80,8,Arkansas Razorbacks,SEC,power,0,66,SEC Tournament - 2nd Round
2024,2024-03-14,2024-03-11,401625477,reg,1,1,12,Arizona Wildcats,Pac-12,power,6,70,30,USC Trojans,Pac-12,power,0,49,Pac-12 Tournament - Quarterfinal
2024,2024-03-14,2024-03-11,401625479,reg,1,1,265,Washington State Cougars,Pac-12,power,22,79,24,Stanford Cardinal,Pac-12,power,0,62,Pac-12 Tournament - Quarterfinal
2024,2024-03-14,2024-03-11,401625525,reg,1,1,328,Utah State Aggies,Mountain West,high,18,87,278,Fresno State Bulldogs,Mountain West,high,0,75,Mountain West Championship - Quarterfinal
2024,2024-03-14,2024-03-11,401625527,reg,1,1,2440,Nevada Wolf Pack,Mountain West,high,23,78,36,Colorado State Rams,Mountain West,high,0,85,Mountain West Championship - Quarterfinal
2024,2024-03-14,2024-03-11,401625552,reg,1,1,2168,Dayton Flyers,A-10,high,24,57,2184,Duquesne Dukes,A-10,high,0,65,Atlantic 10 Championship - Quarterfinal
2024,2024-03-14,2024-03-11,401625559,reg,1,1,41,UConn Huskies,Big East,high,2,87,2752,Xavier Musketeers,Big East,high,0,60,Big East Tournament - Quarterfinal
2024,2024-03-14,2024-03-11,401625561,reg,1,1,156,Creighton Bluejays,Big East,high,8,73,2507,Providence Friars,Big East,high,0,78,Big East Tournament - Quarterfinal
2024,2024-03-14,2024-03-11,401625562,reg,1,1,269,Marquette Golden Eagles,Big East,high,10,71,222,Villanova Wildcats,Big East,high,0,65,Big East Tournament - Quarterfinal
2024,2024-03-15,2024-03-11,401625411,reg,1,1,153,North Carolina Tar Heels,ACC,power,4,72,221,Pittsburgh Panthers,ACC,power,0,65,ACC Tournament pres. by T. Rowe Price - Semifinal
2024,2024-03-15,2024-03-11,401625444,reg,1,1,248,Houston Cougars,Big 12,power,1,82,2641,Texas Tech Red Raiders,Big 12,power,25,59,Phillips 66 Big 12 Championship - Semifinal
2024,2024-03-15,2024-03-11,401625445,reg,1,1,66,Iowa State Cyclones,Big 12,power,7,76,239,Baylor Bears,Big 12,power,14,62,Phillips 66 Big 12 Championship - Semifinal
2024,2024-03-15,2024-03-11,401625453,reg,1,1,2633,Tennessee Volunteers,SEC,power,5,56,344,Mississippi State Bulldogs,SEC,power,0,73,SEC Tournament - Quarterfinal
2024,2024-03-15,2024-03-11,401625454,reg,1,1,2,Auburn Tigers,SEC,power,12,86,2579,South Carolina Gamecocks,SEC,power,15,55,SEC Tournament - Quarterfinal
2024,2024-03-15,2024-03-11,401625455,reg,1,1,96,Kentucky Wildcats,SEC,power,9,87,245,Texas A&M Aggies,SEC,power,0,97,SEC Tournament - Quarterfinal
2024,2024-03-15,2024-03-11,401625456,reg,1,1,333,Alabama Crimson Tide,SEC,power,19,88,57,Florida Gators,SEC,power,0,102,SEC Tournament - Quarterfinal
2024,2024-03-15,2024-03-11,401625481,reg,1,1,12,Arizona Wildcats,Pac-12,power,6,59,2483,Oregon Ducks,Pac-12,power,0,67,Pac-12 Tournament - Semifinal
2024,2024-03-15,2024-03-11,401625482,reg,1,1,265,Washington State Cougars,Pac-12,power,22,52,38,Colorado Buffaloes,Pac-12,power,0,58,Pac-12 Tournament - Semifinal
2024,2024-03-15,2024-03-11,401625529,reg,1,1,328,Utah State Aggies,Mountain West,high,18,70,21,San Diego State Aztecs,Mountain West,high,0,86,Mountain West Championship - Semifinal
2024,2024-03-15,2024-03-11,401625563,reg,0,1,41,UConn Huskies,Big East,high,2,95,2599,St. John's Red Storm,Big East,high,0,90,Big East Tournament - Semifinal
2024,2024-03-15,2024-03-11,401625564,reg,1,1,269,Marquette Golden Eagles,Big East,high,10,79,2507,Providence Friars,Big East,high,0,68,Big East Tournament - Semifinal
2024,2024-03-15,2024-03-11,401625684,reg,1,1,2509,Purdue Boilermakers,Big Ten,power,3,67,127,Michigan State Spartans,Big Ten,power,0,62,Big Ten Tournament - Quarterfinal
2024,2024-03-15,2024-03-11,401625686,reg,1,1,356,Illinois Fighting Illini,Big Ten,power,13,77,194,Ohio State Buckeyes,Big Ten,power,0,74,Big Ten Tournament - Quarterfinal
2024,2024-03-16,2024-03-11,401625413,reg,1,1,153,North Carolina Tar Heels,ACC,power,4,76,152,NC State Wolfpack,ACC,power,0,84,ACC Tournament pres. by T. Rowe Price - Final
2024,2024-03-16,2024-03-11,401625446,reg,1,1,248,Houston Cougars,Big 12,power,1,41,66,Iowa State Cyclones,Big 12,power,7,69,Phillips 66 Big 12 Championship - Final
2024,2024-03-16,2024-03-11,401625457,reg,1,1,2,Auburn Tigers,SEC,power,12,73,344,Mississippi State Bulldogs,SEC,power,0,66,SEC Tournament - Semifinal
2024,2024-03-16,2024-03-11,401625565,reg,1,1,41,UConn Huskies,Big East,high,2,73,269,Marquette Golden Eagles,Big East,high,10,57,Big East Tournament - Final
2024,2024-03-16,2024-03-11,401625688,reg,1,1,2509,Purdue Boilermakers,Big Ten,power,3,75,275,Wisconsin Badgers,Big Ten,power,0,76,Big Ten Tournament - Semifinal
2024,2024-03-16,2024-03-11,401625689,reg,1,1,356,Illinois Fighting Illini,Big Ten,power,13,98,158,Nebraska Cornhuskers,Big Ten,power,0,87,Big Ten Tournament - Semifinal
2024,2024-03-17,2024-03-11,401625459,reg,1,1,2,Auburn Tigers,SEC,power,12,86,57,Florida Gators,SEC,power,0,67,SEC Tournament - Final
2024,2024-03-17,2024-03-11,401625690,reg,1,1,356,Illinois Fighting Illini,Big Ten,power,13,93,275,Wisconsin Badgers,Big Ten,power,0,87,Big Ten Tournament - Final
2024,2024-03-19,2024-03-18,401638579,ncaa,1,0,47,Howard Bison,MEAC,mid,16,68,2681,Wagner Seahawks,NEC,mid,16,71,Men's Basketball Championship - West Region - First Four
2024,2024-03-19,2024-03-18,401638580,ncaa,1,0,258,Virginia Cavaliers,ACC,power,10,42,36,Colorado State Rams,Mountain West,high,10,67,Men's Basketball Championship - Midwest Region - First Four
2024,2024-03-20,2024-03-18,401638581,ncaa,1,0,147,Montana State Bobcats,Big Sky,mid,16,81,2755,Grambling Tigers,SWAC,mid,16,88,Men's Basketball Championship - Midwest Region - First Four
2024,2024-03-20,2024-03-18,401638582,ncaa,1,0,68,Boise State Broncos,Mountain West,high,10,53,38,Colorado Buffaloes,Pac-12,power,10,60,Men's Basketball Championship - South Region - First Four
2024,2024-03-21,2024-03-18,401638583,ncaa,1,0,12,Arizona Wildcats,Pac-12,power,2,85,299,Long Beach State Beach,Big West,mid,15,65,Men's Basketball Championship - West Region - 1st Round
2024,2024-03-21,2024-03-18,401638584,ncaa,1,0,2168,Dayton Flyers,A-10,high,7,63,2440,Nevada Wolf Pack,Mountain West,high,10,60,Men's Basketball Championship - West Region - 1st Round
2024,2024-03-21,2024-03-18,401638585,ncaa,1,0,344,Mississippi State Bulldogs,SEC,power,8,51,127,Michigan State Spartans,Big Ten,power,9,69,Men's Basketball Championship - West Region - 1st Round
2024,2024-03-21,2024-03-18,401638586,ncaa,1,0,153,North Carolina Tar Heels,ACC,power,1,90,2681,Wagner Seahawks,NEC,mid,16,62,Men's Basketball Championship - West Region - 1st Round
2024,2024-03-21,2024-03-18,401638587,ncaa,1,0,2633,Tennessee Volunteers,SEC,power,2,83,2612,Saint Peter's Peacocks,MAAC,mid,15,49,Men's Basketball Championship - Midwest Region - 1st Round
2024,2024-03-21,2024-03-18,401638588,ncaa,1,0,251,Texas Longhorns,Big 12,power,7,56,36,Colorado State Rams,Mountain West,high,10,44,Men's Basketball Championship - Midwest Region - 1st Round
2024,2024-03-21,2024-03-18,401638589,ncaa,1,0,156,Creighton Bluejays,Big East,high,3,77,2006,Akron Zips,MAC,mid,14,60,Men's Basketball Championship - Midwest Region - 1st Round
2024,2024-03-21,2024-03-18,401638590,ncaa,1,0,2579,South Carolina Gamecocks,SEC,power,6,73,2483,Oregon Ducks,Pac-12,power,11,87,Men's Basketball Championship - Midwest Region - 1st Round
2024,2024-03-21,2024-03-18,401638591,ncaa,1,0,2305,Kansas Jayhawks,Big 12,power,4,93,2535,Samford Bulldogs,SoCon,mid,13,89,Men's Basketball Championship - Midwest Region - 1st Round
2024,2024-03-21,2024-03-18,401638592,ncaa,1,0,2250,Gonzaga Bulldogs,WCC,high,5,86,2377,McNeese Cowboys,Southland,mid,12,65,Men's Basketball Championship - Midwest Region - 1st Round
2024,2024-03-21,2024-03-18,401638593,ncaa,1,0,96,Kentucky Wildcats,SEC,power,3,76,2473,Oakland Golden Grizzlies,Horizon,mid,14,80,Men's Basketball Championship - South Region - 1st Round
2024,2024-03-21,2024-03-18,401638594,ncaa,1,0,2641,Texas Tech Red Raiders,Big 12,power,6,67,152,NC State Wolfpack,ACC,power,11,80,Men's Basketball Championship - South Region - 1st Round
2024,2024-03-21,2024-03-18,401638595,ncaa,1,0,66,Iowa State Cyclones,Big 12,power,2,82,2571,South Dakota State Jackrabbits,Summit,mid,15,65,Men's Basketball Championship - East Region - 1st Round
2024,2024-03-21,2024-03-18,401638596,ncaa,1,0,265,Washington State Cougars,Pac-12,power,7,66,2181,Drake Bulldogs,MVC,mid,10,61,Men's Basketball Championship - East Region - 1st Round
2024,2024-03-21,2024-03-18,401638597,ncaa,1,0,356,Illinois Fighting Illini,Big Ten,power,3,85,2413,Morehead State Eagles,OVC,mid,14,69,Men's Basketball Championship - East Region - 1st Round
2024,2024-03-21,2024-03-18,401638598,ncaa,1,0,252,BYU Cougars,Big 12,power,6,67,2184,Duquesne Dukes,A-10,high,11,71,Men's Basketball Championship - East Region - 1st Round
2024,2024-03-22,2024-03-18,401638599,ncaa,1,0,41,UConn Huskies,Big East,high,1,91,56,Stetson Hatters,ASUN,mid,16,52,Men's Basketball Championship - East Region - 1st Round
2024,2024-03-22,2024-03-18,401638600,ncaa,1,0,248,Houston Cougars,Big 12,power,1,86,2344,Longwood Lancers,Big South,mid,16,46,Men's Basketball Championship - South Region - 1st Round
2024,2024-03-22,2024-03-18,401638601,ncaa,1,0,2509,Purdue Boilermakers,Big Ten,power,1,78,2755,Grambling Tigers,SWAC,mid,16,50,Men's Basketball Championship - Midwest Region - 1st Round
2024,2024-03-22,2024-03-18,401638602,ncaa,1,0,239,Baylor Bears,Big 12,power,3,92,2142,Colgate Raiders,Patriot,mid,14,67,Men's Basketball Championship - West Region - 1st Round
2024,2024-03-22,2024-03-18,401638603,ncaa,1,0,228,Clemson Tigers,ACC,power,6,77,167,New Mexico Lobos,Mountain West,high,11,56,Men's Basketball Championship - West Region - 1st Round
2024,2024-03-22,2024-03-18,401638604,ncaa,1,0,333,Alabama Crimson Tide,SEC,power,4,109,232,Charleston Cougars,CAA,mid,13,96,Men's Basketball Championship - West Region - 1st Round
2024,2024-03-22,2024-03-18,401638605,ncaa,1,0,2608,Saint Mary's Gaels,WCC,high,5,66,2253,Grand Canyon Lopes,WAC,mid,12,75,Men's Basketball Championship - West Region - 1st Round
2024,2024-03-22,2024-03-18,401638606,ncaa,1,0,328,Utah State Aggies,Mountain West,high,8,88,2628,TCU Horned Frogs,Big 12,power,9,72,Men's Basketball Championship - Midwest Region - 1st Round
2024,2024-03-22,2024-03-18,401638607,ncaa,1,0,269,Marquette Golden Eagles,Big East,high,2,87,98,Western Kentucky Hilltoppers,CUSA,mid,15,69,Men's Basketball Championship - South Region - 1st Round
2024,2024-03-22,2024-03-18,401638608,ncaa,1,0,57,Florida Gators,SEC,power,7,100,38,Colorado Buffaloes,Pac-12,power,10,102,Men's Basketball Championship - South Region - 1st Round
2024,2024-03-22,2024-03-18,401638609,ncaa,1,0,150,Duke Blue Devils,ACC,power,4,64,261,Vermont Catamounts,Am. East,mid,13,47,Men's Basketball Championship - South Region - 1st Round
2024,2024-03-22,2024-03-18,401638610,ncaa,1,0,275,Wisconsin Badgers,Big Ten,power,5,61,256,James Madison Dukes,Sun Belt,mid,12,72,Men's Basketball Championship - South Region - 1st Round
2024,2024-03-22,2024-03-18,401638611,ncaa,1,0,158,Nebraska Cornhuskers,Big Ten,power,8,83,245,Texas A&M Aggies,SEC,power,9,98,Men's Basketball Championship - South Region - 1st Round
2024,2024-03-22,2024-03-18,401638612,ncaa,1,0,2,Auburn Tigers,SEC,power,4,76,43,Yale Bulldogs,Ivy,mid,13,78,Men's Basketball Championship - East Region - 1st Round
2024,2024-03-22,2024-03-18,401638613,ncaa,1,0,21,San Diego State Aztecs,Mountain West,high,5,69,5,UAB Blazers,American,high,12,65,Men's Basketball Championship - East Region - 1st Round
2024,2024-03-22,2024-03-18,401638614,ncaa,1,0,2226,Florida Atlantic Owls,American,high,8,65,77,Northwestern Wildcats,Big Ten,power,9,77,Men's Basketball Championship - East Region - 1st Round
2024,2024-03-23,2024-03-18,401638615,ncaa,1,0,356,Illinois Fighting Illini,Big Ten,power,3,89,2184,Duquesne Dukes,A-10,high,11,63,Men's Basketball Championship - East Region - 2nd Round
2024,2024-03-23,2024-03-18,401638616,ncaa,1,0,66,Iowa State Cyclones,Big 12,power,2,67,265,Washington State Cougars,Pac-12,power,7,56,Men's Basketball Championship - East Region - 2nd Round
2024,2024-03-23,2024-03-18,401638617,ncaa,1,0,2305,Kansas Jayhawks,Big 12,power,4,68,2250,Gonzaga Bulldogs,WCC,high,5,89,Men's Basketball Championship - Midwest Region - 2nd Round
2024,2024-03-23,2024-03-18,401638618,ncaa,1,0,156,Creighton Bluejays,Big East,high,3,86,2483,Oregon Ducks,Pac-12,power,11,73,Men's Basketball Championship - Midwest Region - 2nd Round
2024,2024-03-23,2024-03-18,401638619,ncaa,1,0,2633,Tennessee Volunteers,SEC,power,2,62,251,Texas Longhorns,Big 12,power,7,58,Men's Basketball Championship - Midwest Region - 2nd Round
2024,2024-03-23,2024-03-18,401638620,ncaa,1,0,152,NC State Wolfpack,ACC,power,11,79,2473,Oakland Golden Grizzlies,Horizon,mid,14,73,Men's Basketball Championship - South Region - 2nd Round
2024,2024-03-23,2024-03-18,401638621,ncaa,1,0,12,Arizona Wildcats,Pac-12,power,2,78,2168,Dayton Flyers,A-10,high,7,68,Men's Basketball Championship - West Region - 2nd Round
2024,2024-03-23,2024-03-18,401638622,ncaa,1,0,153,North Carolina Tar Heels,ACC,power,1,85,127,Michigan State Spartans,Big Ten,power,9,69,Men's Basketball Championship - West Region - 2nd Round
2024,2024-03-24,2024-03-18,401638623,ncaa,1,0,333,Alabama Crimson Tide,SEC,power,4,72,2253,Grand Canyon Lopes,WAC,mid,12,61,Men's Basketball Championship - West Region - 2nd Round
2024,2024-03-24,2024-03-18,401638624,ncaa,1,0,239,Baylor Bears,Big 12,power,3,64,228,Clemson Tigers,ACC,power,6,72,Men's Basketball Championship - West Region - 2nd Round
2024,2024-03-24,2024-03-18,401638625,ncaa,1,0,269,Marquette Golden Eagles,Big East,high,2,81,38,Colorado Buffaloes,Pac-12,power,10,77,Men's Basketball Championship - South Region - 2nd Round
2024,2024-03-24,2024-03-18,401638626,ncaa,1,0,248,Houston Cougars,Big 12,power,1,100,245,Texas A&M Aggies,SEC,power,9,95,Men's Basketball Championship - South Region - 2nd Round
2024,2024-03-24,2024-03-18,401638627,ncaa,1,0,150,Duke Blue Devils,ACC,power,4,93,256,James Madison Dukes,Sun Belt,mid,12,55,Men's Basketball Championship - South Region - 2nd Round
2024,2024-03-24,2024-03-18,401638628,ncaa,1,0,2509,Purdue Boilermakers,Big Ten,power,1,106,328,Utah State Aggies,Mountain West,high,8,67,Men's Basketball Championship - Midwest Region - 2nd Round
2024,2024-03-24,2024-03-18,401638629,ncaa,1,0,21,San Diego State Aztecs,Mountain West,high,5,85,43,Yale Bulldogs,Ivy,mid,13,57,Men's Basketball Championship - East Region - 2nd Round
2024,2024-03-24,2024-03-18,401638630,ncaa,1,0,41,UConn Huskies,Big East,high,1,75,77,Northwestern Wildcats,Big Ten,power,9,58,Men's Basketball Championship - East Region - 2nd Round
2024,2024-03-28,2024-03-25,401638631,ncaa,1,0,12,Arizona Wildcats,Pac-12,power,2,72,228,Clemson Tigers,ACC,power,6,77,Men's Basketball Championship - West Region - Sweet 16
2024,2024-03-28,2024-03-25,401638632,ncaa,1,0,153,North Carolina Tar Heels,ACC,power,1,87,333,Alabama Crimson Tide,SEC,power,4,89,Men's Basketball Championship - West Region - Sweet 16
2024,2024-03-28,2024-03-25,401638633,ncaa,1,0,41,UConn Huskies,Big East,high,1,82,21,San Diego State Aztecs,Mountain West,high,5,52,Men's Basketball Championship - East Region - Sweet 16
2024,2024-03-28,2024-03-25,401638634,ncaa,1,0,66,Iowa State Cyclones,Big 12,power,2,69,356,Illinois Fighting Illini,Big Ten,power,3,72,Men's Basketball Championship - East Region - Sweet 16
2024,2024-03-29,2024-03-25,401638635,ncaa,1,0,2509,Purdue Boilermakers,Big Ten,power,1,80,2250,Gonzaga Bulldogs,WCC,high,5,68,Men's Basketball Championship - Midwest Region - Sweet 16
2024,2024-03-29,2024-03-25,401638636,ncaa,1,0,2633,Tennessee Volunteers,SEC,power,2,82,156,Creighton Bluejays,Big East,high,3,75,Men's Basketball Championship - Midwest Region - Sweet 16
2024,2024-03-29,2024-03-25,401638637,ncaa,1,0,269,Marquette Golden Eagles,Big East,high,2,58,152,NC State Wolfpack,ACC,power,11,67,Men's Basketball Championship - South Region - Sweet 16
2024,2024-03-29,2024-03-25,401638638,ncaa,1,0,248,Houston Cougars,Big 12,power,1,51,150,Duke Blue Devils,ACC,power,4,54,Men's Basketball Championship - South Region - Sweet 16
2024,2024-03-30,2024-03-25,401638639,ncaa,1,0,41,UConn Huskies,Big East,high,1,77,356,Illinois Fighting Illini,Big Ten,power,3,52,Men's Basketball Championship - East Region - Elite 8
2024,2024-03-30,2024-03-25,401638640,ncaa,1,0,333,Alabama Crimson Tide,SEC,power,4,89,228,Clemson Tigers,ACC,power,6,82,Men's Basketball Championship - West Region - Elite 8
2024,2024-03-31,2024-03-25,401638641,ncaa,1,0,150,Duke Blue Devils,ACC,power,4,64,152,NC State Wolfpack,ACC,power,11,76,Men's Basketball Championship - South Region - Elite 8
2024,2024-03-31,2024-03-25,401638642,ncaa,1,0,2509,Purdue Boilermakers,Big Ten,power,1,72,2633,Tennessee Volunteers,SEC,power,2,66,Men's Basketball Championship - Midwest Region - Elite 8
2024,2024-04-06,2024-04-01,401638643,ncaa,1,0,2509,Purdue Boilermakers,Big Ten,power,1,63,152,NC State Wolfpack,ACC,power,11,50,Men's Basketball Championship - Final Four
2024,2024-04-06,2024-04-01,401638644,ncaa,1,0,41,UConn Huskies,Big East,high,1,86,333,Alabama Crimson Tide,SEC,power,4,72,Men's Basketball Championship - Final Four
2024,2024-04-08,2024-04-08,401638645,ncaa,1,0,41,UConn Huskies,Big East,high,1,75,2509,Purdue Boilermakers,Big Ten,power,1,60,Men's Basketball Championship - National Championship
