season,date,week_monday,game_id,kind,neutral,conf_game,home_id,home,home_conf,home_tier,home_rank,home_score,away_id,away,away_conf,away_tier,away_rank,away_score,notes
2022,2021-11-09,2021-11-08,401364993,reg,0,0,194,Ohio State Buckeyes,Big Ten,power,17,67,2006,Akron Zips,MAC,mid,0,66,
2022,2021-11-09,2021-11-08,401365207,reg,0,0,120,Maryland Terrapins,Big Ten,power,21,83,2514,Quinnipiac Bobcats,MAAC,mid,0,69,
2022,2021-11-09,2021-11-08,401365208,reg,0,0,179,St. Bonaventure Bonnies,A-10,high,23,75,2561,Siena Saints,MAAC,mid,0,47,
2022,2021-11-09,2021-11-08,401369133,reg,0,0,2509,Purdue Boilermakers,Big Ten,power,7,96,91,Bellarmine Knights,ASUN,mid,0,67,
2022,2021-11-09,2021-11-08,401369850,reg,1,0,150,Duke Blue Devils,ACC,power,9,79,96,Kentucky Wildcats,SEC,power,10,71,State Farm Champions Classic
2022,2021-11-09,2021-11-08,401369943,reg,0,0,153,North Carolina Tar Heels,ACC,power,19,83,2352,Loyola Maryland Greyhounds,Patriot,mid,0,67,
2022,2021-11-09,2021-11-08,401370036,reg,0,0,258,Virginia Cavaliers,ACC,power,25,58,2426,Navy Midshipmen,Patriot,mid,0,66,
2022,2021-11-09,2021-11-08,401371246,reg,0,0,2250,Gonzaga Bulldogs,WCC,high,1,97,3101,Utah Tech Trailblazers,WAC,mid,0,63,
2022,2021-11-09,2021-11-08,401371567,reg,0,0,251,Texas Longhorns,Big 12,power,5,92,2277,Houston Christian Huskies,Southland,mid,0,48,
2022,2021-11-09,2021-11-08,401371811,reg,0,0,248,Houston Cougars,American,high,15,83,2275,Hofstra Pride,CAA,mid,0,75,
2022,2021-11-09,2021-11-08,401371819,reg,0,0,333,Alabama Crimson Tide,SEC,power,14,93,2348,Louisiana Tech Bulldogs,CUSA,mid,0,64,
2022,2021-11-09,2021-11-08,401371824,reg,0,0,8,Arkansas Razorbacks,SEC,power,16,74,2382,Mercer Bears,SoCon,mid,0,61,
2022,2021-11-09,2021-11-08,401371832,reg,0,0,2,Auburn Tigers,SEC,power,22,77,2413,Morehead State Eagles,OVC,mid,0,54,
2022,2021-11-09,2021-11-08,401371892,reg,0,0,2633,Tennessee Volunteers,SEC,power,18,90,2630,UT Martin Skyhawks,OVC,mid,0,62,
2022,2021-11-09,2021-11-08,401371914,reg,0,0,235,Memphis Tigers,American,high,12,89,2635,Tennessee Tech Golden Eagles,OVC,mid,0,65,
2022,2021-11-09,2021-11-08,401372026,reg,0,0,41,UConn Huskies,Big East,high,24,99,2115,Central Connecticut Blue Devils,NEC,mid,0,48,
2022,2021-11-09,2021-11-08,401372031,reg,0,0,222,Villanova Wildcats,Big East,high,4,91,116,Mount St. Mary's Mountaineers,NEC,mid,0,51,
2022,2021-11-09,2021-11-08,401372110,reg,0,0,356,Illinois Fighting Illini,Big Ten,power,11,71,2296,Jackson State Tigers,SWAC,mid,0,47,
2022,2021-11-09,2021-11-08,401372138,reg,1,0,127,Michigan State Spartans,Big Ten,power,0,74,2305,Kansas Jayhawks,Big 12,power,3,87,State Farm Champions Classic
2022,2021-11-09,2021-11-08,401373388,reg,0,0,2483,Oregon Ducks,Pac-12,power,13,83,2640,Texas Southern Tigers,SWAC,mid,0,66,
2022,2021-11-09,2021-11-08,401373878,reg,0,0,26,UCLA Bruins,Pac-12,power,2,95,2934,Cal State Bakersfield Roadrunners,Big West,mid,0,58,
2022,2021-11-10,2021-11-08,401364997,reg,0,0,130,Michigan Wolverines,Big Ten,power,6,88,2084,Buffalo Bulls,MAC,mid,0,76,
2022,2021-11-10,2021-11-08,401369870,reg,0,0,52,Florida State Seminoles,ACC,power,20,105,219,Pennsylvania Quakers,Ivy,mid,0,70,
2022,2021-11-11,2021-11-08,401371575,reg,0,0,120,Maryland Terrapins,Big Ten,power,21,71,45,George Washington Colonials,A-10,high,0,64,
2022,2021-11-12,2021-11-08,401365212,reg,0,0,194,Ohio State Buckeyes,Big Ten,power,17,84,315,Niagara Purple Eagles,MAAC,mid,0,74,
2022,2021-11-12,2021-11-08,401369851,reg,0,0,150,Duke Blue Devils,ACC,power,9,82,349,Army Black Knights,Patriot,mid,0,56,Duke Veterans Day Weekend Showcase
2022,2021-11-12,2021-11-08,401369944,reg,0,0,153,North Carolina Tar Heels,ACC,power,19,94,225,Brown Bears,Ivy,mid,0,87,
2022,2021-11-12,2021-11-08,401370037,reg,0,0,258,Virginia Cavaliers,ACC,power,25,73,2515,Radford Highlanders,Big South,mid,0,52,
2022,2021-11-12,2021-11-08,401371744,reg,0,0,333,Alabama Crimson Tide,SEC,power,14,104,2571,South Dakota State Jackrabbits,Summit,mid,0,88,
2022,2021-11-12,2021-11-08,401371812,reg,0,0,248,Houston Cougars,American,high,15,79,242,Rice Owls,CUSA,mid,0,46,
2022,2021-11-12,2021-11-08,401371833,reg,0,0,2,Auburn Tigers,SEC,power,22,93,2433,UL Monroe Warhawks,Sun Belt,mid,0,65,
2022,2021-11-12,2021-11-08,401371853,reg,0,0,96,Kentucky Wildcats,SEC,power,10,100,2523,Robert Morris Colonials,Horizon,mid,0,60,Kentucky Classic
2022,2021-11-12,2021-11-08,401371920,reg,0,0,2483,Oregon Ducks,Pac-12,power,13,86,2567,SMU Mustangs,American,high,0,63,
2022,2021-11-12,2021-11-08,401371979,reg,0,0,239,Baylor Bears,Big 12,power,8,87,2916,Incarnate Word Cardinals,Southland,mid,0,60,
2022,2021-11-12,2021-11-08,401372032,reg,0,0,26,UCLA Bruins,Pac-12,power,2,86,222,Villanova Wildcats,Big East,high,4,77,
2022,2021-11-12,2021-11-08,401372111,reg,0,0,356,Illinois Fighting Illini,Big Ten,power,11,92,2032,Arkansas State Red Wolves,Sun Belt,mid,0,53,
2022,2021-11-12,2021-11-08,401372164,reg,0,0,2509,Purdue Boilermakers,Big Ten,power,7,92,282,Indiana State Sycamores,MVC,mid,0,67,
2022,2021-11-12,2021-11-08,401372250,reg,0,0,2305,Kansas Jayhawks,Big 12,power,3,88,2627,Tarleton Texans,WAC,mid,0,62,
2022,2021-11-13,2021-11-08,401369852,reg,0,0,150,Duke Blue Devils,ACC,power,9,67,2097,Campbell Fighting Camels,Big South,mid,0,56,Duke Veterans Day Weekend Showcase
2022,2021-11-13,2021-11-08,401370795,reg,0,0,41,UConn Huskies,Big East,high,24,89,2154,Coppin State Eagles,MEAC,mid,0,54,
2022,2021-11-13,2021-11-08,401371253,reg,0,0,2250,Gonzaga Bulldogs,WCC,high,1,86,251,Texas Longhorns,Big 12,power,5,74,
2022,2021-11-13,2021-11-08,401371825,reg,0,0,8,Arkansas Razorbacks,SEC,power,16,86,2241,Gardner-Webb Runnin' Bulldogs,Big South,mid,0,69,
2022,2021-11-13,2021-11-08,401371915,reg,0,0,235,Memphis Tigers,American,high,12,90,2428,North Carolina Central Eagles,MEAC,mid,0,51,
2022,2021-11-13,2021-11-08,401372133,reg,1,0,130,Michigan Wolverines,Big Ten,power,6,77,2504,Prairie View A&M Panthers,SWAC,mid,0,49,Coaches vs Racism
2022,2021-11-13,2021-11-08,401372177,reg,0,0,120,Maryland Terrapins,Big Ten,power,21,68,261,Vermont Catamounts,Am. East,mid,0,57,
2022,2021-11-14,2021-11-08,401365222,reg,0,0,179,St. Bonaventure Bonnies,A-10,high,23,69,2099,Canisius Golden Griffins,MAAC,mid,0,60,
2022,2021-11-14,2021-11-08,401369871,reg,0,0,57,Florida Gators,SEC,power,0,71,52,Florida State Seminoles,ACC,power,20,55,
2022,2021-11-14,2021-11-08,401371893,reg,0,0,2633,Tennessee Volunteers,SEC,power,18,94,2193,East Tennessee State Buccaneers,SoCon,mid,0,62,
2022,2021-11-15,2021-11-15,401365009,reg,0,0,194,Ohio State Buckeyes,Big Ten,power,19,89,189,Bowling Green Falcons,MAC,mid,0,58,
2022,2021-11-15,2021-11-15,401371256,reg,0,0,2250,Gonzaga Bulldogs,WCC,high,1,84,2016,Alcorn State Braves,SWAC,mid,0,57,
2022,2021-11-15,2021-11-15,401371978,reg,0,0,239,Baylor Bears,Big 12,power,9,89,2447,Nicholls Colonels,Southland,mid,0,60,
2022,2021-11-15,2021-11-15,401372001,reg,0,0,269,Marquette Golden Eagles,Big East,high,0,67,356,Illinois Fighting Illini,Big Ten,power,10,66,Gavitt Tipoff Games
2022,2021-11-15,2021-11-15,401373629,reg,0,0,26,UCLA Bruins,Pac-12,power,2,100,299,Long Beach State Beach,Big West,mid,0,79,
2022,2021-11-16,2021-11-15,401369150,reg,0,0,526,Florida Gulf Coast Eagles,ASUN,mid,0,61,30,USC Trojans,Pac-12,power,25,78,
2022,2021-11-16,2021-11-15,401369853,reg,0,0,150,Duke Blue Devils,ACC,power,7,92,2241,Gardner-Webb Runnin' Bulldogs,Big South,mid,0,52,
2022,2021-11-16,2021-11-15,401369945,reg,0,0,232,Charleston Cougars,CAA,mid,0,83,153,North Carolina Tar Heels,ACC,power,18,94,
2022,2021-11-16,2021-11-15,401370038,reg,0,0,248,Houston Cougars,American,high,15,67,258,Virginia Cavaliers,ACC,power,0,47,
2022,2021-11-16,2021-11-15,401371258,reg,1,0,2483,Oregon Ducks,Pac-12,power,12,49,252,BYU Cougars,WCC,high,0,81,Phil Knight Invitational
2022,2021-11-16,2021-11-15,401371777,reg,0,0,235,Memphis Tigers,American,high,11,90,139,Saint Louis Billikens,A-10,high,0,74,
2022,2021-11-16,2021-11-15,401371820,reg,0,0,333,Alabama Crimson Tide,SEC,power,14,73,6,South Alabama Jaguars,Sun Belt,mid,0,68,
2022,2021-11-16,2021-11-15,401371854,reg,0,0,96,Kentucky Wildcats,SEC,power,13,80,116,Mount St. Mary's Mountaineers,NEC,mid,0,55,Kentucky Classic
2022,2021-11-16,2021-11-15,401372019,reg,0,0,130,Michigan Wolverines,Big Ten,power,4,65,2550,Seton Hall Pirates,Big East,high,0,67,Gavitt Tipoff Games
2022,2021-11-16,2021-11-15,401372033,reg,0,0,222,Villanova Wildcats,Big East,high,5,100,47,Howard Bison,MEAC,mid,0,81,
2022,2021-11-16,2021-11-15,401372165,reg,0,0,2509,Purdue Boilermakers,Big Ten,power,6,96,2750,Wright State Raiders,Horizon,mid,0,52,
2022,2021-11-17,2021-11-15,401369153,reg,0,0,239,Baylor Bears,Big 12,power,9,92,2110,Central Arkansas Bears,ASUN,mid,0,47,
2022,2021-11-17,2021-11-15,401369155,reg,0,0,26,UCLA Bruins,Pac-12,power,2,98,2454,North Florida Ospreys,ASUN,mid,0,63,
2022,2021-11-17,2021-11-15,401371088,reg,0,0,120,Maryland Terrapins,Big Ten,power,20,66,2244,George Mason Patriots,A-10,high,0,71,
2022,2021-11-17,2021-11-15,401371826,reg,0,0,8,Arkansas Razorbacks,SEC,power,16,93,2460,Northern Iowa Panthers,MVC,mid,0,80,
2022,2021-11-17,2021-11-15,401372027,reg,0,0,41,UConn Huskies,Big East,high,23,93,112358,Long Island University Sharks,NEC,mid,0,40,
2022,2021-11-17,2021-11-15,401372269,reg,0,0,251,Texas Longhorns,Big 12,power,8,62,2458,Northern Colorado Bears,Big Sky,mid,0,49,Abe Lemons Classic
2022,2021-11-18,2021-11-15,401365887,reg,1,0,68,Boise State Broncos,Mountain West,high,0,61,179,St. Bonaventure Bonnies,A-10,high,22,67,Shriners Children's Charleston Classic
2022,2021-11-18,2021-11-15,401370985,reg,0,0,2305,Kansas Jayhawks,Big 12,power,3,88,2619,Stony Brook Seawolves,Am. East,mid,0,59,
2022,2021-11-18,2021-11-15,401371840,reg,0,0,57,Florida Gators,SEC,power,24,81,270,Milwaukee Panthers,Horizon,mid,0,45,
2022,2021-11-18,2021-11-15,401372037,reg,0,0,2752,Xavier Musketeers,Big East,high,0,71,194,Ohio State Buckeyes,Big Ten,power,19,65,Gavitt Tipoff Games
2022,2021-11-19,2021-11-15,401365016,reg,0,0,96,Kentucky Wildcats,SEC,power,13,77,195,Ohio Bobcats,MAC,mid,0,59,Kentucky Classic
2022,2021-11-19,2021-11-15,401369156,reg,0,0,2250,Gonzaga Bulldogs,WCC,high,1,92,91,Bellarmine Knights,ASUN,mid,0,50,
2022,2021-11-19,2021-11-15,401369854,reg,0,0,150,Duke Blue Devils,ACC,power,7,88,322,Lafayette Leopards,Patriot,mid,0,55,
2022,2021-11-19,2021-11-15,401371821,reg,0,0,333,Alabama Crimson Tide,SEC,power,14,86,2473,Oakland Golden Grizzlies,Horizon,mid,0,59,
2022,2021-11-19,2021-11-15,401371834,reg,0,0,58,South Florida Bulls,American,high,0,52,2,Auburn Tigers,SEC,power,21,58,
2022,2021-11-19,2021-11-15,401371916,reg,0,0,235,Memphis Tigers,American,high,11,74,98,Western Kentucky Hilltoppers,CUSA,mid,0,62,
2022,2021-11-19,2021-11-15,401372178,reg,0,0,120,Maryland Terrapins,Big Ten,power,20,69,2275,Hofstra Pride,CAA,mid,0,67,
2022,2021-11-19,2021-11-15,401377051,reg,1,0,228,Clemson Tigers,ACC,power,0,65,179,St. Bonaventure Bonnies,A-10,high,22,68,Shriners Children's Charleston Classic
2022,2021-11-20,2021-11-15,401369818,reg,1,0,2633,Tennessee Volunteers,SEC,power,17,53,222,Villanova Wildcats,Big East,high,5,71,Cheez-It Hall of Fame Tip-Off
2022,2021-11-20,2021-11-15,401369819,reg,1,0,153,North Carolina Tar Heels,ACC,power,18,84,2509,Purdue Boilermakers,Big Ten,power,6,93,Cheez-It Hall of Fame Tip-Off
2022,2021-11-20,2021-11-15,401370151,reg,1,0,2439,UNLV Rebels,Mountain West,high,0,61,130,Michigan Wolverines,Big Ten,power,4,74,Roman Main Event
2022,2021-11-20,2021-11-15,401370947,reg,0,0,41,UConn Huskies,Big East,high,23,87,2066,Binghamton Bearcats,Am. East,mid,0,63,
2022,2021-11-20,2021-11-15,401371980,reg,0,0,239,Baylor Bears,Big 12,power,9,86,24,Stanford Cardinal,Pac-12,power,0,48,
2022,2021-11-20,2021-11-15,401372310,reg,0,0,251,Texas Longhorns,Big 12,power,8,79,23,San José State Spartans,Mountain West,high,0,45,Abe Lemons Classic
2022,2021-11-21,2021-11-15,401377053,reg,1,0,269,Marquette Golden Eagles,Big East,high,0,54,179,St. Bonaventure Bonnies,A-10,high,22,70,Shriners Children's Charleston Classic
2022,2021-11-21,2021-11-15,401377059,reg,1,0,12,Arizona Wildcats,Pac-12,power,0,80,130,Michigan Wolverines,Big Ten,power,4,62,Roman Main Event
2022,2021-11-21,2021-11-15,401377064,reg,1,0,2509,Purdue Boilermakers,Big Ten,power,6,80,222,Villanova Wildcats,Big East,high,5,74,Cheez-It Hall of Fame Tip-Off
2022,2021-11-21,2021-11-15,401377065,reg,1,0,153,North Carolina Tar Heels,ACC,power,18,72,2633,Tennessee Volunteers,SEC,power,17,89,Cheez-It Hall of Fame Tip-Off
2022,2021-11-22,2021-11-22,401365026,reg,1,0,2117,Central Michigan Chippewas,MAC,mid,0,54,2250,Gonzaga Bulldogs,WCC,high,1,107,Good Sam Empire Classic
2022,2021-11-22,2021-11-22,401369163,reg,1,0,91,Bellarmine Knights,ASUN,mid,0,62,26,UCLA Bruins,Pac-12,power,2,75,Good Sam Empire Classic
2022,2021-11-22,2021-11-22,401369811,reg,1,0,248,Houston Cougars,American,high,12,70,2086,Butler Bulldogs,Big East,high,0,52,Maui Jim Maui Invitational
2022,2021-11-22,2021-11-22,401369820,reg,1,0,2132,Cincinnati Bearcats,American,high,0,71,356,Illinois Fighting Illini,Big Ten,power,14,51,Hall of Fame Classic Presented by Hotels.com
2022,2021-11-22,2021-11-22,401369821,reg,1,0,2306,Kansas State Wildcats,Big 12,power,0,64,8,Arkansas Razorbacks,SEC,power,13,72,Hall of Fame Classic Presented by Hotels.com
2022,2021-11-22,2021-11-22,401369855,reg,0,0,150,Duke Blue Devils,ACC,power,5,107,2643,The Citadel Bulldogs,SoCon,mid,0,81,
2022,2021-11-22,2021-11-22,401370937,reg,0,0,96,Kentucky Wildcats,SEC,power,10,86,399,Albany Great Danes,Am. East,mid,0,61,
2022,2021-11-22,2021-11-22,401371382,reg,0,0,30,USC Trojans,Pac-12,power,24,98,3101,Utah Tech Trailblazers,WAC,mid,0,71,
2022,2021-11-22,2021-11-22,401371841,reg,1,0,25,California Golden Bears,Pac-12,power,0,60,57,Florida Gators,SEC,power,23,80,Fort Myers Tip-Off
2022,2021-11-22,2021-11-22,401372020,reg,1,0,194,Ohio State Buckeyes,Big Ten,power,0,79,2550,Seton Hall Pirates,Big East,high,21,76,Fort Myers Tip-Off
2022,2021-11-23,2021-11-22,401371267,reg,1,0,26,UCLA Bruins,Pac-12,power,2,63,2250,Gonzaga Bulldogs,WCC,high,1,83,Good Sam Empire Classic
2022,2021-11-23,2021-11-22,401376724,reg,1,0,248,Houston Cougars,American,high,12,63,275,Wisconsin Badgers,Big Ten,power,0,65,Maui Jim Maui Invitational
2022,2021-11-23,2021-11-22,401377084,reg,1,0,2306,Kansas State Wildcats,Big 12,power,0,64,356,Illinois Fighting Illini,Big Ten,power,14,72,Hall of Fame Classic Presented by Hotels.com
2022,2021-11-23,2021-11-22,401377085,reg,1,0,8,Arkansas Razorbacks,SEC,power,13,73,2132,Cincinnati Bearcats,American,high,0,67,Hall of Fame Classic Presented by Hotels.com
2022,2021-11-24,2021-11-22,401370022,reg,1,0,259,Virginia Tech Hokies,ACC,power,0,61,235,Memphis Tigers,American,high,9,69,Upsie NIT Season Tip-Off
2022,2021-11-24,2021-11-22,401371268,reg,0,0,252,BYU Cougars,WCC,high,18,81,2640,Texas Southern Tigers,SWAC,mid,0,64,
2022,2021-11-24,2021-11-22,401371386,reg,0,0,251,Texas Longhorns,Big 12,power,8,68,2856,California Baptist Lancers,WAC,mid,0,44,Abe Lemons Classic
2022,2021-11-24,2021-11-22,401371764,reg,1,0,2,Auburn Tigers,SEC,power,19,109,41,UConn Huskies,Big East,high,22,115,Bad Boy Mowers Battle 4 Atlantis
2022,2021-11-24,2021-11-22,401372039,reg,1,0,66,Iowa State Cyclones,Big 12,power,0,82,2752,Xavier Musketeers,Big East,high,25,70,Upsie NIT Season Tip-Off
2022,2021-11-24,2021-11-22,401372134,reg,0,0,130,Michigan Wolverines,Big Ten,power,20,65,2627,Tarleton Texans,WAC,mid,0,54,
2022,2021-11-24,2021-11-22,401373870,reg,1,0,239,Baylor Bears,Big 12,power,6,75,9,Arizona State Sun Devils,Pac-12,power,0,63,Bad Boy Mowers Battle 4 Atlantis
2022,2021-11-24,2021-11-22,401376643,reg,1,0,194,Ohio State Buckeyes,Big Ten,power,0,68,57,Florida Gators,SEC,power,23,71,Fort Myers Tip-Off
2022,2021-11-24,2021-11-22,401376644,reg,1,0,25,California Golden Bears,Pac-12,power,0,59,2550,Seton Hall Pirates,Big East,high,21,62,Fort Myers Tip-Off
2022,2021-11-24,2021-11-22,401376729,reg,1,0,2483,Oregon Ducks,Pac-12,power,0,49,248,Houston Cougars,American,high,12,78,Maui Jim Maui Invitational
2022,2021-11-25,2021-11-22,401365250,reg,1,0,314,Iona Gaels,MAAC,mid,0,72,333,Alabama Crimson Tide,SEC,power,10,68,ESPN Events Invitational
2022,2021-11-25,2021-11-22,401370152,reg,1,0,2305,Kansas Jayhawks,Big 12,power,4,71,249,North Texas Mean Green,CUSA,mid,0,59,ESPN Events Invitational
2022,2021-11-25,2021-11-22,401371771,reg,1,0,2603,Saint Joseph's Hawks,A-10,high,0,55,30,USC Trojans,Pac-12,power,24,70,Paycom Wooden Legacy
2022,2021-11-25,2021-11-22,401382752,reg,1,0,127,Michigan State Spartans,Big Ten,power,0,64,41,UConn Huskies,Big East,high,22,60,Bad Boy Mowers Battle 4 Atlantis
2022,2021-11-25,2021-11-22,401389430,reg,1,0,2350,Loyola Chicago Ramblers,MVC,mid,0,53,2,Auburn Tigers,SEC,power,19,62,Bad Boy Mowers Battle 4 Atlantis
2022,2021-11-25,2021-11-22,401389450,reg,1,0,2670,VCU Rams,A-10,high,0,61,239,Baylor Bears,Big 12,power,6,69,Bad Boy Mowers Battle 4 Atlantis
2022,2021-11-26,2021-11-22,401365606,reg,0,0,2509,Purdue Boilermakers,Big Ten,power,3,97,2437,Omaha Mavericks,Summit,mid,0,40,
2022,2021-11-26,2021-11-22,401369170,reg,0,0,96,Kentucky Wildcats,SEC,power,10,86,2454,North Florida Ospreys,ASUN,mid,0,52,
2022,2021-11-26,2021-11-22,401369835,reg,1,0,150,Duke Blue Devils,ACC,power,5,84,2250,Gonzaga Bulldogs,WCC,high,1,81,Continental Tire Challenge
2022,2021-11-26,2021-11-22,401371390,reg,0,0,356,Illinois Fighting Illini,Big Ten,power,14,94,292,UT Rio Grande Valley Vaqueros,WAC,mid,0,85,
2022,2021-11-26,2021-11-22,401371894,reg,0,0,2633,Tennessee Volunteers,SEC,power,15,80,2635,Tennessee Tech Golden Eagles,OVC,mid,0,69,
2022,2021-11-26,2021-11-22,401376650,reg,1,0,259,Virginia Tech Hokies,ACC,power,0,58,2752,Xavier Musketeers,Big East,high,25,59,Upsie NIT Season Tip-Off
2022,2021-11-26,2021-11-22,401376651,reg,1,0,235,Memphis Tigers,American,high,9,59,66,Iowa State Cyclones,Big 12,power,0,78,Upsie NIT Season Tip-Off
2022,2021-11-26,2021-11-22,401376715,reg,1,0,2181,Drake Bulldogs,MVC,mid,0,71,333,Alabama Crimson Tide,SEC,power,10,80,ESPN Events Invitational
2022,2021-11-26,2021-11-22,401376716,reg,1,0,2305,Kansas Jayhawks,Big 12,power,4,73,2168,Dayton Flyers,A-10,high,0,74,ESPN Events Invitational
2022,2021-11-26,2021-11-22,401377134,reg,1,0,21,San Diego State Aztecs,Mountain West,high,0,43,30,USC Trojans,Pac-12,power,24,58,Paycom Wooden Legacy
2022,2021-11-26,2021-11-22,401382753,reg,1,0,127,Michigan State Spartans,Big Ten,power,0,58,239,Baylor Bears,Big 12,power,6,75,Bad Boy Mowers Battle 4 Atlantis
2022,2021-11-26,2021-11-22,401382754,reg,1,0,41,UConn Huskies,Big East,high,22,70,2670,VCU Rams,A-10,high,0,63,Bad Boy Mowers Battle 4 Atlantis
2022,2021-11-26,2021-11-22,401382755,reg,1,0,2,Auburn Tigers,SEC,power,19,89,183,Syracuse Orange,ACC,power,0,68,Bad Boy Mowers Battle 4 Atlantis
2022,2021-11-27,2021-11-22,401371273,reg,0,0,254,Utah Utes,Pac-12,power,0,64,252,BYU Cougars,WCC,high,18,75,
2022,2021-11-27,2021-11-22,401371783,reg,0,0,179,St. Bonaventure Bonnies,A-10,high,16,80,2460,Northern Iowa Panthers,MVC,mid,0,90,
2022,2021-11-27,2021-11-22,401372482,reg,0,0,2439,UNLV Rebels,Mountain West,high,0,51,26,UCLA Bruins,Pac-12,power,2,73,
2022,2021-11-27,2021-11-22,401372607,reg,0,0,12,Arizona Wildcats,Pac-12,power,17,105,16,Sacramento State Hornets,Big Sky,mid,0,59,
2022,2021-11-28,2021-11-22,401365747,reg,1,0,2325,La Salle Explorers,A-10,high,0,46,222,Villanova Wildcats,Big East,high,7,72,
2022,2021-11-28,2021-11-22,401371107,reg,0,0,8,Arkansas Razorbacks,SEC,power,13,76,219,Pennsylvania Quakers,Ivy,mid,0,60,
2022,2021-11-28,2021-11-22,401371842,reg,0,0,57,Florida Gators,SEC,power,23,84,2653,Troy Trojans,Sun Belt,mid,0,45,
2022,2021-11-28,2021-11-22,401372021,reg,0,0,2550,Seton Hall Pirates,Big East,high,21,84,2065,Bethune-Cookman Wildcats,SWAC,mid,0,70,
2022,2021-11-28,2021-11-22,401376718,reg,1,0,333,Alabama Crimson Tide,SEC,power,10,96,2390,Miami Hurricanes,ACC,power,0,64,ESPN Events Invitational
2022,2021-11-28,2021-11-22,401376720,reg,1,0,314,Iona Gaels,MAAC,mid,0,83,2305,Kansas Jayhawks,Big 12,power,4,96,ESPN Events Invitational
2022,2021-11-29,2021-11-29,401365038,reg,0,0,96,Kentucky Wildcats,SEC,power,9,85,2117,Central Michigan Chippewas,MAC,mid,0,57,
2022,2021-11-29,2021-11-29,401371274,reg,0,0,2250,Gonzaga Bulldogs,WCC,high,3,64,2627,Tarleton Texans,WAC,mid,0,55,
2022,2021-11-29,2021-11-29,401371395,reg,0,0,251,Texas Longhorns,Big 12,power,7,73,2534,Sam Houston Bearkats,WAC,mid,0,57,
2022,2021-11-30,2021-11-29,401369856,reg,0,0,194,Ohio State Buckeyes,Big Ten,power,0,71,150,Duke Blue Devils,ACC,power,1,66,Big Ten/ACC Challenge
2022,2021-11-30,2021-11-29,401369875,reg,0,0,2509,Purdue Boilermakers,Big Ten,power,2,93,52,Florida State Seminoles,ACC,power,0,65,Big Ten/ACC Challenge
2022,2021-11-30,2021-11-29,401371612,reg,0,0,248,Houston Cougars,American,high,15,99,2466,Northwestern State Demons,Southland,mid,0,58,
2022,2021-11-30,2021-11-29,401371895,reg,0,0,2633,Tennessee Volunteers,SEC,power,13,86,2506,Presbyterian Blue Hose,Big South,mid,0,44,
2022,2021-11-30,2021-11-29,401372028,reg,0,0,41,UConn Huskies,Big East,high,17,72,2379,Maryland-Eastern Shore Hawks,MEAC,mid,0,63,
2022,2021-12-01,2021-11-29,401369178,reg,0,0,8,Arkansas Razorbacks,SEC,power,10,97,2110,Central Arkansas Bears,ASUN,mid,0,60,
2022,2021-12-01,2021-11-29,401369894,reg,0,0,59,Georgia Tech Yellow Jackets,ACC,power,0,66,275,Wisconsin Badgers,Big Ten,power,23,70,Big Ten/ACC Challenge
2022,2021-12-01,2021-11-29,401369947,reg,0,0,153,North Carolina Tar Heels,ACC,power,0,72,130,Michigan Wolverines,Big Ten,power,24,51,Big Ten/ACC Challenge
2022,2021-12-01,2021-11-29,401370126,reg,0,0,127,Michigan State Spartans,Big Ten,power,22,73,97,Louisville Cardinals,ACC,power,0,64,Big Ten/ACC Challenge
2022,2021-12-01,2021-11-29,401370902,reg,0,1,26,UCLA Bruins,Pac-12,power,5,73,38,Colorado Buffaloes,Pac-12,power,0,61,
2022,2021-12-01,2021-11-29,401370903,reg,0,1,30,USC Trojans,Pac-12,power,20,93,254,Utah Utes,Pac-12,power,0,73,
2022,2021-12-01,2021-11-29,401371108,reg,0,0,219,Pennsylvania Quakers,Ivy,mid,0,56,222,Villanova Wildcats,Big East,high,6,71,
2022,2021-12-01,2021-11-29,401371278,reg,0,0,3084,Utah Valley Wolverines,WAC,mid,0,72,252,BYU Cougars,WCC,high,12,65,UCCU Crosstown Clash
2022,2021-12-01,2021-11-29,401371835,reg,0,0,2,Auburn Tigers,SEC,power,21,85,2116,UCF Knights,American,high,0,68,
2022,2021-12-01,2021-11-29,401371843,reg,0,0,201,Oklahoma Sooners,Big 12,power,0,74,57,Florida Gators,SEC,power,14,67,
2022,2021-12-01,2021-11-29,401371849,reg,0,0,61,Georgia Bulldogs,SEC,power,0,82,235,Memphis Tigers,American,high,18,79,
2022,2021-12-01,2021-11-29,401371987,reg,0,0,66,Iowa State Cyclones,Big 12,power,19,83,2029,Arkansas-Pine Bluff Golden Lions,SWAC,mid,0,64,
2022,2021-12-01,2021-11-29,401372022,reg,0,0,2550,Seton Hall Pirates,Big East,high,25,85,2681,Wagner Seahawks,NEC,mid,0,63,
2022,2021-12-03,2021-11-29,401364342,reg,0,1,2509,Purdue Boilermakers,Big Ten,power,2,77,2294,Iowa Hawkeyes,Big Ten,power,0,70,
2022,2021-12-03,2021-11-29,401371404,reg,0,0,251,Texas Longhorns,Big 12,power,7,88,292,UT Rio Grande Valley Vaqueros,WAC,mid,0,58,
2022,2021-12-03,2021-11-29,401371813,reg,0,0,248,Houston Cougars,American,high,15,111,2803,Bryant Bulldogs,NEC,mid,0,44,
2022,2021-12-03,2021-11-29,401372016,reg,0,0,2599,St. John's Red Storm,Big East,high,0,75,2305,Kansas Jayhawks,Big 12,power,8,95,Big East-Big 12 Battle
2022,2021-12-04,2021-11-29,401365047,reg,0,0,127,Michigan State Spartans,Big Ten,power,22,81,2649,Toledo Rockets,MAC,mid,0,68,
2022,2021-12-04,2021-11-29,401370907,reg,0,1,265,Washington State Cougars,Pac-12,power,0,61,30,USC Trojans,Pac-12,power,20,63,
2022,2021-12-04,2021-11-29,401371120,reg,0,0,2,Auburn Tigers,SEC,power,21,86,43,Yale Bulldogs,Ivy,mid,0,64,
2022,2021-12-04,2021-11-29,401371280,reg,1,0,2250,Gonzaga Bulldogs,WCC,high,3,82,333,Alabama Crimson Tide,SEC,power,16,91,Battle in Seattle
2022,2021-12-04,2021-11-29,401371283,reg,0,0,2623,Missouri State Bears,MVC,mid,0,68,252,BYU Cougars,WCC,high,12,74,
2022,2021-12-04,2021-11-29,401371772,reg,0,0,222,Villanova Wildcats,Big East,high,6,81,2603,Saint Joseph's Hawks,A-10,high,0,52,
2022,2021-12-04,2021-11-29,401371827,reg,0,0,8,Arkansas Razorbacks,SEC,power,10,93,2031,Little Rock Trojans,Sun Belt,mid,0,78,
2022,2021-12-04,2021-11-29,401371880,reg,0,0,145,Ole Miss Rebels,SEC,power,0,67,235,Memphis Tigers,American,high,18,63,
2022,2021-12-04,2021-11-29,401371896,reg,0,0,38,Colorado Buffaloes,Pac-12,power,0,54,2633,Tennessee Volunteers,SEC,power,13,69,
2022,2021-12-04,2021-11-29,401371966,reg,0,0,156,Creighton Bluejays,Big East,high,0,58,66,Iowa State Cyclones,Big 12,power,19,64,Big East-Big 12 Battle
2022,2021-12-04,2021-11-29,401371981,reg,0,0,239,Baylor Bears,Big 12,power,4,99,2029,Arkansas-Pine Bluff Golden Lions,SWAC,mid,0,54,
2022,2021-12-04,2021-11-29,401372004,reg,0,0,275,Wisconsin Badgers,Big Ten,power,23,89,269,Marquette Golden Eagles,Big East,high,0,76,
2022,2021-12-04,2021-11-29,401372023,reg,0,0,2550,Seton Hall Pirates,Big East,high,25,113,428,Nyack College Warriors,,,0,67,
2022,2021-12-04,2021-11-29,401372029,reg,0,0,41,UConn Huskies,Big East,high,17,88,2755,Grambling Tigers,SWAC,mid,0,59,
2022,2021-12-04,2021-11-29,401372135,reg,0,0,130,Michigan Wolverines,Big Ten,power,24,72,21,San Diego State Aztecs,Mountain West,high,0,58,
2022,2021-12-05,2021-11-29,401370908,reg,0,1,204,Oregon State Beavers,Pac-12,power,0,65,12,Arizona Wildcats,Pac-12,power,11,90,
2022,2021-12-06,2021-12-06,401371814,reg,0,0,248,Houston Cougars,American,high,14,77,2016,Alcorn State Braves,SWAC,mid,0,45,
2022,2021-12-06,2021-12-06,401371844,reg,0,0,57,Florida Gators,SEC,power,20,54,2640,Texas Southern Tigers,SWAC,mid,0,69,
2022,2021-12-07,2021-12-06,401370003,reg,1,0,183,Syracuse Orange,ACC,power,0,53,222,Villanova Wildcats,Big East,high,6,67,Jimmy V Classic Presented by Corona
2022,2021-12-07,2021-12-06,401371828,reg,0,0,8,Arkansas Razorbacks,SEC,power,12,86,2429,Charlotte 49ers,CUSA,mid,0,66,
2022,2021-12-07,2021-12-06,401371855,reg,0,0,96,Kentucky Wildcats,SEC,power,10,76,2582,Southern Jaguars,SWAC,mid,0,64,
2022,2021-12-07,2021-12-06,401371897,reg,1,0,2633,Tennessee Volunteers,SEC,power,13,52,2641,Texas Tech Red Raiders,Big 12,power,0,57,Jimmy V Classic Presented by Corona
2022,2021-12-07,2021-12-06,401372006,reg,0,0,2305,Kansas Jayhawks,Big 12,power,8,78,2638,UTEP Miners,CUSA,mid,0,52,
2022,2021-12-07,2021-12-06,401373883,reg,0,0,30,USC Trojans,Pac-12,power,16,80,2198,Eastern Kentucky Colonels,ASUN,mid,0,68,
2022,2021-12-08,2021-12-06,401364349,reg,0,1,275,Wisconsin Badgers,Big Ten,power,22,64,84,Indiana Hoosiers,Big Ten,power,0,59,
2022,2021-12-08,2021-12-06,401364350,reg,0,1,135,Minnesota Golden Gophers,Big Ten,power,0,67,127,Michigan State Spartans,Big Ten,power,19,75,
2022,2021-12-08,2021-12-06,401369193,reg,0,0,57,Florida Gators,SEC,power,20,85,2454,North Florida Ospreys,ASUN,mid,0,55,
2022,2021-12-08,2021-12-06,401371286,reg,0,0,252,BYU Cougars,WCC,high,24,82,328,Utah State Aggies,Mountain West,high,0,71,
2022,2021-12-08,2021-12-06,401372030,reg,0,0,277,West Virginia Mountaineers,Big 12,power,0,56,41,UConn Huskies,Big East,high,15,53,Big East-Big 12 Battle
2022,2021-12-08,2021-12-06,401372157,reg,0,0,194,Ohio State Buckeyes,Big Ten,power,21,85,119,Towson Tigers,CAA,mid,0,74,
2022,2021-12-08,2021-12-06,401372550,reg,0,0,12,Arizona Wildcats,Pac-12,power,11,94,2751,Wyoming Cowboys,Mountain West,high,0,65,
2022,2021-12-09,2021-12-06,401364351,reg,0,1,164,Rutgers Scarlet Knights,Big Ten,power,0,70,2509,Purdue Boilermakers,Big Ten,power,1,68,
2022,2021-12-09,2021-12-06,401371287,reg,0,0,2250,Gonzaga Bulldogs,WCC,high,5,80,2771,Merrimack Warriors,NEC,mid,0,55,
2022,2021-12-09,2021-12-06,401372024,reg,0,0,2550,Seton Hall Pirates,Big East,high,23,64,251,Texas Longhorns,Big 12,power,7,60,Big East-Big 12 Battle
2022,2021-12-09,2021-12-06,401372126,reg,0,0,66,Iowa State Cyclones,Big 12,power,17,73,2294,Iowa Hawkeyes,Big Ten,power,0,53,
2022,2021-12-11,2021-12-06,401364353,reg,0,1,127,Michigan State Spartans,Big Ten,power,19,80,213,Penn State Nittany Lions,Big Ten,power,0,64,
2022,2021-12-11,2021-12-06,401364354,reg,0,1,194,Ohio State Buckeyes,Big Ten,power,21,73,275,Wisconsin Badgers,Big Ten,power,22,55,
2022,2021-12-11,2021-12-06,401369896,reg,0,0,59,Georgia Tech Yellow Jackets,ACC,power,0,53,99,LSU Tigers,SEC,power,25,69,Holiday Hoopsgiving
2022,2021-12-11,2021-12-06,401369965,reg,0,0,87,Notre Dame Fighting Irish,ACC,power,0,66,96,Kentucky Wildcats,SEC,power,10,62,
2022,2021-12-11,2021-12-06,401371288,reg,1,0,156,Creighton Bluejays,Big East,high,0,83,252,BYU Cougars,WCC,high,24,71,
2022,2021-12-11,2021-12-06,401371785,reg,1,0,41,UConn Huskies,Big East,high,15,74,179,St. Bonaventure Bonnies,A-10,high,0,64,Never Forget Tribute Classic
2022,2021-12-11,2021-12-06,401371815,reg,0,0,333,Alabama Crimson Tide,SEC,power,9,83,248,Houston Cougars,American,high,14,82,
2022,2021-12-11,2021-12-06,401371829,reg,1,0,201,Oklahoma Sooners,Big 12,power,0,88,8,Arkansas Razorbacks,SEC,power,12,66,
2022,2021-12-11,2021-12-06,401371836,reg,1,0,2,Auburn Tigers,SEC,power,18,99,158,Nebraska Cornhuskers,Big Ten,power,0,68,Holiday Hoopsgiving
2022,2021-12-11,2021-12-06,401371875,reg,0,0,2305,Kansas Jayhawks,Big 12,power,8,102,142,Missouri Tigers,SEC,power,0,65,
2022,2021-12-11,2021-12-06,401371898,reg,0,0,2633,Tennessee Volunteers,SEC,power,13,76,2430,UNC Greensboro Spartans,SoCon,mid,0,36,
2022,2021-12-11,2021-12-06,401372005,reg,0,0,269,Marquette Golden Eagles,Big East,high,0,56,26,UCLA Bruins,Pac-12,power,4,67,
2022,2021-12-11,2021-12-06,401372112,reg,0,0,356,Illinois Fighting Illini,Big Ten,power,0,79,12,Arizona Wildcats,Pac-12,power,11,83,
2022,2021-12-12,2021-12-06,401370100,reg,1,0,152,NC State Wolfpack,ACC,power,0,72,2509,Purdue Boilermakers,Big Ten,power,1,82,Basketball Hall of Fame Invitational
2022,2021-12-12,2021-12-06,401370154,reg,1,0,120,Maryland Terrapins,Big Ten,power,0,70,57,Florida Gators,SEC,power,20,68,Basketball Hall of Fame Invitational
2022,2021-12-12,2021-12-06,401371988,reg,0,0,66,Iowa State Cyclones,Big 12,power,17,47,2296,Jackson State Tigers,SWAC,mid,0,37,
2022,2021-12-12,2021-12-06,401372025,reg,0,0,2550,Seton Hall Pirates,Big East,high,23,77,164,Rutgers Scarlet Knights,Big Ten,power,0,63,Garden State Hardwood Classic
2022,2021-12-12,2021-12-06,401372034,reg,0,0,239,Baylor Bears,Big 12,power,2,57,222,Villanova Wildcats,Big East,high,6,36,Big East-Big 12 Battle
2022,2021-12-12,2021-12-06,401373640,reg,0,0,30,USC Trojans,Pac-12,power,16,73,299,Long Beach State Beach,Big West,mid,0,62,
2022,2021-12-14,2021-12-13,401369857,reg,0,0,150,Duke Blue Devils,ACC,power,2,103,2569,South Carolina State Bulldogs,MEAC,mid,0,62,
2022,2021-12-14,2021-12-13,401371625,reg,0,0,99,LSU Tigers,SEC,power,19,89,2466,Northwestern State Demons,Southland,mid,0,49,
2022,2021-12-14,2021-12-13,401371816,reg,0,0,248,Houston Cougars,American,high,14,71,309,Louisiana Ragin' Cajuns,Sun Belt,mid,0,56,
2022,2021-12-14,2021-12-13,401371822,reg,0,0,235,Memphis Tigers,American,high,0,92,333,Alabama Crimson Tide,SEC,power,6,78,
2022,2021-12-14,2021-12-13,401371837,reg,0,0,2,Auburn Tigers,SEC,power,13,70,2453,North Alabama Lions,ASUN,mid,0,44,
2022,2021-12-14,2021-12-13,401371899,reg,0,0,2633,Tennessee Volunteers,SEC,power,18,96,2908,South Carolina Upstate Spartans,Big South,mid,0,52,
2022,2021-12-14,2021-12-13,401372311,reg,0,0,251,Texas Longhorns,Big 12,power,17,63,2029,Arkansas-Pine Bluff Golden Lions,SWAC,mid,0,31,
2022,2021-12-14,2021-12-13,401372316,reg,0,0,2641,Texas Tech Red Raiders,Big 12,power,25,75,2032,Arkansas State Red Wolves,Sun Belt,mid,0,62,
2022,2021-12-15,2021-12-13,401372041,reg,0,0,2752,Xavier Musketeers,Big East,high,22,86,2413,Morehead State Eagles,OVC,mid,0,63,
2022,2021-12-15,2021-12-13,401372590,reg,0,0,12,Arizona Wildcats,Pac-12,power,8,101,2458,Northern Colorado Bears,Big Sky,mid,0,76,
2022,2021-12-15,2021-12-13,401373643,reg,0,0,30,USC Trojans,Pac-12,power,10,66,300,UC Irvine Anteaters,Big West,mid,0,61,
2022,2021-12-16,2021-12-13,401369858,reg,0,0,150,Duke Blue Devils,ACC,power,2,92,2026,Appalachian State Mountaineers,Sun Belt,mid,0,67,
2022,2021-12-17,2021-12-13,401373511,reg,0,1,156,Creighton Bluejays,Big East,high,0,79,222,Villanova Wildcats,Big East,high,9,59,
2022,2021-12-18,2021-12-13,401365753,reg,0,0,139,Saint Louis Billikens,A-10,high,0,70,2,Auburn Tigers,SEC,power,13,74,
2022,2021-12-18,2021-12-13,401369209,reg,0,0,333,Alabama Crimson Tide,SEC,power,6,65,55,Jacksonville State Gamecocks,ASUN,mid,0,59,
2022,2021-12-18,2021-12-13,401369897,reg,1,0,30,USC Trojans,Pac-12,power,10,67,59,Georgia Tech Yellow Jackets,ACC,power,0,53,Jerry Colangelo Classic
2022,2021-12-18,2021-12-13,401371295,reg,1,0,2250,Gonzaga Bulldogs,WCC,high,5,69,2641,Texas Tech Red Raiders,Big 12,power,25,55,Jerry Colangelo Classic
2022,2021-12-18,2021-12-13,401371430,reg,0,0,12,Arizona Wildcats,Pac-12,power,8,84,2856,California Baptist Lancers,WAC,mid,0,60,
2022,2021-12-18,2021-12-13,401371817,reg,1,0,248,Houston Cougars,American,high,14,72,197,Oklahoma State Cowboys,Big 12,power,0,61,
2022,2021-12-18,2021-12-13,401371830,reg,1,0,8,Arkansas Razorbacks,SEC,power,24,81,2275,Hofstra Pride,CAA,mid,0,89,
2022,2021-12-18,2021-12-13,401371862,reg,1,0,2348,Louisiana Tech Bulldogs,CUSA,mid,0,57,99,LSU Tigers,SEC,power,19,66,
2022,2021-12-18,2021-12-13,401371950,reg,1,0,2086,Butler Bulldogs,Big East,high,0,48,2509,Purdue Boilermakers,Big Ten,power,3,77,Crossroads Classic
2022,2021-12-18,2021-12-13,401371982,reg,0,0,2483,Oregon Ducks,Pac-12,power,0,70,239,Baylor Bears,Big 12,power,1,78,
2022,2021-12-18,2021-12-13,401372251,reg,0,0,2305,Kansas Jayhawks,Big 12,power,7,80,2617,Stephen F. Austin Lumberjacks,WAC,mid,0,72,
2022,2021-12-18,2021-12-13,401373512,reg,0,1,41,UConn Huskies,Big East,high,20,53,2507,Providence Friars,Big East,high,0,57,
2022,2021-12-18,2021-12-13,401373513,reg,0,1,2752,Xavier Musketeers,Big East,high,22,80,269,Marquette Golden Eagles,Big East,high,0,71,
2022,2021-12-18,2021-12-13,401393745,reg,1,0,96,Kentucky Wildcats,SEC,power,21,98,153,North Carolina Tar Heels,ACC,power,0,69,CBS Sports Classic
2022,2021-12-18,2021-12-13,401393747,reg,0,0,150,Duke Blue Devils,ACC,power,2,87,2210,Elon Phoenix,CAA,mid,0,56,
2022,2021-12-19,2021-12-13,401371989,reg,0,0,66,Iowa State Cyclones,Big 12,power,11,77,2545,SE Louisiana Lions,Southland,mid,0,54,
2022,2021-12-19,2021-12-13,401373877,reg,1,0,24,Stanford Cardinal,Pac-12,power,0,53,251,Texas Longhorns,Big 12,power,17,60,Pac-12 Coast-to-Coast Challenge
2022,2021-12-20,2021-12-20,401371299,reg,0,0,2250,Gonzaga Bulldogs,WCC,high,4,95,2464,Northern Arizona Lumberjacks,Big Sky,mid,0,49,
2022,2021-12-20,2021-12-20,401371983,reg,0,0,239,Baylor Bears,Big 12,power,1,94,2016,Alcorn State Braves,SWAC,mid,0,57,
2022,2021-12-20,2021-12-20,401372166,reg,0,0,2509,Purdue Boilermakers,Big Ten,power,3,79,2916,Incarnate Word Cardinals,Southland,mid,0,59,
2022,2021-12-21,2021-12-20,401371435,reg,0,0,66,Iowa State Cyclones,Big 12,power,9,79,2130,Chicago State Cougars,WAC,mid,0,48,
2022,2021-12-21,2021-12-20,401372139,reg,1,0,2473,Oakland Golden Grizzlies,Horizon,mid,0,78,127,Michigan State Spartans,Big Ten,power,11,90,
2022,2021-12-21,2021-12-20,401373516,reg,0,1,222,Villanova Wildcats,Big East,high,23,71,2752,Xavier Musketeers,Big East,high,18,58,
2022,2021-12-21,2021-12-20,401395130,reg,1,0,333,Alabama Crimson Tide,SEC,power,10,78,2166,Davidson Wildcats,A-10,high,0,79,
2022,2021-12-22,2021-12-20,401369860,reg,0,1,150,Duke Blue Devils,ACC,power,2,76,259,Virginia Tech Hokies,ACC,power,0,65,
2022,2021-12-22,2021-12-20,401371818,reg,0,0,248,Houston Cougars,American,high,13,80,326,Texas State Bobcats,Sun Belt,mid,0,47,
2022,2021-12-22,2021-12-20,401371838,reg,0,0,2,Auburn Tigers,SEC,power,12,71,93,Murray State Racers,OVC,mid,0,58,
2022,2021-12-22,2021-12-20,401371863,reg,0,0,99,LSU Tigers,SEC,power,17,95,288,Lipscomb Bisons,ASUN,mid,0,60,
2022,2021-12-22,2021-12-20,401371901,reg,0,0,2633,Tennessee Volunteers,SEC,power,19,77,12,Arizona Wildcats,Pac-12,power,6,73,
2022,2021-12-22,2021-12-20,401372317,reg,0,0,2641,Texas Tech Red Raiders,Big 12,power,25,78,331,Eastern Washington Eagles,Big Sky,mid,0,46,
2022,2021-12-22,2021-12-20,401396269,reg,0,0,251,Texas Longhorns,Big 12,power,16,68,2011,Alabama State Hornets,SWAC,mid,0,48,
2022,2021-12-22,2021-12-20,401396290,reg,0,0,96,Kentucky Wildcats,SEC,power,20,95,98,Western Kentucky Hilltoppers,CUSA,mid,0,60,
2022,2021-12-28,2021-12-27,401371304,reg,0,0,2250,Gonzaga Bulldogs,WCC,high,4,93,2453,North Alabama Lions,ASUN,mid,0,63,
2022,2021-12-28,2021-12-27,401371634,reg,0,0,239,Baylor Bears,Big 12,power,1,104,2466,Northwestern State Demons,Southland,mid,0,68,
2022,2021-12-28,2021-12-27,401372318,reg,0,0,2641,Texas Tech Red Raiders,Big 12,power,25,75,2011,Alabama State Hornets,SWAC,mid,0,53,
2022,2021-12-28,2021-12-27,401373861,reg,0,0,251,Texas Longhorns,Big 12,power,17,78,2916,Incarnate Word Cardinals,Southland,mid,0,33,
2022,2021-12-29,2021-12-27,401364839,reg,0,1,96,Kentucky Wildcats,SEC,power,18,83,142,Missouri Tigers,SEC,power,0,56,
2022,2021-12-29,2021-12-27,401364841,reg,0,1,333,Alabama Crimson Tide,SEC,power,19,73,2633,Tennessee Volunteers,SEC,power,14,68,
2022,2021-12-29,2021-12-27,401364842,reg,0,1,2,Auburn Tigers,SEC,power,11,70,99,LSU Tigers,SEC,power,16,55,
2022,2021-12-29,2021-12-27,401372140,reg,0,0,127,Michigan State Spartans,Big Ten,power,10,81,2272,High Point Panthers,Big South,mid,0,68,
2022,2021-12-29,2021-12-27,401372167,reg,0,0,2509,Purdue Boilermakers,Big Ten,power,3,104,2447,Nicholls Colonels,Southland,mid,0,90,
2022,2021-12-29,2021-12-27,401372176,reg,0,0,275,Wisconsin Badgers,Big Ten,power,24,89,2287,Illinois State Redbirds,MVC,mid,0,85,
2022,2021-12-29,2021-12-27,401373524,reg,0,1,2507,Providence Friars,Big East,high,21,70,2550,Seton Hall Pirates,Big East,high,15,65,
2022,2021-12-29,2021-12-27,401398463,reg,0,0,2305,Kansas Jayhawks,Big 12,power,6,88,2440,Nevada Wolf Pack,Mountain West,high,0,61,
2022,2021-12-31,2021-12-27,401371857,reg,0,0,96,Kentucky Wildcats,SEC,power,18,92,2272,High Point Panthers,Big South,mid,0,48,
2022,2022-01-01,2021-12-27,401368352,reg,0,1,66,Iowa State Cyclones,Big 12,power,8,72,239,Baylor Bears,Big 12,power,1,77,
2022,2022-01-01,2021-12-27,401368356,reg,0,1,251,Texas Longhorns,Big 12,power,17,74,277,West Virginia Mountaineers,Big 12,power,0,59,
2022,2022-01-01,2021-12-27,401373527,reg,0,1,2550,Seton Hall Pirates,Big East,high,15,67,222,Villanova Wildcats,Big East,high,22,73,
2022,2022-01-01,2021-12-27,401373529,reg,0,1,305,DePaul Blue Demons,Big East,high,0,53,2507,Providence Friars,Big East,high,21,70,
2022,2022-01-01,2021-12-27,401398910,reg,0,0,2305,Kansas Jayhawks,Big 12,power,6,76,2244,George Mason Patriots,A-10,high,0,67,
2022,2022-01-02,2021-12-27,401364357,reg,0,1,77,Northwestern Wildcats,Big Ten,power,0,67,127,Michigan State Spartans,Big Ten,power,10,73,
2022,2022-01-02,2021-12-27,401364358,reg,0,1,158,Nebraska Cornhuskers,Big Ten,power,0,79,194,Ohio State Buckeyes,Big Ten,power,13,87,
2022,2022-01-02,2021-12-27,401377699,reg,0,1,218,Temple Owls,American,high,0,61,248,Houston Cougars,American,high,12,66,
2022,2022-01-03,2022-01-03,401364360,reg,0,1,2509,Purdue Boilermakers,Big Ten,power,3,69,275,Wisconsin Badgers,Big Ten,power,23,74,
2022,2022-01-03,2022-01-03,401390830,reg,0,1,12,Arizona Wildcats,Pac-12,power,8,95,264,Washington Huskies,Pac-12,power,0,79,
2022,2022-01-04,2022-01-03,401364722,reg,0,1,36,Colorado State Rams,Mountain West,high,20,67,2005,Air Force Falcons,Mountain West,high,0,59,
2022,2022-01-04,2022-01-03,401364844,reg,0,1,99,LSU Tigers,SEC,power,21,65,96,Kentucky Wildcats,SEC,power,16,60,
2022,2022-01-04,2022-01-03,401364845,reg,0,1,2579,South Carolina Gamecocks,SEC,power,0,66,2,Auburn Tigers,SEC,power,9,81,
2022,2022-01-04,2022-01-03,401368358,reg,0,1,239,Baylor Bears,Big 12,power,1,84,201,Oklahoma Sooners,Big 12,power,0,74,
2022,2022-01-04,2022-01-03,401368359,reg,0,1,197,Oklahoma State Cowboys,Big 12,power,0,63,2305,Kansas Jayhawks,Big 12,power,6,74,
2022,2022-01-04,2022-01-03,401368360,reg,0,1,2306,Kansas State Wildcats,Big 12,power,0,57,251,Texas Longhorns,Big 12,power,14,70,
2022,2022-01-04,2022-01-03,401369861,reg,0,1,150,Duke Blue Devils,ACC,power,2,69,59,Georgia Tech Yellow Jackets,ACC,power,0,57,
2022,2022-01-04,2022-01-03,401373531,reg,0,1,2086,Butler Bulldogs,Big East,high,0,56,2550,Seton Hall Pirates,Big East,high,24,71,
2022,2022-01-04,2022-01-03,401373533,reg,0,1,269,Marquette Golden Eagles,Big East,high,0,88,2507,Providence Friars,Big East,high,16,56,
2022,2022-01-05,2022-01-03,401364362,reg,0,1,127,Michigan State Spartans,Big Ten,power,10,79,158,Nebraska Cornhuskers,Big Ten,power,0,67,
2022,2022-01-05,2022-01-03,401364848,reg,0,1,57,Florida Gators,SEC,power,0,70,333,Alabama Crimson Tide,SEC,power,15,83,
2022,2022-01-05,2022-01-03,401364849,reg,0,1,2633,Tennessee Volunteers,SEC,power,18,66,145,Ole Miss Rebels,SEC,power,0,60,
2022,2022-01-05,2022-01-03,401368361,reg,0,1,66,Iowa State Cyclones,Big 12,power,11,51,2641,Texas Tech Red Raiders,Big 12,power,25,47,
2022,2022-01-05,2022-01-03,401373535,reg,0,1,222,Villanova Wildcats,Big East,high,19,75,156,Creighton Bluejays,Big East,high,0,41,
2022,2022-01-05,2022-01-03,401377702,reg,0,1,58,South Florida Bulls,American,high,0,66,248,Houston Cougars,American,high,12,83,
2022,2022-01-06,2022-01-03,401364364,reg,0,1,275,Wisconsin Badgers,Big Ten,power,23,87,2294,Iowa Hawkeyes,Big Ten,power,0,78,
2022,2022-01-06,2022-01-03,401364366,reg,0,1,84,Indiana Hoosiers,Big Ten,power,0,67,194,Ohio State Buckeyes,Big Ten,power,13,51,
2022,2022-01-06,2022-01-03,401377400,reg,0,1,25,California Golden Bears,Pac-12,power,0,63,30,USC Trojans,Pac-12,power,7,77,
2022,2022-01-06,2022-01-03,401402090,reg,0,0,26,UCLA Bruins,Pac-12,power,5,96,299,Long Beach State Beach,Big West,mid,0,78,
2022,2022-01-07,2022-01-03,401373536,reg,0,1,2086,Butler Bulldogs,Big East,high,0,72,2752,Xavier Musketeers,Big East,high,22,87,
2022,2022-01-08,2022-01-03,401364369,reg,0,1,213,Penn State Nittany Lions,Big Ten,power,0,67,2509,Purdue Boilermakers,Big Ten,power,3,74,
2022,2022-01-08,2022-01-03,401364723,reg,0,1,21,San Diego State Aztecs,Mountain West,high,0,79,36,Colorado State Rams,Mountain West,high,20,49,
2022,2022-01-08,2022-01-03,401364852,reg,0,1,142,Missouri Tigers,SEC,power,0,92,333,Alabama Crimson Tide,SEC,power,15,86,
2022,2022-01-08,2022-01-03,401364853,reg,0,1,96,Kentucky Wildcats,SEC,power,16,92,61,Georgia Bulldogs,SEC,power,0,77,
2022,2022-01-08,2022-01-03,401364855,reg,0,1,2,Auburn Tigers,SEC,power,9,85,57,Florida Gators,SEC,power,0,73,
2022,2022-01-08,2022-01-03,401364856,reg,0,1,99,LSU Tigers,SEC,power,21,79,2633,Tennessee Volunteers,SEC,power,18,67,
2022,2022-01-08,2022-01-03,401368362,reg,0,1,2628,TCU Horned Frogs,Big 12,power,0,64,239,Baylor Bears,Big 12,power,1,76,
2022,2022-01-08,2022-01-03,401368363,reg,0,1,201,Oklahoma Sooners,Big 12,power,0,79,66,Iowa State Cyclones,Big 12,power,11,66,
2022,2022-01-08,2022-01-03,401368364,reg,0,1,2641,Texas Tech Red Raiders,Big 12,power,25,75,2305,Kansas Jayhawks,Big 12,power,6,67,
2022,2022-01-08,2022-01-03,401368366,reg,0,1,197,Oklahoma State Cowboys,Big 12,power,0,64,251,Texas Longhorns,Big 12,power,14,51,
2022,2022-01-08,2022-01-03,401369862,reg,0,1,150,Duke Blue Devils,ACC,power,2,74,2390,Miami Hurricanes,ACC,power,0,76,
2022,2022-01-08,2022-01-03,401371309,reg,0,1,2250,Gonzaga Bulldogs,WCC,high,4,117,2492,Pepperdine Waves,WCC,high,0,83,
2022,2022-01-08,2022-01-03,401373538,reg,0,1,305,DePaul Blue Demons,Big East,high,0,64,222,Villanova Wildcats,Big East,high,19,79,
2022,2022-01-08,2022-01-03,401373539,reg,0,1,2507,Providence Friars,Big East,high,16,83,2599,St. John's Red Storm,Big East,high,0,73,
2022,2022-01-08,2022-01-03,401373540,reg,0,1,2550,Seton Hall Pirates,Big East,high,24,90,41,UConn Huskies,Big East,high,0,87,
2022,2022-01-08,2022-01-03,401377403,reg,0,1,25,California Golden Bears,Pac-12,power,0,52,26,UCLA Bruins,Pac-12,power,5,60,
2022,2022-01-08,2022-01-03,401377706,reg,0,1,248,Houston Cougars,American,high,12,76,2724,Wichita State Shockers,American,high,0,66,
2022,2022-01-09,2022-01-03,401364371,reg,0,1,194,Ohio State Buckeyes,Big Ten,power,13,95,77,Northwestern Wildcats,Big Ten,power,0,87,
2022,2022-01-09,2022-01-03,401364372,reg,0,1,120,Maryland Terrapins,Big Ten,power,0,69,275,Wisconsin Badgers,Big Ten,power,23,70,
2022,2022-01-11,2022-01-10,401364373,reg,0,1,158,Nebraska Cornhuskers,Big Ten,power,0,71,356,Illinois Fighting Illini,Big Ten,power,25,81,
2022,2022-01-11,2022-01-10,401364858,reg,0,1,2633,Tennessee Volunteers,SEC,power,22,66,2579,South Carolina Gamecocks,SEC,power,0,46,
2022,2022-01-11,2022-01-10,401364859,reg,0,1,238,Vanderbilt Commodores,SEC,power,0,66,96,Kentucky Wildcats,SEC,power,18,78,
2022,2022-01-11,2022-01-10,401364861,reg,0,1,333,Alabama Crimson Tide,SEC,power,24,77,2,Auburn Tigers,SEC,power,4,81,
2022,2022-01-11,2022-01-10,401368367,reg,0,1,239,Baylor Bears,Big 12,power,1,62,2641,Texas Tech Red Raiders,Big 12,power,19,65,
2022,2022-01-11,2022-01-10,401368368,reg,0,1,2305,Kansas Jayhawks,Big 12,power,9,62,66,Iowa State Cyclones,Big 12,power,15,61,
2022,2022-01-11,2022-01-10,401368369,reg,0,1,251,Texas Longhorns,Big 12,power,21,66,201,Oklahoma Sooners,Big 12,power,0,52,
2022,2022-01-11,2022-01-10,401402814,reg,0,1,24,Stanford Cardinal,Pac-12,power,0,75,30,USC Trojans,Pac-12,power,5,69,
2022,2022-01-12,2022-01-10,401364377,reg,0,1,127,Michigan State Spartans,Big Ten,power,10,71,135,Minnesota Golden Gophers,Big Ten,power,0,69,
2022,2022-01-12,2022-01-10,401364862,reg,0,1,57,Florida Gators,SEC,power,0,58,99,LSU Tigers,SEC,power,12,64,
2022,2022-01-12,2022-01-10,401370066,reg,0,1,154,Wake Forest Demon Deacons,ACC,power,0,64,150,Duke Blue Devils,ACC,power,8,76,
2022,2022-01-12,2022-01-10,401373544,reg,0,1,2752,Xavier Musketeers,Big East,high,17,60,222,Villanova Wildcats,Big East,high,14,64,
2022,2022-01-13,2022-01-10,401364379,reg,0,1,275,Wisconsin Badgers,Big Ten,power,13,78,194,Ohio State Buckeyes,Big Ten,power,16,68,
2022,2022-01-13,2022-01-10,401371311,reg,0,1,2250,Gonzaga Bulldogs,WCC,high,2,110,252,BYU Cougars,WCC,high,0,84,
2022,2022-01-13,2022-01-10,401377410,reg,0,1,26,UCLA Bruins,Pac-12,power,3,81,2483,Oregon Ducks,Pac-12,power,0,84,
2022,2022-01-13,2022-01-10,401377411,reg,0,1,12,Arizona Wildcats,Pac-12,power,6,76,38,Colorado Buffaloes,Pac-12,power,0,55,
2022,2022-01-13,2022-01-10,401377412,reg,0,1,30,USC Trojans,Pac-12,power,5,81,204,Oregon State Beavers,Pac-12,power,0,71,
2022,2022-01-13,2022-01-10,401398458,reg,0,1,2641,Texas Tech Red Raiders,Big 12,power,19,78,197,Oklahoma State Cowboys,Big 12,power,0,57,
2022,2022-01-13,2022-01-10,401398907,reg,0,1,305,DePaul Blue Demons,Big East,high,0,96,2550,Seton Hall Pirates,Big East,high,20,92,
2022,2022-01-14,2022-01-10,401364380,reg,0,1,356,Illinois Fighting Illini,Big Ten,power,25,68,130,Michigan Wolverines,Big Ten,power,0,53,
2022,2022-01-14,2022-01-10,401364381,reg,0,1,2509,Purdue Boilermakers,Big Ten,power,7,92,158,Nebraska Cornhuskers,Big Ten,power,0,65,
2022,2022-01-15,2022-01-10,401364382,reg,0,1,127,Michigan State Spartans,Big Ten,power,10,62,77,Northwestern Wildcats,Big Ten,power,0,64,
2022,2022-01-15,2022-01-10,401364867,reg,0,1,344,Mississippi State Bulldogs,SEC,power,0,78,333,Alabama Crimson Tide,SEC,power,24,76,
2022,2022-01-15,2022-01-10,401364868,reg,0,1,145,Ole Miss Rebels,SEC,power,0,71,2,Auburn Tigers,SEC,power,4,80,
2022,2022-01-15,2022-01-10,401364869,reg,0,1,99,LSU Tigers,SEC,power,12,58,8,Arkansas Razorbacks,SEC,power,0,65,
2022,2022-01-15,2022-01-10,401364871,reg,0,1,96,Kentucky Wildcats,SEC,power,18,107,2633,Tennessee Volunteers,SEC,power,22,79,
2022,2022-01-15,2022-01-10,401368372,reg,0,1,2305,Kansas Jayhawks,Big 12,power,9,85,277,West Virginia Mountaineers,Big 12,power,0,59,
2022,2022-01-15,2022-01-10,401368373,reg,0,1,239,Baylor Bears,Big 12,power,1,54,197,Oklahoma State Cowboys,Big 12,power,0,61,
2022,2022-01-15,2022-01-10,401368374,reg,0,1,66,Iowa State Cyclones,Big 12,power,15,79,251,Texas Longhorns,Big 12,power,21,70,
2022,2022-01-15,2022-01-10,401368375,reg,0,1,2306,Kansas State Wildcats,Big 12,power,0,62,2641,Texas Tech Red Raiders,Big 12,power,19,51,
2022,2022-01-15,2022-01-10,401369863,reg,0,1,150,Duke Blue Devils,ACC,power,8,88,152,NC State Wolfpack,ACC,power,0,73,
2022,2022-01-15,2022-01-10,401371149,reg,0,1,2541,Santa Clara Broncos,WCC,high,0,83,2250,Gonzaga Bulldogs,WCC,high,2,115,
2022,2022-01-15,2022-01-10,401373546,reg,0,1,2752,Xavier Musketeers,Big East,high,17,80,156,Creighton Bluejays,Big East,high,0,73,
2022,2022-01-15,2022-01-10,401373548,reg,0,1,269,Marquette Golden Eagles,Big East,high,0,73,2550,Seton Hall Pirates,Big East,high,20,72,
2022,2022-01-15,2022-01-10,401377415,reg,0,1,12,Arizona Wildcats,Pac-12,power,6,82,254,Utah Utes,Pac-12,power,0,64,
2022,2022-01-15,2022-01-10,401377417,reg,0,1,26,UCLA Bruins,Pac-12,power,3,81,204,Oregon State Beavers,Pac-12,power,0,65,
2022,2022-01-15,2022-01-10,401377418,reg,0,1,30,USC Trojans,Pac-12,power,5,69,2483,Oregon Ducks,Pac-12,power,0,79,
2022,2022-01-15,2022-01-10,401377716,reg,0,1,202,Tulsa Golden Hurricane,American,high,0,64,248,Houston Cougars,American,high,11,66,
2022,2022-01-16,2022-01-10,401364385,reg,0,1,194,Ohio State Buckeyes,Big Ten,power,16,61,213,Penn State Nittany Lions,Big Ten,power,0,56,
2022,2022-01-16,2022-01-10,401373550,reg,0,1,222,Villanova Wildcats,Big East,high,14,82,2086,Butler Bulldogs,Big East,high,0,42,
2022,2022-01-17,2022-01-17,401364387,reg,0,1,356,Illinois Fighting Illini,Big Ten,power,17,88,2509,Purdue Boilermakers,Big Ten,power,4,96,
2022,2022-01-18,2022-01-17,401364389,reg,0,1,77,Northwestern Wildcats,Big Ten,power,0,76,275,Wisconsin Badgers,Big Ten,power,8,82,
2022,2022-01-18,2022-01-17,401364874,reg,0,1,238,Vanderbilt Commodores,SEC,power,0,60,2633,Tennessee Volunteers,SEC,power,24,68,
2022,2022-01-18,2022-01-17,401367362,reg,0,1,339,Evansville Purple Aces,MVC,mid,0,48,2350,Loyola Chicago Ramblers,MVC,mid,22,77,
2022,2022-01-18,2022-01-17,401368377,reg,0,1,201,Oklahoma Sooners,Big 12,power,0,64,2305,Kansas Jayhawks,Big 12,power,7,67,
2022,2022-01-18,2022-01-17,401368378,reg,0,1,277,West Virginia Mountaineers,Big 12,power,0,68,239,Baylor Bears,Big 12,power,5,77,
2022,2022-01-18,2022-01-17,401368379,reg,0,1,251,Texas Longhorns,Big 12,power,23,65,2306,Kansas State Wildcats,Big 12,power,0,66,
2022,2022-01-18,2022-01-17,401368380,reg,0,1,2641,Texas Tech Red Raiders,Big 12,power,18,72,66,Iowa State Cyclones,Big 12,power,15,60,
2022,2022-01-18,2022-01-17,401369882,reg,0,1,52,Florida State Seminoles,ACC,power,0,79,150,Duke Blue Devils,ACC,power,6,78,
2022,2022-01-18,2022-01-17,401377720,reg,0,1,248,Houston Cougars,American,high,10,74,58,South Florida Bulls,American,high,0,55,
2022,2022-01-18,2022-01-17,401402410,reg,0,1,41,UConn Huskies,Big East,high,25,76,2086,Butler Bulldogs,Big East,high,0,59,
2022,2022-01-18,2022-01-17,401403743,reg,0,0,194,Ohio State Buckeyes,Big Ten,power,19,83,85,IUPUI Jaguars,Horizon,mid,0,37,
2022,2022-01-19,2022-01-17,401364876,reg,0,1,333,Alabama Crimson Tide,SEC,power,0,70,99,LSU Tigers,SEC,power,13,67,
2022,2022-01-19,2022-01-17,401364877,reg,0,1,245,Texas A&M Aggies,SEC,power,0,58,96,Kentucky Wildcats,SEC,power,12,64,
2022,2022-01-19,2022-01-17,401364878,reg,0,1,2,Auburn Tigers,SEC,power,2,83,61,Georgia Bulldogs,SEC,power,0,60,
2022,2022-01-19,2022-01-17,401373553,reg,0,1,305,DePaul Blue Demons,Big East,high,0,67,2752,Xavier Musketeers,Big East,high,20,68,
2022,2022-01-19,2022-01-17,401373554,reg,0,1,222,Villanova Wildcats,Big East,high,11,54,269,Marquette Golden Eagles,Big East,high,0,57,
2022,2022-01-20,2022-01-17,401364392,reg,0,1,84,Indiana Hoosiers,Big Ten,power,0,68,2509,Purdue Boilermakers,Big Ten,power,4,65,
2022,2022-01-20,2022-01-17,401373555,reg,0,1,2086,Butler Bulldogs,Big East,high,0,56,41,UConn Huskies,Big East,high,25,75,
2022,2022-01-20,2022-01-17,401377420,reg,0,1,38,Colorado Buffaloes,Pac-12,power,0,58,30,USC Trojans,Pac-12,power,16,61,
2022,2022-01-20,2022-01-17,401377422,reg,0,1,24,Stanford Cardinal,Pac-12,power,0,57,12,Arizona Wildcats,Pac-12,power,3,85,
2022,2022-01-20,2022-01-17,401377423,reg,0,1,254,Utah Utes,Pac-12,power,0,58,26,UCLA Bruins,Pac-12,power,9,63,
2022,2022-01-20,2022-01-17,401400491,reg,0,1,2507,Providence Friars,Big East,high,21,83,46,Georgetown Hoyas,Big East,high,0,75,
2022,2022-01-20,2022-01-17,401406558,reg,0,1,2250,Gonzaga Bulldogs,WCC,high,1,78,2539,San Francisco Dons,WCC,high,0,62,
2022,2022-01-21,2022-01-17,401364393,reg,0,1,120,Maryland Terrapins,Big Ten,power,0,81,356,Illinois Fighting Illini,Big Ten,power,17,65,
2022,2022-01-21,2022-01-17,401364394,reg,0,1,275,Wisconsin Badgers,Big Ten,power,8,74,127,Michigan State Spartans,Big Ten,power,14,86,
2022,2022-01-22,2022-01-17,401364884,reg,0,1,2,Auburn Tigers,SEC,power,2,80,96,Kentucky Wildcats,SEC,power,12,71,
2022,2022-01-22,2022-01-17,401364885,reg,0,1,2633,Tennessee Volunteers,SEC,power,24,64,99,LSU Tigers,SEC,power,13,50,
2022,2022-01-22,2022-01-17,401367367,reg,0,1,2350,Loyola Chicago Ramblers,MVC,mid,22,69,2623,Missouri State Bears,MVC,mid,0,79,
2022,2022-01-22,2022-01-17,401368382,reg,0,1,2306,Kansas State Wildcats,Big 12,power,0,75,2305,Kansas Jayhawks,Big 12,power,7,78,
2022,2022-01-22,2022-01-17,401368383,reg,0,1,201,Oklahoma Sooners,Big 12,power,0,51,239,Baylor Bears,Big 12,power,5,65,
2022,2022-01-22,2022-01-17,401368384,reg,0,1,66,Iowa State Cyclones,Big 12,power,15,44,2628,TCU Horned Frogs,Big 12,power,0,59,
2022,2022-01-22,2022-01-17,401368385,reg,0,1,251,Texas Longhorns,Big 12,power,23,56,197,Oklahoma State Cowboys,Big 12,power,0,51,
2022,2022-01-22,2022-01-17,401368386,reg,0,1,2641,Texas Tech Red Raiders,Big 12,power,18,78,277,West Virginia Mountaineers,Big 12,power,0,65,
2022,2022-01-22,2022-01-17,401369864,reg,0,1,150,Duke Blue Devils,ACC,power,6,79,183,Syracuse Orange,ACC,power,0,59,
2022,2022-01-22,2022-01-17,401373557,reg,0,1,46,Georgetown Hoyas,Big East,high,0,74,222,Villanova Wildcats,Big East,high,11,85,
2022,2022-01-22,2022-01-17,401377425,reg,0,1,254,Utah Utes,Pac-12,power,0,67,30,USC Trojans,Pac-12,power,16,79,
2022,2022-01-22,2022-01-17,401377427,reg,0,1,38,Colorado Buffaloes,Pac-12,power,0,65,26,UCLA Bruins,Pac-12,power,9,71,
2022,2022-01-22,2022-01-17,401377727,reg,0,1,248,Houston Cougars,American,high,10,79,151,East Carolina Pirates,American,high,0,36,
2022,2022-01-23,2022-01-17,401364399,reg,0,1,2509,Purdue Boilermakers,Big Ten,power,4,80,77,Northwestern Wildcats,Big Ten,power,0,60,
2022,2022-01-23,2022-01-17,401373559,reg,0,1,2507,Providence Friars,Big East,high,21,69,2086,Butler Bulldogs,Big East,high,0,62,
2022,2022-01-23,2022-01-17,401373560,reg,0,1,269,Marquette Golden Eagles,Big East,high,0,75,2752,Xavier Musketeers,Big East,high,20,64,
2022,2022-01-23,2022-01-17,401377429,reg,0,1,25,California Golden Bears,Pac-12,power,0,71,12,Arizona Wildcats,Pac-12,power,3,96,
2022,2022-01-24,2022-01-24,401368387,reg,0,1,2305,Kansas Jayhawks,Big 12,power,5,94,2641,Texas Tech Red Raiders,Big 12,power,13,91,
2022,2022-01-24,2022-01-24,401405169,reg,0,1,30,USC Trojans,Pac-12,power,15,78,9,Arizona State Sun Devils,Pac-12,power,0,56,
2022,2022-01-25,2022-01-24,401364401,reg,0,1,356,Illinois Fighting Illini,Big Ten,power,24,56,127,Michigan State Spartans,Big Ten,power,10,55,
2022,2022-01-25,2022-01-24,401364887,reg,0,1,142,Missouri Tigers,SEC,power,0,54,2,Auburn Tigers,SEC,power,1,55,
2022,2022-01-25,2022-01-24,401364888,reg,0,1,96,Kentucky Wildcats,SEC,power,12,82,344,Mississippi State Bulldogs,SEC,power,0,74,
2022,2022-01-25,2022-01-24,401368388,reg,0,1,239,Baylor Bears,Big 12,power,4,74,2306,Kansas State Wildcats,Big 12,power,0,49,
2022,2022-01-25,2022-01-24,401369865,reg,0,1,150,Duke Blue Devils,ACC,power,9,71,228,Clemson Tigers,ACC,power,0,69,
2022,2022-01-25,2022-01-24,401373561,reg,0,1,222,Villanova Wildcats,Big East,high,14,67,305,DePaul Blue Demons,Big East,high,0,43,
2022,2022-01-25,2022-01-24,401373562,reg,0,1,41,UConn Huskies,Big East,high,20,96,46,Georgetown Hoyas,Big East,high,0,73,
2022,2022-01-25,2022-01-24,401405170,reg,0,1,26,UCLA Bruins,Pac-12,power,7,75,12,Arizona Wildcats,Pac-12,power,3,59,
2022,2022-01-26,2022-01-24,401364889,reg,0,1,2633,Tennessee Volunteers,SEC,power,18,78,57,Florida Gators,SEC,power,0,71,
2022,2022-01-26,2022-01-24,401364892,reg,0,1,99,LSU Tigers,SEC,power,19,70,245,Texas A&M Aggies,SEC,power,0,64,
2022,2022-01-26,2022-01-24,401365805,reg,0,1,2166,Davidson Wildcats,A-10,high,25,68,2670,VCU Rams,A-10,high,0,70,
2022,2022-01-26,2022-01-24,401368390,reg,0,1,197,Oklahoma State Cowboys,Big 12,power,0,81,66,Iowa State Cyclones,Big 12,power,23,84,
2022,2022-01-26,2022-01-24,401373563,reg,0,1,2550,Seton Hall Pirates,Big East,high,0,63,269,Marquette Golden Eagles,Big East,high,22,73,
2022,2022-01-26,2022-01-24,401373565,reg,0,1,2752,Xavier Musketeers,Big East,high,21,62,2507,Providence Friars,Big East,high,17,65,
2022,2022-01-27,2022-01-24,401364402,reg,0,1,158,Nebraska Cornhuskers,Big Ten,power,0,65,275,Wisconsin Badgers,Big Ten,power,11,73,
2022,2022-01-27,2022-01-24,401364405,reg,0,1,135,Minnesota Golden Gophers,Big Ten,power,0,64,194,Ohio State Buckeyes,Big Ten,power,16,75,
2022,2022-01-27,2022-01-24,401364406,reg,0,1,2294,Iowa Hawkeyes,Big Ten,power,0,73,2509,Purdue Boilermakers,Big Ten,power,6,83,
2022,2022-01-27,2022-01-24,401371314,reg,0,1,2250,Gonzaga Bulldogs,WCC,high,2,89,2351,Loyola Marymount Lions,WCC,high,0,55,
2022,2022-01-27,2022-01-24,401377432,reg,0,1,26,UCLA Bruins,Pac-12,power,7,81,25,California Golden Bears,Pac-12,power,0,57,
2022,2022-01-27,2022-01-24,401377433,reg,0,1,30,USC Trojans,Pac-12,power,15,61,24,Stanford Cardinal,Pac-12,power,0,64,
2022,2022-01-29,2022-01-24,401364407,reg,0,1,77,Northwestern Wildcats,Big Ten,power,0,56,356,Illinois Fighting Illini,Big Ten,power,24,59,
2022,2022-01-29,2022-01-24,401364409,reg,0,1,127,Michigan State Spartans,Big Ten,power,10,83,130,Michigan Wolverines,Big Ten,power,0,67,
2022,2022-01-29,2022-01-24,401364895,reg,0,0,333,Alabama Crimson Tide,SEC,power,0,87,239,Baylor Bears,Big 12,power,4,78,SEC/Big 12 Challenge
2022,2022-01-29,2022-01-24,401364897,reg,0,0,2,Auburn Tigers,SEC,power,1,86,201,Oklahoma Sooners,Big 12,power,0,68,SEC/Big 12 Challenge
2022,2022-01-29,2022-01-24,401364899,reg,0,0,2305,Kansas Jayhawks,Big 12,power,5,62,96,Kentucky Wildcats,SEC,power,12,80,SEC/Big 12 Challenge
2022,2022-01-29,2022-01-24,401364900,reg,0,0,2641,Texas Tech Red Raiders,Big 12,power,13,76,344,Mississippi State Bulldogs,SEC,power,0,50,SEC/Big 12 Challenge
2022,2022-01-29,2022-01-24,401364901,reg,0,0,66,Iowa State Cyclones,Big 12,power,23,67,142,Missouri Tigers,SEC,power,0,50,SEC/Big 12 Challenge
2022,2022-01-29,2022-01-24,401364902,reg,0,0,251,Texas Longhorns,Big 12,power,0,52,2633,Tennessee Volunteers,SEC,power,18,51,SEC/Big 12 Challenge
2022,2022-01-29,2022-01-24,401365811,reg,0,1,2166,Davidson Wildcats,A-10,high,25,77,2325,La Salle Explorers,A-10,high,0,69,
2022,2022-01-29,2022-01-24,401370117,reg,0,1,97,Louisville Cardinals,ACC,power,0,65,150,Duke Blue Devils,ACC,power,9,74,
2022,2022-01-29,2022-01-24,401371229,reg,0,1,2250,Gonzaga Bulldogs,WCC,high,2,104,2501,Portland Pilots,WCC,high,0,72,
2022,2022-01-29,2022-01-24,401371919,reg,0,0,2628,TCU Horned Frogs,Big 12,power,0,77,99,LSU Tigers,SEC,power,19,68,SEC/Big 12 Challenge
2022,2022-01-29,2022-01-24,401373568,reg,0,1,156,Creighton Bluejays,Big East,high,0,64,2752,Xavier Musketeers,Big East,high,21,74,
2022,2022-01-29,2022-01-24,401373569,reg,0,1,305,DePaul Blue Demons,Big East,high,0,50,41,UConn Huskies,Big East,high,20,57,
2022,2022-01-29,2022-01-24,401373570,reg,0,1,222,Villanova Wildcats,Big East,high,14,73,2599,St. John's Red Storm,Big East,high,0,62,
2022,2022-01-29,2022-01-24,401377435,reg,0,1,12,Arizona Wildcats,Pac-12,power,3,67,9,Arizona State Sun Devils,Pac-12,power,0,56,
2022,2022-01-29,2022-01-24,401377437,reg,0,1,30,USC Trojans,Pac-12,power,15,79,25,California Golden Bears,Pac-12,power,0,72,
2022,2022-01-29,2022-01-24,401377438,reg,0,1,26,UCLA Bruins,Pac-12,power,7,66,24,Stanford Cardinal,Pac-12,power,0,43,
2022,2022-01-29,2022-01-24,401377738,reg,0,1,2116,UCF Knights,American,high,0,49,248,Houston Cougars,American,high,7,63,
2022,2022-01-30,2022-01-24,401364411,reg,0,1,275,Wisconsin Badgers,Big Ten,power,11,66,135,Minnesota Golden Gophers,Big Ten,power,0,60,
2022,2022-01-30,2022-01-24,401364412,reg,0,1,2509,Purdue Boilermakers,Big Ten,power,6,81,194,Ohio State Buckeyes,Big Ten,power,16,78,
2022,2022-01-30,2022-01-24,401373567,reg,0,1,2507,Providence Friars,Big East,high,17,65,269,Marquette Golden Eagles,Big East,high,22,63,
2022,2022-01-31,2022-01-31,401368392,reg,0,1,239,Baylor Bears,Big 12,power,8,81,277,West Virginia Mountaineers,Big 12,power,0,77,
2022,2022-01-31,2022-01-31,401403746,reg,0,1,87,Notre Dame Fighting Irish,ACC,power,0,43,150,Duke Blue Devils,ACC,power,9,57,
2022,2022-02-01,2022-01-31,401364414,reg,0,1,120,Maryland Terrapins,Big Ten,power,0,63,127,Michigan State Spartans,Big Ten,power,13,65,
2022,2022-02-01,2022-01-31,401364904,reg,0,1,2633,Tennessee Volunteers,SEC,power,22,90,245,Texas A&M Aggies,SEC,power,0,80,
2022,2022-02-01,2022-01-31,401364905,reg,0,1,2,Auburn Tigers,SEC,power,1,100,333,Alabama Crimson Tide,SEC,power,0,81,
2022,2022-02-01,2022-01-31,401364906,reg,0,1,99,LSU Tigers,SEC,power,25,72,145,Ole Miss Rebels,SEC,power,0,76,
2022,2022-02-01,2022-01-31,401368394,reg,0,1,66,Iowa State Cyclones,Big 12,power,20,61,2305,Kansas Jayhawks,Big 12,power,10,70,
2022,2022-02-01,2022-01-31,401368395,reg,0,1,2641,Texas Tech Red Raiders,Big 12,power,14,77,251,Texas Longhorns,Big 12,power,23,64,
2022,2022-02-01,2022-01-31,401373571,reg,0,1,41,UConn Huskies,Big East,high,17,55,156,Creighton Bluejays,Big East,high,0,59,
2022,2022-02-01,2022-01-31,401373573,reg,0,1,2599,St. John's Red Storm,Big East,high,0,82,2507,Providence Friars,Big East,high,15,86,
2022,2022-02-02,2022-01-31,401364417,reg,0,1,135,Minnesota Golden Gophers,Big Ten,power,0,73,2509,Purdue Boilermakers,Big Ten,power,4,88,
2022,2022-02-02,2022-01-31,401364418,reg,0,1,356,Illinois Fighting Illini,Big Ten,power,18,80,275,Wisconsin Badgers,Big Ten,power,11,67,
2022,2022-02-02,2022-01-31,401364908,reg,0,1,96,Kentucky Wildcats,SEC,power,5,77,238,Vanderbilt Commodores,SEC,power,0,70,
2022,2022-02-02,2022-01-31,401373574,reg,0,1,269,Marquette Golden Eagles,Big East,high,24,83,222,Villanova Wildcats,Big East,high,12,73,
2022,2022-02-02,2022-01-31,401373575,reg,0,1,2752,Xavier Musketeers,Big East,high,21,68,2086,Butler Bulldogs,Big East,high,0,66,
2022,2022-02-02,2022-01-31,401377742,reg,0,1,248,Houston Cougars,American,high,6,73,2655,Tulane Green Wave,American,high,0,62,
2022,2022-02-03,2022-01-31,401377441,reg,0,1,12,Arizona Wildcats,Pac-12,power,7,76,26,UCLA Bruins,Pac-12,power,3,66,
2022,2022-02-03,2022-01-31,401377442,reg,0,1,9,Arizona State Sun Devils,Pac-12,power,0,53,30,USC Trojans,Pac-12,power,19,58,
2022,2022-02-03,2022-01-31,401408370,reg,0,1,301,San Diego Toreros,WCC,high,0,62,2250,Gonzaga Bulldogs,WCC,high,2,92,
2022,2022-02-05,2022-01-31,401364420,reg,0,1,84,Indiana Hoosiers,Big Ten,power,0,57,356,Illinois Fighting Illini,Big Ten,power,18,74,
2022,2022-02-05,2022-01-31,401364421,reg,0,1,2509,Purdue Boilermakers,Big Ten,power,4,82,130,Michigan Wolverines,Big Ten,power,0,76,
2022,2022-02-05,2022-01-31,401364422,reg,0,1,164,Rutgers Scarlet Knights,Big Ten,power,0,84,127,Michigan State Spartans,Big Ten,power,13,63,
2022,2022-02-05,2022-01-31,401364424,reg,0,1,275,Wisconsin Badgers,Big Ten,power,11,51,213,Penn State Nittany Lions,Big Ten,power,0,49,
2022,2022-02-05,2022-01-31,401364910,reg,0,1,61,Georgia Bulldogs,SEC,power,0,72,2,Auburn Tigers,SEC,power,1,74,
2022,2022-02-05,2022-01-31,401364911,reg,0,1,2579,South Carolina Gamecocks,SEC,power,0,57,2633,Tennessee Volunteers,SEC,power,22,81,
2022,2022-02-05,2022-01-31,401364913,reg,0,1,238,Vanderbilt Commodores,SEC,power,0,75,99,LSU Tigers,SEC,power,25,66,
2022,2022-02-05,2022-01-31,401364914,reg,0,1,333,Alabama Crimson Tide,SEC,power,0,55,96,Kentucky Wildcats,SEC,power,5,66,
2022,2022-02-05,2022-01-31,401368397,reg,0,1,251,Texas Longhorns,Big 12,power,23,63,66,Iowa State Cyclones,Big 12,power,20,41,
2022,2022-02-05,2022-01-31,401368398,reg,0,1,2305,Kansas Jayhawks,Big 12,power,10,83,239,Baylor Bears,Big 12,power,8,59,
2022,2022-02-05,2022-01-31,401368401,reg,0,1,277,West Virginia Mountaineers,Big 12,power,0,53,2641,Texas Tech Red Raiders,Big 12,power,14,60,
2022,2022-02-05,2022-01-31,401369957,reg,0,1,153,North Carolina Tar Heels,ACC,power,0,67,150,Duke Blue Devils,ACC,power,9,87,
2022,2022-02-05,2022-01-31,401371317,reg,0,1,252,BYU Cougars,WCC,high,0,57,2250,Gonzaga Bulldogs,WCC,high,2,90,
2022,2022-02-05,2022-01-31,401373577,reg,0,1,222,Villanova Wildcats,Big East,high,12,85,41,UConn Huskies,Big East,high,17,74,
2022,2022-02-05,2022-01-31,401373579,reg,0,1,2752,Xavier Musketeers,Big East,high,21,65,305,DePaul Blue Demons,Big East,high,0,69,
2022,2022-02-05,2022-01-31,401377448,reg,0,1,12,Arizona Wildcats,Pac-12,power,7,72,30,USC Trojans,Pac-12,power,19,63,
2022,2022-02-05,2022-01-31,401377450,reg,0,1,9,Arizona State Sun Devils,Pac-12,power,0,87,26,UCLA Bruins,Pac-12,power,3,84,
2022,2022-02-06,2022-01-31,401364425,reg,0,1,194,Ohio State Buckeyes,Big Ten,power,16,82,120,Maryland Terrapins,Big Ten,power,0,67,
2022,2022-02-06,2022-01-31,401373580,reg,0,1,46,Georgetown Hoyas,Big East,high,0,52,2507,Providence Friars,Big East,high,15,71,
2022,2022-02-06,2022-01-31,401377749,reg,0,1,2132,Cincinnati Bearcats,American,high,0,58,248,Houston Cougars,American,high,6,80,
2022,2022-02-07,2022-02-07,401368402,reg,0,1,251,Texas Longhorns,Big 12,power,20,79,2305,Kansas Jayhawks,Big 12,power,8,76,
2022,2022-02-07,2022-02-07,401369866,reg,0,1,150,Duke Blue Devils,ACC,power,7,68,258,Virginia Cavaliers,ACC,power,0,69,
2022,2022-02-07,2022-02-07,401408904,reg,0,1,9,Arizona State Sun Devils,Pac-12,power,0,79,12,Arizona Wildcats,Pac-12,power,4,91,
2022,2022-02-08,2022-02-07,401364429,reg,0,1,127,Michigan State Spartans,Big Ten,power,17,62,275,Wisconsin Badgers,Big Ten,power,14,70,
2022,2022-02-08,2022-02-07,401364432,reg,0,1,2509,Purdue Boilermakers,Big Ten,power,3,84,356,Illinois Fighting Illini,Big Ten,power,13,68,
2022,2022-02-08,2022-02-07,401364917,reg,0,1,8,Arkansas Razorbacks,SEC,power,0,80,2,Auburn Tigers,SEC,power,1,76,
2022,2022-02-08,2022-02-07,401364918,reg,0,1,2579,South Carolina Gamecocks,SEC,power,0,76,96,Kentucky Wildcats,SEC,power,5,86,
2022,2022-02-08,2022-02-07,401373581,reg,0,1,2599,St. John's Red Storm,Big East,high,0,69,222,Villanova Wildcats,Big East,high,15,75,
2022,2022-02-08,2022-02-07,401373582,reg,0,1,41,UConn Huskies,Big East,high,24,80,269,Marquette Golden Eagles,Big East,high,18,72,
2022,2022-02-08,2022-02-07,401402453,reg,0,1,2541,Santa Clara Broncos,WCC,high,0,77,2608,Saint Mary's Gaels,WCC,high,22,72,
2022,2022-02-08,2022-02-07,401408897,reg,0,1,24,Stanford Cardinal,Pac-12,power,0,70,26,UCLA Bruins,Pac-12,power,12,79,
2022,2022-02-08,2022-02-07,401411670,reg,0,0,30,USC Trojans,Pac-12,power,21,74,279,Pacific Tigers,WCC,high,0,68,
2022,2022-02-09,2022-02-07,401364431,reg,0,1,164,Rutgers Scarlet Knights,Big Ten,power,0,66,194,Ohio State Buckeyes,Big Ten,power,16,64,
2022,2022-02-09,2022-02-07,401364922,reg,0,1,344,Mississippi State Bulldogs,SEC,power,0,63,2633,Tennessee Volunteers,SEC,power,19,72,
2022,2022-02-09,2022-02-07,401368405,reg,0,1,2306,Kansas State Wildcats,Big 12,power,0,60,239,Baylor Bears,Big 12,power,10,75,
2022,2022-02-09,2022-02-07,401368406,reg,0,1,201,Oklahoma Sooners,Big 12,power,0,70,2641,Texas Tech Red Raiders,Big 12,power,9,55,
2022,2022-02-09,2022-02-07,401373584,reg,0,1,2550,Seton Hall Pirates,Big East,high,0,73,2752,Xavier Musketeers,Big East,high,25,71,
2022,2022-02-09,2022-02-07,401377754,reg,0,1,2567,SMU Mustangs,American,high,0,85,248,Houston Cougars,American,high,6,83,
2022,2022-02-10,2022-02-07,401371234,reg,0,1,2608,Saint Mary's Gaels,WCC,high,22,86,301,San Diego Toreros,WCC,high,0,57,
2022,2022-02-10,2022-02-07,401371319,reg,0,1,2250,Gonzaga Bulldogs,WCC,high,2,89,279,Pacific Tigers,WCC,high,0,51,
2022,2022-02-10,2022-02-07,401376554,reg,0,1,2634,Tennessee State Tigers,OVC,mid,0,62,93,Murray State Racers,OVC,mid,23,73,
2022,2022-02-10,2022-02-07,401377455,reg,0,1,265,Washington State Cougars,Pac-12,power,0,60,12,Arizona Wildcats,Pac-12,power,4,72,
2022,2022-02-10,2022-02-07,401408050,reg,0,1,228,Clemson Tigers,ACC,power,0,64,150,Duke Blue Devils,ACC,power,7,82,
2022,2022-02-10,2022-02-07,401409769,reg,0,1,130,Michigan Wolverines,Big Ten,power,0,82,2509,Purdue Boilermakers,Big Ten,power,3,58,
2022,2022-02-11,2022-02-07,401402002,reg,0,1,2752,Xavier Musketeers,Big East,high,25,74,41,UConn Huskies,Big East,high,24,68,
2022,2022-02-12,2022-02-07,401364434,reg,0,1,127,Michigan State Spartans,Big Ten,power,17,76,84,Indiana Hoosiers,Big Ten,power,0,61,
2022,2022-02-12,2022-02-07,401364435,reg,0,1,130,Michigan Wolverines,Big Ten,power,0,57,194,Ohio State Buckeyes,Big Ten,power,16,68,
2022,2022-02-12,2022-02-07,401364437,reg,0,1,275,Wisconsin Badgers,Big Ten,power,14,65,164,Rutgers Scarlet Knights,Big Ten,power,0,73,
2022,2022-02-12,2022-02-07,401364925,reg,0,1,2,Auburn Tigers,SEC,power,1,75,245,Texas A&M Aggies,SEC,power,0,58,
2022,2022-02-12,2022-02-07,401364926,reg,0,1,2633,Tennessee Volunteers,SEC,power,19,73,238,Vanderbilt Commodores,SEC,power,0,64,
2022,2022-02-12,2022-02-07,401364929,reg,0,1,96,Kentucky Wildcats,SEC,power,5,78,57,Florida Gators,SEC,power,0,57,
2022,2022-02-12,2022-02-07,401368408,reg,0,1,2305,Kansas Jayhawks,Big 12,power,8,71,201,Oklahoma Sooners,Big 12,power,0,69,
2022,2022-02-12,2022-02-07,401368409,reg,0,1,2641,Texas Tech Red Raiders,Big 12,power,9,82,2628,TCU Horned Frogs,Big 12,power,0,69,
2022,2022-02-12,2022-02-07,401368411,reg,0,1,239,Baylor Bears,Big 12,power,10,80,251,Texas Longhorns,Big 12,power,20,63,
2022,2022-02-12,2022-02-07,401369922,reg,0,1,103,Boston College Eagles,ACC,power,0,61,150,Duke Blue Devils,ACC,power,7,72,
2022,2022-02-12,2022-02-07,401371235,reg,0,1,2250,Gonzaga Bulldogs,WCC,high,2,74,2608,Saint Mary's Gaels,WCC,high,22,58,
2022,2022-02-12,2022-02-07,401373249,reg,0,1,2413,Morehead State Eagles,OVC,mid,0,53,93,Murray State Racers,OVC,mid,23,57,
2022,2022-02-12,2022-02-07,401373587,reg,0,1,222,Villanova Wildcats,Big East,high,15,73,2550,Seton Hall Pirates,Big East,high,0,67,
2022,2022-02-12,2022-02-07,401373588,reg,0,1,2086,Butler Bulldogs,Big East,high,0,85,269,Marquette Golden Eagles,Big East,high,18,79,
2022,2022-02-12,2022-02-07,401373589,reg,0,1,2507,Providence Friars,Big East,high,11,76,305,DePaul Blue Demons,Big East,high,0,73,
2022,2022-02-12,2022-02-07,401377458,reg,0,1,264,Washington Huskies,Pac-12,power,0,68,12,Arizona Wildcats,Pac-12,power,4,92,
2022,2022-02-12,2022-02-07,401377460,reg,0,1,30,USC Trojans,Pac-12,power,21,67,26,UCLA Bruins,Pac-12,power,12,64,
2022,2022-02-12,2022-02-07,401377757,reg,0,1,248,Houston Cougars,American,high,6,59,235,Memphis Tigers,American,high,0,69,
2022,2022-02-13,2022-02-07,401364438,reg,0,1,2509,Purdue Boilermakers,Big Ten,power,3,62,120,Maryland Terrapins,Big Ten,power,0,61,
2022,2022-02-13,2022-02-07,401364440,reg,0,1,356,Illinois Fighting Illini,Big Ten,power,13,73,77,Northwestern Wildcats,Big Ten,power,0,66,
2022,2022-02-13,2022-02-07,401373590,reg,0,1,2599,St. John's Red Storm,Big East,high,0,60,41,UConn Huskies,Big East,high,24,63,
2022,2022-02-14,2022-02-14,401368412,reg,0,1,2305,Kansas Jayhawks,Big 12,power,6,76,197,Oklahoma State Cowboys,Big 12,power,0,62,
2022,2022-02-15,2022-02-14,401364441,reg,0,1,213,Penn State Nittany Lions,Big Ten,power,0,62,127,Michigan State Spartans,Big Ten,power,19,58,
2022,2022-02-15,2022-02-14,401364442,reg,0,1,194,Ohio State Buckeyes,Big Ten,power,18,70,135,Minnesota Golden Gophers,Big Ten,power,0,45,
2022,2022-02-15,2022-02-14,401364443,reg,0,1,84,Indiana Hoosiers,Big Ten,power,0,69,275,Wisconsin Badgers,Big Ten,power,15,74,
2022,2022-02-15,2022-02-14,401364779,reg,0,1,167,New Mexico Lobos,Mountain West,high,0,75,2751,Wyoming Cowboys,Mountain West,high,22,66,
2022,2022-02-15,2022-02-14,401364933,reg,0,1,142,Missouri Tigers,SEC,power,0,57,8,Arkansas Razorbacks,SEC,power,23,76,
2022,2022-02-15,2022-02-14,401364934,reg,0,1,2633,Tennessee Volunteers,SEC,power,16,76,96,Kentucky Wildcats,SEC,power,4,63,
2022,2022-02-15,2022-02-14,401368415,reg,0,1,201,Oklahoma Sooners,Big 12,power,0,78,251,Texas Longhorns,Big 12,power,20,80,
2022,2022-02-15,2022-02-14,401369867,reg,0,1,150,Duke Blue Devils,ACC,power,9,76,154,Wake Forest Demon Deacons,ACC,power,0,74,
2022,2022-02-15,2022-02-14,401373591,reg,0,1,2507,Providence Friars,Big East,high,8,84,222,Villanova Wildcats,Big East,high,10,89,
2022,2022-02-16,2022-02-14,401364444,reg,0,1,164,Rutgers Scarlet Knights,Big Ten,power,0,70,356,Illinois Fighting Illini,Big Ten,power,12,59,
2022,2022-02-16,2022-02-14,401364445,reg,0,1,77,Northwestern Wildcats,Big Ten,power,0,64,2509,Purdue Boilermakers,Big Ten,power,5,70,
2022,2022-02-16,2022-02-14,401364935,reg,0,1,333,Alabama Crimson Tide,SEC,power,25,80,344,Mississippi State Bulldogs,SEC,power,0,75,
2022,2022-02-16,2022-02-14,401364937,reg,0,1,2,Auburn Tigers,SEC,power,2,94,238,Vanderbilt Commodores,SEC,power,0,80,
2022,2022-02-16,2022-02-14,401368416,reg,0,1,2641,Texas Tech Red Raiders,Big 12,power,11,83,239,Baylor Bears,Big 12,power,7,73,
2022,2022-02-16,2022-02-14,401371316,reg,0,1,2492,Pepperdine Waves,WCC,high,0,66,2250,Gonzaga Bulldogs,WCC,high,1,86,
2022,2022-02-16,2022-02-14,401373593,reg,0,1,41,UConn Huskies,Big East,high,24,70,2550,Seton Hall Pirates,Big East,high,0,65,
2022,2022-02-17,2022-02-14,401373209,reg,0,1,93,Murray State Racers,OVC,mid,21,91,2046,Austin Peay Governors,OVC,mid,0,56,
2022,2022-02-17,2022-02-14,401377463,reg,0,1,12,Arizona Wildcats,Pac-12,power,3,83,204,Oregon State Beavers,Pac-12,power,0,69,
2022,2022-02-17,2022-02-14,401377467,reg,0,1,26,UCLA Bruins,Pac-12,power,13,76,265,Washington State Cougars,Pac-12,power,0,56,
2022,2022-02-17,2022-02-14,401377468,reg,0,1,30,USC Trojans,Pac-12,power,17,79,264,Washington Huskies,Pac-12,power,0,69,
2022,2022-02-17,2022-02-14,401377762,reg,0,1,248,Houston Cougars,American,high,14,70,2116,UCF Knights,American,high,0,52,
2022,2022-02-19,2022-02-14,401364448,reg,0,1,127,Michigan State Spartans,Big Ten,power,19,74,356,Illinois Fighting Illini,Big Ten,power,12,79,
2022,2022-02-19,2022-02-14,401364783,reg,0,1,2751,Wyoming Cowboys,Mountain West,high,22,75,2005,Air Force Falcons,Mountain West,high,0,67,
2022,2022-02-19,2022-02-14,401364938,reg,0,1,96,Kentucky Wildcats,SEC,power,4,90,333,Alabama Crimson Tide,SEC,power,25,81,
2022,2022-02-19,2022-02-14,401364943,reg,0,1,8,Arkansas Razorbacks,SEC,power,23,58,2633,Tennessee Volunteers,SEC,power,16,48,
2022,2022-02-19,2022-02-14,401364944,reg,0,1,57,Florida Gators,SEC,power,0,63,2,Auburn Tigers,SEC,power,2,62,
2022,2022-02-19,2022-02-14,401368418,reg,0,1,239,Baylor Bears,Big 12,power,7,72,2628,TCU Horned Frogs,Big 12,power,0,62,
2022,2022-02-19,2022-02-14,401368420,reg,0,1,277,West Virginia Mountaineers,Big 12,power,0,58,2305,Kansas Jayhawks,Big 12,power,6,71,
2022,2022-02-19,2022-02-14,401368421,reg,0,1,251,Texas Longhorns,Big 12,power,20,55,2641,Texas Tech Red Raiders,Big 12,power,11,61,
2022,2022-02-19,2022-02-14,401369868,reg,0,1,150,Duke Blue Devils,ACC,power,9,88,52,Florida State Seminoles,ACC,power,0,70,
2022,2022-02-19,2022-02-14,401371157,reg,0,1,2250,Gonzaga Bulldogs,WCC,high,1,81,2541,Santa Clara Broncos,WCC,high,0,69,
2022,2022-02-19,2022-02-14,401373294,reg,0,1,2630,UT Martin Skyhawks,OVC,mid,0,60,93,Murray State Racers,OVC,mid,21,62,
2022,2022-02-19,2022-02-14,401373596,reg,0,1,41,UConn Huskies,Big East,high,24,72,2752,Xavier Musketeers,Big East,high,0,61,
2022,2022-02-19,2022-02-14,401373598,reg,0,1,222,Villanova Wildcats,Big East,high,10,74,46,Georgetown Hoyas,Big East,high,0,66,
2022,2022-02-19,2022-02-14,401377471,reg,0,1,12,Arizona Wildcats,Pac-12,power,3,84,2483,Oregon Ducks,Pac-12,power,0,81,
2022,2022-02-19,2022-02-14,401377473,reg,0,1,26,UCLA Bruins,Pac-12,power,13,76,264,Washington Huskies,Pac-12,power,0,50,
2022,2022-02-19,2022-02-14,401414550,reg,0,1,194,Ohio State Buckeyes,Big Ten,power,18,62,2294,Iowa Hawkeyes,Big Ten,power,0,75,
2022,2022-02-20,2022-02-14,401364451,reg,0,1,275,Wisconsin Badgers,Big Ten,power,15,77,130,Michigan Wolverines,Big Ten,power,0,63,
2022,2022-02-20,2022-02-14,401364452,reg,0,1,2509,Purdue Boilermakers,Big Ten,power,5,84,164,Rutgers Scarlet Knights,Big Ten,power,0,72,
2022,2022-02-20,2022-02-14,401373599,reg,0,1,2086,Butler Bulldogs,Big East,high,0,70,2507,Providence Friars,Big East,high,8,71,
2022,2022-02-20,2022-02-14,401377474,reg,0,1,30,USC Trojans,Pac-12,power,17,62,265,Washington State Cougars,Pac-12,power,0,60,
2022,2022-02-20,2022-02-14,401377766,reg,0,1,2724,Wichita State Shockers,American,high,0,74,248,Houston Cougars,American,high,14,76,
2022,2022-02-21,2022-02-21,401364449,reg,0,1,194,Ohio State Buckeyes,Big Ten,power,22,80,84,Indiana Hoosiers,Big Ten,power,0,69,
2022,2022-02-21,2022-02-21,401368422,reg,0,1,197,Oklahoma State Cowboys,Big 12,power,0,64,239,Baylor Bears,Big 12,power,10,66,
2022,2022-02-21,2022-02-21,401413369,reg,0,1,26,UCLA Bruins,Pac-12,power,12,66,9,Arizona State Sun Devils,Pac-12,power,0,52,
2022,2022-02-22,2022-02-21,401364454,reg,0,1,2294,Iowa Hawkeyes,Big Ten,power,25,86,127,Michigan State Spartans,Big Ten,power,0,60,
2022,2022-02-22,2022-02-21,401364945,reg,0,1,57,Florida Gators,SEC,power,0,74,8,Arkansas Razorbacks,SEC,power,18,82,
2022,2022-02-22,2022-02-21,401364947,reg,0,1,142,Missouri Tigers,SEC,power,0,61,2633,Tennessee Volunteers,SEC,power,17,80,
2022,2022-02-22,2022-02-21,401364948,reg,0,1,238,Vanderbilt Commodores,SEC,power,0,72,333,Alabama Crimson Tide,SEC,power,24,74,
2022,2022-02-22,2022-02-21,401368423,reg,0,1,2305,Kansas Jayhawks,Big 12,power,5,102,2306,Kansas State Wildcats,Big 12,power,0,83,
2022,2022-02-22,2022-02-21,401368424,reg,0,1,2641,Texas Tech Red Raiders,Big 12,power,9,66,201,Oklahoma Sooners,Big 12,power,0,42,
2022,2022-02-22,2022-02-21,401373601,reg,0,1,41,UConn Huskies,Big East,high,21,71,222,Villanova Wildcats,Big East,high,8,69,
2022,2022-02-23,2022-02-21,401364457,reg,0,1,135,Minnesota Golden Gophers,Big Ten,power,0,67,275,Wisconsin Badgers,Big Ten,power,13,68,
2022,2022-02-23,2022-02-21,401364950,reg,0,1,2,Auburn Tigers,SEC,power,3,77,145,Ole Miss Rebels,SEC,power,0,64,
2022,2022-02-23,2022-02-21,401364951,reg,0,1,96,Kentucky Wildcats,SEC,power,6,71,99,LSU Tigers,SEC,power,0,66,
2022,2022-02-23,2022-02-21,401368425,reg,0,1,251,Texas Longhorns,Big 12,power,20,75,2628,TCU Horned Frogs,Big 12,power,0,66,
2022,2022-02-23,2022-02-21,401370052,reg,0,1,258,Virginia Cavaliers,ACC,power,0,61,150,Duke Blue Devils,ACC,power,7,65,
2022,2022-02-23,2022-02-21,401373602,reg,0,1,2507,Providence Friars,Big East,high,11,99,2752,Xavier Musketeers,Big East,high,0,92,
2022,2022-02-23,2022-02-21,401377770,reg,0,1,2655,Tulane Green Wave,American,high,0,67,248,Houston Cougars,American,high,14,81,
2022,2022-02-24,2022-02-21,401364459,reg,0,1,356,Illinois Fighting Illini,Big Ten,power,15,83,194,Ohio State Buckeyes,Big Ten,power,22,86,
2022,2022-02-24,2022-02-21,401371189,reg,0,1,2539,San Francisco Dons,WCC,high,0,73,2250,Gonzaga Bulldogs,WCC,high,1,89,
2022,2022-02-24,2022-02-21,401371242,reg,0,1,301,San Diego Toreros,WCC,high,0,46,2608,Saint Mary's Gaels,WCC,high,23,60,
2022,2022-02-24,2022-02-21,401373271,reg,0,1,93,Murray State Racers,OVC,mid,19,76,2057,Belmont Bruins,OVC,mid,0,43,
2022,2022-02-24,2022-02-21,401377476,reg,0,1,2483,Oregon Ducks,Pac-12,power,0,68,26,UCLA Bruins,Pac-12,power,12,63,
2022,2022-02-24,2022-02-21,401377477,reg,0,1,204,Oregon State Beavers,Pac-12,power,0,91,30,USC Trojans,Pac-12,power,16,94,
2022,2022-02-24,2022-02-21,401377478,reg,0,1,254,Utah Utes,Pac-12,power,0,77,12,Arizona Wildcats,Pac-12,power,2,97,
2022,2022-02-25,2022-02-21,401364460,reg,0,1,158,Nebraska Cornhuskers,Big Ten,power,0,78,2294,Iowa Hawkeyes,Big Ten,power,25,88,
2022,2022-02-26,2022-02-21,401364462,reg,0,1,127,Michigan State Spartans,Big Ten,power,0,68,2509,Purdue Boilermakers,Big Ten,power,4,65,
2022,2022-02-26,2022-02-21,401364463,reg,0,1,164,Rutgers Scarlet Knights,Big Ten,power,0,61,275,Wisconsin Badgers,Big Ten,power,13,66,
2022,2022-02-26,2022-02-21,401364953,reg,0,1,8,Arkansas Razorbacks,SEC,power,18,75,96,Kentucky Wildcats,SEC,power,6,73,
2022,2022-02-26,2022-02-21,401364955,reg,0,1,333,Alabama Crimson Tide,SEC,power,24,90,2579,South Carolina Gamecocks,SEC,power,0,71,
2022,2022-02-26,2022-02-21,401364957,reg,0,1,2633,Tennessee Volunteers,SEC,power,17,67,2,Auburn Tigers,SEC,power,3,62,
2022,2022-02-26,2022-02-21,401368427,reg,0,1,239,Baylor Bears,Big 12,power,10,80,2305,Kansas Jayhawks,Big 12,power,5,70,
2022,2022-02-26,2022-02-21,401368429,reg,0,1,277,West Virginia Mountaineers,Big 12,power,0,81,251,Texas Longhorns,Big 12,power,20,82,
2022,2022-02-26,2022-02-21,401368430,reg,0,1,2628,TCU Horned Frogs,Big 12,power,0,69,2641,Texas Tech Red Raiders,Big 12,power,9,66,
2022,2022-02-26,2022-02-21,401370015,reg,0,1,183,Syracuse Orange,ACC,power,0,72,150,Duke Blue Devils,ACC,power,7,97,
2022,2022-02-26,2022-02-21,401371243,reg,0,1,2608,Saint Mary's Gaels,WCC,high,23,67,2250,Gonzaga Bulldogs,WCC,high,1,57,
2022,2022-02-26,2022-02-21,401373306,reg,0,1,2546,Southeast Missouri State Redhawks,OVC,mid,0,68,93,Murray State Racers,OVC,mid,19,70,
2022,2022-02-26,2022-02-21,401373607,reg,0,1,2507,Providence Friars,Big East,high,11,72,156,Creighton Bluejays,Big East,high,0,51,
2022,2022-02-26,2022-02-21,401377479,reg,0,1,204,Oregon State Beavers,Pac-12,power,0,55,26,UCLA Bruins,Pac-12,power,12,94,
2022,2022-02-26,2022-02-21,401377481,reg,0,1,38,Colorado Buffaloes,Pac-12,power,0,79,12,Arizona Wildcats,Pac-12,power,2,63,
2022,2022-02-26,2022-02-21,401377482,reg,0,1,2483,Oregon Ducks,Pac-12,power,0,69,30,USC Trojans,Pac-12,power,16,70,
2022,2022-02-27,2022-02-21,401364464,reg,0,1,130,Michigan Wolverines,Big Ten,power,0,85,356,Illinois Fighting Illini,Big Ten,power,15,93,
2022,2022-02-27,2022-02-21,401364466,reg,0,1,120,Maryland Terrapins,Big Ten,power,0,75,194,Ohio State Buckeyes,Big Ten,power,22,60,
2022,2022-02-27,2022-02-21,401373609,reg,0,1,46,Georgetown Hoyas,Big East,high,0,77,41,UConn Huskies,Big East,high,21,86,
2022,2022-02-27,2022-02-21,401377776,reg,0,1,248,Houston Cougars,American,high,14,75,2567,SMU Mustangs,American,high,0,61,
2022,2022-02-28,2022-02-28,401364468,reg,0,1,2294,Iowa Hawkeyes,Big Ten,power,24,82,77,Northwestern Wildcats,Big Ten,power,0,61,
2022,2022-02-28,2022-02-28,401368432,reg,0,1,251,Texas Longhorns,Big 12,power,21,61,239,Baylor Bears,Big 12,power,3,68,
2022,2022-02-28,2022-02-28,401368433,reg,0,1,2641,Texas Tech Red Raiders,Big 12,power,12,73,2306,Kansas State Wildcats,Big 12,power,0,68,
2022,2022-02-28,2022-02-28,401413410,reg,0,1,264,Washington Huskies,Pac-12,power,0,66,26,UCLA Bruins,Pac-12,power,17,77,
2022,2022-03-01,2022-02-28,401364469,reg,0,1,275,Wisconsin Badgers,Big Ten,power,10,70,2509,Purdue Boilermakers,Big Ten,power,8,67,
2022,2022-03-01,2022-02-28,401364959,reg,0,1,61,Georgia Bulldogs,SEC,power,0,68,2633,Tennessee Volunteers,SEC,power,13,75,
2022,2022-03-01,2022-02-28,401364960,reg,0,1,96,Kentucky Wildcats,SEC,power,7,83,145,Ole Miss Rebels,SEC,power,0,72,
2022,2022-03-01,2022-02-28,401368434,reg,0,1,2628,TCU Horned Frogs,Big 12,power,0,74,2305,Kansas Jayhawks,Big 12,power,6,64,
2022,2022-03-01,2022-02-28,401369997,reg,0,1,221,Pittsburgh Panthers,ACC,power,0,56,150,Duke Blue Devils,ACC,power,4,86,
2022,2022-03-01,2022-02-28,401373611,reg,0,1,222,Villanova Wildcats,Big East,high,11,76,2507,Providence Friars,Big East,high,9,74,
2022,2022-03-01,2022-02-28,401407948,reg,0,1,248,Houston Cougars,American,high,14,71,2132,Cincinnati Bearcats,American,high,0,53,
2022,2022-03-01,2022-02-28,401413411,reg,0,1,30,USC Trojans,Pac-12,power,16,71,12,Arizona Wildcats,Pac-12,power,2,91,
2022,2022-03-01,2022-02-28,401413556,reg,0,1,194,Ohio State Buckeyes,Big Ten,power,23,70,158,Nebraska Cornhuskers,Big Ten,power,0,78,
2022,2022-03-02,2022-02-28,401364963,reg,0,1,333,Alabama Crimson Tide,SEC,power,25,71,245,Texas A&M Aggies,SEC,power,0,87,
2022,2022-03-02,2022-02-28,401364964,reg,0,1,344,Mississippi State Bulldogs,SEC,power,0,68,2,Auburn Tigers,SEC,power,5,81,
2022,2022-03-02,2022-02-28,401364965,reg,0,1,8,Arkansas Razorbacks,SEC,power,14,77,99,LSU Tigers,SEC,power,0,76,
2022,2022-03-02,2022-02-28,401373614,reg,0,1,156,Creighton Bluejays,Big East,high,0,64,41,UConn Huskies,Big East,high,18,62,
2022,2022-03-03,2022-02-28,401364472,reg,0,1,130,Michigan Wolverines,Big Ten,power,0,71,2294,Iowa Hawkeyes,Big Ten,power,24,82,
2022,2022-03-03,2022-02-28,401364473,reg,0,1,194,Ohio State Buckeyes,Big Ten,power,23,80,127,Michigan State Spartans,Big Ten,power,0,69,
2022,2022-03-03,2022-02-28,401364474,reg,0,1,356,Illinois Fighting Illini,Big Ten,power,20,60,213,Penn State Nittany Lions,Big Ten,power,0,55,
2022,2022-03-03,2022-02-28,401377485,reg,0,1,12,Arizona Wildcats,Pac-12,power,2,81,24,Stanford Cardinal,Pac-12,power,0,69,
2022,2022-03-03,2022-02-28,401377782,reg,0,1,248,Houston Cougars,American,high,14,84,218,Temple Owls,American,high,0,46,
2022,2022-03-03,2022-02-28,401412470,reg,0,1,2305,Kansas Jayhawks,Big 12,power,6,72,2628,TCU Horned Frogs,Big 12,power,0,68,
2022,2022-03-04,2022-02-28,401405880,reg,1,1,93,Murray State Racers,OVC,mid,22,88,2546,Southeast Missouri State Redhawks,OVC,mid,0,74,OVC Championship - Semifinal
2022,2022-03-05,2022-02-28,401364475,reg,0,1,2509,Purdue Boilermakers,Big Ten,power,8,69,84,Indiana Hoosiers,Big Ten,power,0,67,
2022,2022-03-05,2022-02-28,401364967,reg,0,1,99,LSU Tigers,SEC,power,0,80,333,Alabama Crimson Tide,SEC,power,25,77,
2022,2022-03-05,2022-02-28,401364968,reg,0,1,57,Florida Gators,SEC,power,0,63,96,Kentucky Wildcats,SEC,power,7,71,
2022,2022-03-05,2022-02-28,401364969,reg,0,1,2,Auburn Tigers,SEC,power,5,82,2579,South Carolina Gamecocks,SEC,power,0,71,
2022,2022-03-05,2022-02-28,401364972,reg,0,1,2633,Tennessee Volunteers,SEC,power,13,78,8,Arkansas Razorbacks,SEC,power,14,74,
2022,2022-03-05,2022-02-28,401368437,reg,0,1,239,Baylor Bears,Big 12,power,3,75,66,Iowa State Cyclones,Big 12,power,0,68,
2022,2022-03-05,2022-02-28,401368438,reg,0,1,2305,Kansas Jayhawks,Big 12,power,6,70,251,Texas Longhorns,Big 12,power,21,63,
2022,2022-03-05,2022-02-28,401368440,reg,0,1,197,Oklahoma State Cowboys,Big 12,power,0,52,2641,Texas Tech Red Raiders,Big 12,power,12,51,
2022,2022-03-05,2022-02-28,401369869,reg,0,1,150,Duke Blue Devils,ACC,power,4,81,153,North Carolina Tar Heels,ACC,power,0,94,
2022,2022-03-05,2022-02-28,401373616,reg,0,1,2086,Butler Bulldogs,Big East,high,0,59,222,Villanova Wildcats,Big East,high,11,78,
2022,2022-03-05,2022-02-28,401373617,reg,0,1,41,UConn Huskies,Big East,high,18,75,305,DePaul Blue Demons,Big East,high,0,68,
2022,2022-03-05,2022-02-28,401377490,reg,0,1,12,Arizona Wildcats,Pac-12,power,2,89,25,California Golden Bears,Pac-12,power,0,61,
2022,2022-03-05,2022-02-28,401377493,reg,0,1,26,UCLA Bruins,Pac-12,power,17,75,30,USC Trojans,Pac-12,power,16,68,
2022,2022-03-05,2022-02-28,401405882,reg,1,1,93,Murray State Racers,OVC,mid,22,71,2413,Morehead State Eagles,OVC,mid,0,67,OVC Championship - Final
2022,2022-03-06,2022-02-28,401364476,reg,0,1,356,Illinois Fighting Illini,Big Ten,power,20,74,2294,Iowa Hawkeyes,Big Ten,power,24,72,
2022,2022-03-06,2022-02-28,401364478,reg,0,1,194,Ohio State Buckeyes,Big Ten,power,23,69,130,Michigan Wolverines,Big Ten,power,0,75,
2022,2022-03-06,2022-02-28,401364480,reg,0,1,275,Wisconsin Badgers,Big Ten,power,10,73,158,Nebraska Cornhuskers,Big Ten,power,0,74,
2022,2022-03-06,2022-02-28,401377787,reg,0,1,235,Memphis Tigers,American,high,0,75,248,Houston Cougars,American,high,14,61,
2022,2022-03-07,2022-03-07,401403489,reg,1,1,2250,Gonzaga Bulldogs,WCC,high,1,81,2539,San Francisco Dons,WCC,high,0,71,West Coast Conference Tournament - Semifinal
2022,2022-03-07,2022-03-07,401403490,reg,1,1,2608,Saint Mary's Gaels,WCC,high,17,75,2541,Santa Clara Broncos,WCC,high,0,72,West Coast Conference Tournament - Semifinal
2022,2022-03-08,2022-03-07,401403491,reg,1,1,2250,Gonzaga Bulldogs,WCC,high,1,82,2608,Saint Mary's Gaels,WCC,high,17,69,West Coast Conference Tournament - Final
2022,2022-03-10,2022-03-07,401403344,reg,1,1,2507,Providence Friars,Big East,high,11,65,2086,Butler Bulldogs,Big East,high,0,61,Big East Tournament - Quarterfinal
2022,2022-03-10,2022-03-07,401403346,reg,1,1,222,Villanova Wildcats,Big East,high,8,66,2599,St. John's Red Storm,Big East,high,0,65,Big East Tournament - Quarterfinal
2022,2022-03-10,2022-03-07,401403347,reg,1,1,41,UConn Huskies,Big East,high,20,62,2550,Seton Hall Pirates,Big East,high,0,52,Big East Tournament - Quarterfinal
2022,2022-03-10,2022-03-07,401403397,reg,1,1,2294,Iowa Hawkeyes,Big Ten,power,24,112,77,Northwestern Wildcats,Big Ten,power,0,76,Big Ten Tournament - 2nd Round
2022,2022-03-10,2022-03-07,401405800,reg,1,1,150,Duke Blue Devils,ACC,power,7,88,183,Syracuse Orange,ACC,power,0,79,New York Life ACC Tournament - Quarterfinal
2022,2022-03-10,2022-03-07,401405803,reg,1,1,153,North Carolina Tar Heels,ACC,power,25,63,258,Virginia Cavaliers,ACC,power,0,43,New York Life ACC Tournament - Quarterfinal
2022,2022-03-10,2022-03-07,401405835,reg,1,1,251,Texas Longhorns,Big 12,power,22,60,2628,TCU Horned Frogs,Big 12,power,0,65,Phillips 66 Big 12 Championship - Quarterfinal
2022,2022-03-10,2022-03-07,401405836,reg,0,1,2305,Kansas Jayhawks,Big 12,power,6,87,277,West Virginia Mountaineers,Big 12,power,0,63,Phillips 66 Big 12 Championship - Quarterfinal
2022,2022-03-10,2022-03-07,401405838,reg,1,1,239,Baylor Bears,Big 12,power,3,67,201,Oklahoma Sooners,Big 12,power,0,72,Phillips 66 Big 12 Championship - Quarterfinal
2022,2022-03-10,2022-03-07,401405839,reg,1,1,2641,Texas Tech Red Raiders,Big 12,power,14,72,66,Iowa State Cyclones,Big 12,power,0,41,Phillips 66 Big 12 Championship - Quarterfinal
2022,2022-03-10,2022-03-07,401409369,reg,1,1,36,Colorado State Rams,Mountain West,high,23,53,328,Utah State Aggies,Mountain West,high,0,51,Mountain West Championship - Quarterfinal
2022,2022-03-10,2022-03-07,401409378,reg,1,1,12,Arizona Wildcats,Pac-12,power,2,84,24,Stanford Cardinal,Pac-12,power,0,80,Pac-12 Tournament - Quarterfinal
2022,2022-03-10,2022-03-07,401409380,reg,1,1,26,UCLA Bruins,Pac-12,power,13,75,265,Washington State Cougars,Pac-12,power,0,65,Pac-12 Tournament - Quarterfinal
2022,2022-03-10,2022-03-07,401409381,reg,1,1,30,USC Trojans,Pac-12,power,21,65,264,Washington Huskies,Pac-12,power,0,61,Pac-12 Tournament - Quarterfinal
2022,2022-03-11,2022-03-07,401403342,reg,1,1,2507,Providence Friars,Big East,high,11,58,156,Creighton Bluejays,Big East,high,0,85,Big East Tournament - Semifinal
2022,2022-03-11,2022-03-07,401403343,reg,1,1,222,Villanova Wildcats,Big East,high,8,63,41,UConn Huskies,Big East,high,20,60,Big East Tournament - Semifinal
2022,2022-03-11,2022-03-07,401403401,reg,1,1,356,Illinois Fighting Illini,Big Ten,power,16,63,84,Indiana Hoosiers,Big Ten,power,0,65,Big Ten Tournament - Quarterfinal
2022,2022-03-11,2022-03-07,401403402,reg,1,1,164,Rutgers Scarlet Knights,Big Ten,power,0,74,2294,Iowa Hawkeyes,Big Ten,power,24,84,Big Ten Tournament - Quarterfinal
2022,2022-03-11,2022-03-07,401403403,reg,1,1,275,Wisconsin Badgers,Big Ten,power,12,63,127,Michigan State Spartans,Big Ten,power,0,69,Big Ten Tournament - Quarterfinal
2022,2022-03-11,2022-03-07,401403404,reg,1,1,2509,Purdue Boilermakers,Big Ten,power,9,69,213,Penn State Nittany Lions,Big Ten,power,0,61,Big Ten Tournament - Quarterfinal
2022,2022-03-11,2022-03-07,401405804,reg,1,1,150,Duke Blue Devils,ACC,power,7,80,2390,Miami Hurricanes,ACC,power,0,76,New York Life ACC Tournament - Semifinal
2022,2022-03-11,2022-03-07,401405805,reg,1,1,153,North Carolina Tar Heels,ACC,power,25,59,259,Virginia Tech Hokies,ACC,power,0,72,New York Life ACC Tournament - Semifinal
2022,2022-03-11,2022-03-07,401405840,reg,0,1,2305,Kansas Jayhawks,Big 12,power,6,75,2628,TCU Horned Frogs,Big 12,power,0,62,Phillips 66 Big 12 Championship - Semifinal
2022,2022-03-11,2022-03-07,401405841,reg,1,1,2641,Texas Tech Red Raiders,Big 12,power,14,56,201,Oklahoma Sooners,Big 12,power,0,55,Phillips 66 Big 12 Championship - Semifinal
2022,2022-03-11,2022-03-07,401405901,reg,1,1,248,Houston Cougars,American,high,18,69,2132,Cincinnati Bearcats,American,high,0,56,Air Force Reserve American Athletic Conference Championship - Quarterfinal
2022,2022-03-11,2022-03-07,401408156,reg,1,1,2,Auburn Tigers,SEC,power,4,62,245,Texas A&M Aggies,SEC,power,0,67,SEC Tournament - Quarterfinal
2022,2022-03-11,2022-03-07,401408157,reg,1,1,8,Arkansas Razorbacks,SEC,power,15,79,99,LSU Tigers,SEC,power,0,67,SEC Tournament - Quarterfinal
2022,2022-03-11,2022-03-07,401408158,reg,1,1,2633,Tennessee Volunteers,SEC,power,9,72,344,Mississippi State Bulldogs,SEC,power,0,59,SEC Tournament - Quarterfinal
2022,2022-03-11,2022-03-07,401408159,reg,1,1,96,Kentucky Wildcats,SEC,power,5,77,238,Vanderbilt Commodores,SEC,power,0,71,SEC Tournament - Quarterfinal
2022,2022-03-11,2022-03-07,401409372,reg,1,1,36,Colorado State Rams,Mountain West,high,23,58,21,San Diego State Aztecs,Mountain West,high,0,63,Mountain West Championship - Semifinal
2022,2022-03-11,2022-03-07,401409382,reg,1,1,12,Arizona Wildcats,Pac-12,power,2,82,38,Colorado Buffaloes,Pac-12,power,0,72,Pac-12 Tournament - Semifinal
2022,2022-03-11,2022-03-07,401409383,reg,1,1,26,UCLA Bruins,Pac-12,power,13,69,30,USC Trojans,Pac-12,power,21,59,Pac-12 Tournament - Semifinal
2022,2022-03-12,2022-03-07,401403341,reg,1,1,222,Villanova Wildcats,Big East,high,8,54,156,Creighton Bluejays,Big East,high,0,48,Big East Tournament - Final
2022,2022-03-12,2022-03-07,401403405,reg,1,1,2294,Iowa Hawkeyes,Big Ten,power,24,80,84,Indiana Hoosiers,Big Ten,power,0,77,Big Ten Tournament - Semifinal
2022,2022-03-12,2022-03-07,401403406,reg,1,1,2509,Purdue Boilermakers,Big Ten,power,9,75,127,Michigan State Spartans,Big Ten,power,0,70,Big Ten Tournament - Semifinal
2022,2022-03-12,2022-03-07,401405806,reg,1,1,150,Duke Blue Devils,ACC,power,7,67,259,Virginia Tech Hokies,ACC,power,0,82,New York Life ACC Tournament - Final
2022,2022-03-12,2022-03-07,401405842,reg,0,1,2305,Kansas Jayhawks,Big 12,power,6,74,2641,Texas Tech Red Raiders,Big 12,power,14,65,Phillips 66 Big 12 Championship - Final
2022,2022-03-12,2022-03-07,401405905,reg,1,1,248,Houston Cougars,American,high,18,86,2655,Tulane Green Wave,American,high,0,66,Air Force Reserve American Athletic Conference Championship - Semifinal
2022,2022-03-12,2022-03-07,401408160,reg,1,1,8,Arkansas Razorbacks,SEC,power,15,64,245,Texas A&M Aggies,SEC,power,0,82,SEC Tournament - Semifinal
2022,2022-03-12,2022-03-07,401408161,reg,1,1,2633,Tennessee Volunteers,SEC,power,9,69,96,Kentucky Wildcats,SEC,power,5,62,SEC Tournament - Semifinal
2022,2022-03-12,2022-03-07,401409384,reg,1,1,12,Arizona Wildcats,Pac-12,power,2,84,26,UCLA Bruins,Pac-12,power,13,76,Pac-12 Tournament - Final
2022,2022-03-13,2022-03-07,401403407,reg,1,1,2509,Purdue Boilermakers,Big Ten,power,9,66,2294,Iowa Hawkeyes,Big Ten,power,24,75,Big Ten Tournament - Final
2022,2022-03-13,2022-03-07,401405907,reg,1,1,248,Houston Cougars,American,high,18,71,235,Memphis Tigers,American,high,0,53,Air Force Reserve American Athletic Conference Championship - Final
2022,2022-03-13,2022-03-07,401408162,reg,1,1,2633,Tennessee Volunteers,SEC,power,9,65,245,Texas A&M Aggies,SEC,power,0,50,SEC Tournament - Final
2022,2022-03-15,2022-03-14,401408571,ncaa,1,0,2751,Wyoming Cowboys,Mountain West,high,12,58,84,Indiana Hoosiers,Big Ten,power,12,66,Men's Basketball Championship - East Region - First Four
2022,2022-03-15,2022-03-14,401408572,ncaa,1,0,2640,Texas Southern Tigers,SWAC,mid,16,76,357,Texas A&M-Corpus Christi Islanders,Southland,mid,16,67,Men's Basketball Championship - Midwest Region - First Four
2022,2022-03-16,2022-03-14,401408570,ncaa,1,0,164,Rutgers Scarlet Knights,Big Ten,power,11,87,87,Notre Dame Fighting Irish,ACC,power,11,89,Men's Basketball Championship - West Region - First Four
2022,2022-03-16,2022-03-14,401408573,ncaa,1,0,2750,Wright State Raiders,Horizon,mid,16,93,2803,Bryant Bulldogs,NEC,mid,16,82,Men's Basketball Championship - South Region - First Four
2022,2022-03-17,2022-03-14,401408574,ncaa,1,0,41,UConn Huskies,Big East,high,5,63,166,New Mexico State Aggies,WAC,mid,12,70,Men's Basketball Championship - West Region - 1st Round
2022,2022-03-17,2022-03-14,401408575,ncaa,1,0,8,Arkansas Razorbacks,SEC,power,4,75,261,Vermont Catamounts,Am. East,mid,13,71,Men's Basketball Championship - West Region - 1st Round
2022,2022-03-17,2022-03-14,401408576,ncaa,1,0,2507,Providence Friars,Big East,high,4,66,2571,South Dakota State Jackrabbits,Summit,mid,13,57,Men's Basketball Championship - Midwest Region - 1st Round
2022,2022-03-17,2022-03-14,401408577,ncaa,1,0,2294,Iowa Hawkeyes,Big Ten,power,5,63,257,Richmond Spiders,A-10,high,12,67,Men's Basketball Championship - Midwest Region - 1st Round
2022,2022-03-17,2022-03-14,401408578,ncaa,1,0,96,Kentucky Wildcats,SEC,power,2,79,2612,Saint Peter's Peacocks,MAAC,mid,15,85,Men's Basketball Championship - East Region - 1st Round
2022,2022-03-17,2022-03-14,401408579,ncaa,1,0,93,Murray State Racers,OVC,mid,7,92,2539,San Francisco Dons,WCC,high,10,87,Men's Basketball Championship - East Region - 1st Round
2022,2022-03-17,2022-03-14,401408580,ncaa,1,0,2633,Tennessee Volunteers,SEC,power,3,88,2344,Longwood Lancers,Big South,mid,14,56,Men's Basketball Championship - South Region - 1st Round
2022,2022-03-17,2022-03-14,401408581,ncaa,1,0,36,Colorado State Rams,Mountain West,high,6,63,130,Michigan Wolverines,Big Ten,power,11,75,Men's Basketball Championship - South Region - 1st Round
2022,2022-03-17,2022-03-14,401408582,ncaa,1,0,2305,Kansas Jayhawks,Big 12,power,1,83,2640,Texas Southern Tigers,SWAC,mid,16,56,Men's Basketball Championship - Midwest Region - 1st Round
2022,2022-03-17,2022-03-14,401408583,ncaa,1,0,153,North Carolina Tar Heels,ACC,power,8,95,269,Marquette Golden Eagles,Big East,high,9,63,Men's Basketball Championship - East Region - 1st Round
2022,2022-03-17,2022-03-14,401408584,ncaa,1,0,21,San Diego State Aztecs,Mountain West,high,8,69,156,Creighton Bluejays,Big East,high,9,72,Men's Basketball Championship - Midwest Region - 1st Round
2022,2022-03-17,2022-03-14,401408585,ncaa,1,0,239,Baylor Bears,Big 12,power,1,85,2450,Norfolk State Spartans,MEAC,mid,16,49,Men's Basketball Championship - East Region - 1st Round
2022,2022-03-17,2022-03-14,401408586,ncaa,1,0,2250,Gonzaga Bulldogs,WCC,high,1,93,2247,Georgia State Panthers,Sun Belt,mid,16,72,Men's Basketball Championship - West Region - 1st Round
2022,2022-03-17,2022-03-14,401408587,ncaa,1,0,26,UCLA Bruins,Pac-12,power,4,57,2006,Akron Zips,MAC,mid,13,53,Men's Basketball Championship - East Region - 1st Round
2022,2022-03-17,2022-03-14,401408588,ncaa,1,0,68,Boise State Broncos,Mountain West,high,8,53,235,Memphis Tigers,American,high,9,64,Men's Basketball Championship - West Region - 1st Round
2022,2022-03-17,2022-03-14,401408589,ncaa,1,0,2608,Saint Mary's Gaels,WCC,high,5,82,84,Indiana Hoosiers,Big Ten,power,12,53,Men's Basketball Championship - East Region - 1st Round
2022,2022-03-18,2022-03-14,401408590,ncaa,1,0,30,USC Trojans,Pac-12,power,7,66,2390,Miami Hurricanes,ACC,power,10,68,Men's Basketball Championship - Midwest Region - 1st Round
2022,2022-03-18,2022-03-14,401408591,ncaa,1,0,2,Auburn Tigers,SEC,power,2,80,55,Jacksonville State Gamecocks,ASUN,mid,15,61,Men's Basketball Championship - Midwest Region - 1st Round
2022,2022-03-18,2022-03-14,401408592,ncaa,1,0,150,Duke Blue Devils,ACC,power,2,78,2239,Cal State Fullerton Titans,Big West,mid,15,61,Men's Basketball Championship - West Region - 1st Round
2022,2022-03-18,2022-03-14,401408593,ncaa,1,0,127,Michigan State Spartans,Big Ten,power,7,74,2166,Davidson Wildcats,A-10,high,10,73,Men's Basketball Championship - West Region - 1st Round
2022,2022-03-18,2022-03-14,401408594,ncaa,1,0,275,Wisconsin Badgers,Big Ten,power,3,67,2142,Colgate Raiders,Patriot,mid,14,60,Men's Basketball Championship - Midwest Region - 1st Round
2022,2022-03-18,2022-03-14,401408595,ncaa,1,0,2509,Purdue Boilermakers,Big Ten,power,3,78,43,Yale Bulldogs,Ivy,mid,14,56,Men's Basketball Championship - East Region - 1st Round
2022,2022-03-18,2022-03-14,401408596,ncaa,1,0,251,Texas Longhorns,Big 12,power,6,81,259,Virginia Tech Hokies,ACC,power,11,73,Men's Basketball Championship - East Region - 1st Round
2022,2022-03-18,2022-03-14,401408597,ncaa,1,0,99,LSU Tigers,SEC,power,6,54,66,Iowa State Cyclones,Big 12,power,11,59,Men's Basketball Championship - Midwest Region - 1st Round
2022,2022-03-18,2022-03-14,401408598,ncaa,1,0,222,Villanova Wildcats,Big East,high,2,80,48,Delaware Blue Hens,CAA,mid,15,60,Men's Basketball Championship - South Region - 1st Round
2022,2022-03-18,2022-03-14,401408599,ncaa,1,0,194,Ohio State Buckeyes,Big Ten,power,7,54,2350,Loyola Chicago Ramblers,MVC,mid,10,41,Men's Basketball Championship - South Region - 1st Round
2022,2022-03-18,2022-03-14,401408600,ncaa,1,0,356,Illinois Fighting Illini,Big Ten,power,4,54,236,Chattanooga Mocs,SoCon,mid,13,53,Men's Basketball Championship - South Region - 1st Round
2022,2022-03-18,2022-03-14,401408601,ncaa,1,0,248,Houston Cougars,American,high,5,82,5,UAB Blazers,CUSA,mid,12,68,Men's Basketball Championship - South Region - 1st Round
2022,2022-03-18,2022-03-14,401408602,ncaa,1,0,2641,Texas Tech Red Raiders,Big 12,power,3,97,147,Montana State Bobcats,Big Sky,mid,14,62,Men's Basketball Championship - West Region - 1st Round
2022,2022-03-18,2022-03-14,401408603,ncaa,1,0,2550,Seton Hall Pirates,Big East,high,8,42,2628,TCU Horned Frogs,Big 12,power,9,69,Men's Basketball Championship - South Region - 1st Round
2022,2022-03-18,2022-03-14,401408604,ncaa,1,0,12,Arizona Wildcats,Pac-12,power,1,87,2750,Wright State Raiders,Horizon,mid,16,70,Men's Basketball Championship - South Region - 1st Round
2022,2022-03-18,2022-03-14,401408605,ncaa,1,0,333,Alabama Crimson Tide,SEC,power,6,64,87,Notre Dame Fighting Irish,ACC,power,11,78,Men's Basketball Championship - West Region - 1st Round
2022,2022-03-19,2022-03-14,401408606,ncaa,1,0,8,Arkansas Razorbacks,SEC,power,4,53,166,New Mexico State Aggies,WAC,mid,12,48,Men's Basketball Championship - West Region - 2nd Round
2022,2022-03-19,2022-03-14,401408607,ncaa,1,0,2507,Providence Friars,Big East,high,4,79,257,Richmond Spiders,A-10,high,12,51,Men's Basketball Championship - Midwest Region - 2nd Round
2022,2022-03-19,2022-03-14,401408608,ncaa,1,0,2633,Tennessee Volunteers,SEC,power,3,68,130,Michigan Wolverines,Big Ten,power,11,76,Men's Basketball Championship - South Region - 2nd Round
2022,2022-03-19,2022-03-14,401408609,ncaa,1,0,93,Murray State Racers,OVC,mid,7,60,2612,Saint Peter's Peacocks,MAAC,mid,15,70,Men's Basketball Championship - East Region - 2nd Round
2022,2022-03-19,2022-03-14,401408610,ncaa,1,0,239,Baylor Bears,Big 12,power,1,86,153,North Carolina Tar Heels,ACC,power,8,93,Men's Basketball Championship - East Region - 2nd Round
2022,2022-03-19,2022-03-14,401408611,ncaa,1,0,2305,Kansas Jayhawks,Big 12,power,1,79,156,Creighton Bluejays,Big East,high,9,72,Men's Basketball Championship - Midwest Region - 2nd Round
2022,2022-03-19,2022-03-14,401408612,ncaa,1,0,26,UCLA Bruins,Pac-12,power,4,72,2608,Saint Mary's Gaels,WCC,high,5,56,Men's Basketball Championship - East Region - 2nd Round
2022,2022-03-19,2022-03-14,401408613,ncaa,1,0,2250,Gonzaga Bulldogs,WCC,high,1,82,235,Memphis Tigers,American,high,9,78,Men's Basketball Championship - West Region - 2nd Round
2022,2022-03-20,2022-03-14,401408614,ncaa,1,0,150,Duke Blue Devils,ACC,power,2,85,127,Michigan State Spartans,Big Ten,power,7,76,Men's Basketball Championship - West Region - 2nd Round
2022,2022-03-20,2022-03-14,401408615,ncaa,1,0,2,Auburn Tigers,SEC,power,2,61,2390,Miami Hurricanes,ACC,power,10,79,Men's Basketball Championship - Midwest Region - 2nd Round
2022,2022-03-20,2022-03-14,401408616,ncaa,1,0,2509,Purdue Boilermakers,Big Ten,power,3,81,251,Texas Longhorns,Big 12,power,6,71,Men's Basketball Championship - East Region - 2nd Round
2022,2022-03-20,2022-03-14,401408617,ncaa,1,0,275,Wisconsin Badgers,Big Ten,power,3,49,66,Iowa State Cyclones,Big 12,power,11,54,Men's Basketball Championship - Midwest Region - 2nd Round
2022,2022-03-20,2022-03-14,401408618,ncaa,1,0,356,Illinois Fighting Illini,Big Ten,power,4,53,248,Houston Cougars,American,high,5,68,Men's Basketball Championship - South Region - 2nd Round
2022,2022-03-20,2022-03-14,401408619,ncaa,1,0,222,Villanova Wildcats,Big East,high,2,71,194,Ohio State Buckeyes,Big Ten,power,7,61,Men's Basketball Championship - South Region - 2nd Round
2022,2022-03-20,2022-03-14,401408620,ncaa,1,0,2641,Texas Tech Red Raiders,Big 12,power,3,59,87,Notre Dame Fighting Irish,ACC,power,11,53,Men's Basketball Championship - West Region - 2nd Round
2022,2022-03-20,2022-03-14,401408621,ncaa,1,0,12,Arizona Wildcats,Pac-12,power,1,85,2628,TCU Horned Frogs,Big 12,power,9,80,Men's Basketball Championship - South Region - 2nd Round
2022,2022-03-24,2022-03-21,401408622,ncaa,1,0,12,Arizona Wildcats,Pac-12,power,1,60,248,Houston Cougars,American,high,5,72,Men's Basketball Championship - South Region - Sweet 16
2022,2022-03-24,2022-03-21,401408623,ncaa,1,0,222,Villanova Wildcats,Big East,high,2,63,130,Michigan Wolverines,Big Ten,power,11,55,Men's Basketball Championship - South Region - Sweet 16
2022,2022-03-24,2022-03-21,401408624,ncaa,1,0,150,Duke Blue Devils,ACC,power,2,78,2641,Texas Tech Red Raiders,Big 12,power,3,73,Men's Basketball Championship - West Region - Sweet 16
2022,2022-03-24,2022-03-21,401408625,ncaa,1,0,2250,Gonzaga Bulldogs,WCC,high,1,68,8,Arkansas Razorbacks,SEC,power,4,74,Men's Basketball Championship - West Region - Sweet 16
2022,2022-03-25,2022-03-21,401408626,ncaa,1,0,2390,Miami Hurricanes,ACC,power,10,70,66,Iowa State Cyclones,Big 12,power,11,56,Men's Basketball Championship - Midwest Region - Sweet 16
2022,2022-03-25,2022-03-21,401408627,ncaa,1,0,2305,Kansas Jayhawks,Big 12,power,1,66,2507,Providence Friars,Big East,high,4,61,Men's Basketball Championship - Midwest Region - Sweet 16
2022,2022-03-25,2022-03-21,401408628,ncaa,1,0,2509,Purdue Boilermakers,Big Ten,power,3,64,2612,Saint Peter's Peacocks,MAAC,mid,15,67,Men's Basketball Championship - East Region - Sweet 16
2022,2022-03-25,2022-03-21,401408629,ncaa,1,0,26,UCLA Bruins,Pac-12,power,4,66,153,North Carolina Tar Heels,ACC,power,8,73,Men's Basketball Championship - East Region - Sweet 16
2022,2022-03-26,2022-03-21,401408630,ncaa,1,0,222,Villanova Wildcats,Big East,high,2,50,248,Houston Cougars,American,high,5,44,Men's Basketball Championship - South Region - Elite 8
2022,2022-03-26,2022-03-21,401408631,ncaa,1,0,150,Duke Blue Devils,ACC,power,2,78,8,Arkansas Razorbacks,SEC,power,4,69,Men's Basketball Championship - West Region - Elite 8
2022,2022-03-27,2022-03-21,401408632,ncaa,1,0,2305,Kansas Jayhawks,Big 12,power,1,76,2390,Miami Hurricanes,ACC,power,10,50,Men's Basketball Championship - Midwest Region - Elite 8
2022,2022-03-27,2022-03-21,401408633,ncaa,1,0,153,North Carolina Tar Heels,ACC,power,8,69,2612,Saint Peter's Peacocks,MAAC,mid,15,49,Men's Basketball Championship - East Region - Elite 8
2022,2022-04-02,2022-03-28,401408634,ncaa,1,0,2305,Kansas Jayhawks,Big 12,power,1,81,222,Villanova Wildcats,Big East,high,2,65,Men's Basketball Championship - Final Four
2022,2022-04-02,2022-03-28,401408635,ncaa,1,0,150,Duke Blue Devils,ACC,power,2,77,153,North Carolina Tar Heels,ACC,power,8,81,Men's Basketball Championship - Final Four
2022,2022-04-04,2022-04-04,401408636,ncaa,1,0,2305,Kansas Jayhawks,Big 12,power,1,72,153,North Carolina Tar Heels,ACC,power,8,69,Men's Basketball Championship - National Championship
