season,date,week_monday,game_id,kind,neutral,conf_game,home_id,home,home_conf,home_tier,home_rank,home_score,away_id,away,away_conf,away_tier,away_rank,away_score,notes
2019,2018-11-06,2018-11-05,401082446,reg,0,0,130,Michigan Wolverines,Big Ten,power,19,63,2450,Norfolk State Spartans,MEAC,mid,0,44,BASKETBALL HALL OF FAME TIP-OFF - CAMPUS GAME
2019,2018-11-06,2018-11-05,401082470,reg,1,0,2305,Kansas Jayhawks,Big 12,power,1,92,127,Michigan State Spartans,Big Ten,power,10,87,STATE FARM CHAMPIONS CLASSIC
2019,2018-11-06,2018-11-05,401082580,reg,0,0,2509,Purdue Boilermakers,Big Ten,power,24,90,2217,Fairfield Stags,MAAC,mid,0,57,
2019,2018-11-06,2018-11-05,401082642,reg,0,0,228,Clemson Tigers,ACC,power,22,100,2643,The Citadel Bulldogs,SoCon,mid,0,80,
2019,2018-11-06,2018-11-05,401082669,reg,1,0,96,Kentucky Wildcats,SEC,power,2,84,150,Duke Blue Devils,ACC,power,4,118,STATE FARM CHAMPIONS CLASSIC
2019,2018-11-06,2018-11-05,401082695,reg,0,0,52,Florida State Seminoles,ACC,power,17,81,57,Florida Gators,SEC,power,0,60,
2019,2018-11-06,2018-11-05,401082762,reg,0,0,258,Virginia Cavaliers,ACC,power,5,73,119,Towson Tigers,CAA,mid,0,42,
2019,2018-11-06,2018-11-05,401082781,reg,0,0,183,Syracuse Orange,ACC,power,16,66,331,Eastern Washington Eagles,Big Sky,mid,0,34,2K EMPIRE CLASSIC - CAMPUS GAME
2019,2018-11-06,2018-11-05,401082853,reg,0,0,2747,Wofford Terriers,SoCon,mid,0,67,153,North Carolina Tar Heels,ACC,power,8,78,
2019,2018-11-06,2018-11-05,401082974,reg,0,0,2633,Tennessee Volunteers,SEC,power,6,86,2331,Lenoir Rhyne Bears,,,0,41,
2019,2018-11-06,2018-11-05,401083104,reg,0,0,99,LSU Tigers,SEC,power,23,94,2545,SE Louisiana Lions,Southland,mid,0,63,
2019,2018-11-06,2018-11-05,401083163,reg,0,0,2,Auburn Tigers,SEC,power,11,101,6,South Alabama Jaguars,Sun Belt,mid,0,58,
2019,2018-11-06,2018-11-05,401083350,reg,0,0,222,Villanova Wildcats,Big East,high,9,100,2415,Morgan State Bears,MEAC,mid,0,77,
2019,2018-11-06,2018-11-05,401083597,reg,0,0,2440,Nevada Wolf Pack,Mountain West,high,7,86,252,BYU Cougars,WCC,high,0,70,
2019,2018-11-06,2018-11-05,401083627,reg,0,0,2250,Gonzaga Bulldogs,WCC,high,3,120,304,Idaho State Bengals,Big Sky,mid,0,79,
2019,2018-11-06,2018-11-05,401086810,reg,0,0,2483,Oregon Ducks,Pac-12,power,14,84,2502,Portland State Vikings,Big Sky,mid,0,57,
2019,2018-11-06,2018-11-05,401087147,reg,0,0,26,UCLA Bruins,Pac-12,power,21,96,2870,Purdue Fort Wayne Mastodons,Summit,mid,0,71,
2019,2018-11-06,2018-11-05,401087177,reg,0,0,264,Washington Huskies,Pac-12,power,25,73,98,Western Kentucky Hilltoppers,CUSA,mid,0,55,
2019,2018-11-07,2018-11-05,401083509,reg,0,0,2628,TCU Horned Frogs,Big 12,power,20,66,2934,Cal State Bakersfield Roadrunners,WAC,mid,0,61,
2019,2018-11-09,2018-11-05,401082643,reg,0,0,228,Clemson Tigers,ACC,power,22,71,2428,North Carolina Central Eagles,MEAC,mid,0,51,
2019,2018-11-09,2018-11-05,401082740,reg,0,0,259,Virginia Tech Hokies,ACC,power,15,87,2241,Gardner-Webb Runnin' Bulldogs,Big South,mid,0,59,
2019,2018-11-09,2018-11-05,401082854,reg,0,0,2210,Elon Phoenix,CAA,mid,0,67,153,North Carolina Tar Heels,ACC,power,8,116,
2019,2018-11-09,2018-11-05,401082975,reg,0,0,2633,Tennessee Volunteers,SEC,power,6,87,309,Louisiana Ragin' Cajuns,Sun Belt,mid,0,65,NIT SEASON TIP-OFF - CAMPUS GAME
2019,2018-11-09,2018-11-05,401083063,reg,0,0,344,Mississippi State Bulldogs,SEC,power,18,95,2046,Austin Peay Governors,OVC,mid,0,67,
2019,2018-11-09,2018-11-05,401083105,reg,0,0,99,LSU Tigers,SEC,power,23,97,2430,UNC Greensboro Spartans,SoCon,mid,0,91,
2019,2018-11-09,2018-11-05,401083123,reg,0,0,96,Kentucky Wildcats,SEC,power,2,71,79,Southern Illinois Salukis,MVC,mid,0,59,
2019,2018-11-09,2018-11-05,401083164,reg,0,0,2,Auburn Tigers,SEC,power,11,88,264,Washington Huskies,Pac-12,power,25,66,
2019,2018-11-09,2018-11-05,401083426,reg,0,0,2306,Kansas State Wildcats,Big 12,power,12,56,338,Kennesaw State Owls,ASUN,mid,0,41,PARADISE JAM - CAMPUS GAME
2019,2018-11-09,2018-11-05,401083454,reg,0,0,277,West Virginia Mountaineers,Big 12,power,13,94,2084,Buffalo Bulls,MAC,mid,0,99,
2019,2018-11-09,2018-11-05,401083652,reg,0,0,2440,Nevada Wolf Pack,Mountain West,high,7,83,279,Pacific Tigers,WCC,high,0,61,
2019,2018-11-09,2018-11-05,401086812,reg,0,0,2483,Oregon Ducks,Pac-12,power,14,81,331,Eastern Washington Eagles,Big Sky,mid,0,47,2K EMPIRE CLASSIC - CAMPUS GAME
2019,2018-11-09,2018-11-05,401087148,reg,0,0,26,UCLA Bruins,Pac-12,power,21,91,299,Long Beach State Beach,Big West,mid,0,80,
2019,2018-11-10,2018-11-05,401082447,reg,0,0,130,Michigan Wolverines,Big Ten,power,19,56,107,Holy Cross Crusaders,Patriot,mid,0,37,BASKETBALL HALL OF FAME TIP-OFF - CAMPUS GAME
2019,2018-11-10,2018-11-05,401082581,reg,0,0,2509,Purdue Boilermakers,Big Ten,power,24,84,2050,Ball State Cardinals,MAC,mid,0,75,CHARLESTON CLASSIC - CAMPUS GAME
2019,2018-11-10,2018-11-05,401082782,reg,0,0,183,Syracuse Orange,ACC,power,16,84,2413,Morehead State Eagles,OVC,mid,0,70,2K EMPIRE CLASSIC - CAMPUS GAME
2019,2018-11-10,2018-11-05,401083351,reg,0,0,222,Villanova Wildcats,Big East,high,9,86,2514,Quinnipiac Bobcats,MAAC,mid,0,53,
2019,2018-11-10,2018-11-05,401083628,reg,0,0,2250,Gonzaga Bulldogs,WCC,high,3,104,2640,Texas Southern Tigers,SWAC,mid,0,67,MAUI ON THE MAINLAND
2019,2018-11-11,2018-11-05,401082471,reg,0,0,127,Michigan State Spartans,Big Ten,power,10,106,526,Florida Gulf Coast Eagles,ASUN,mid,0,82,
2019,2018-11-11,2018-11-05,401082670,reg,0,0,150,Duke Blue Devils,ACC,power,4,94,349,Army Black Knights,Patriot,mid,0,72,
2019,2018-11-11,2018-11-05,401082696,reg,0,0,2655,Tulane Green Wave,American,high,0,69,52,Florida State Seminoles,ACC,power,17,80,
2019,2018-11-11,2018-11-05,401082763,reg,0,0,258,Virginia Cavaliers,ACC,power,5,76,45,George Washington Colonials,A-10,high,0,57,
2019,2018-11-11,2018-11-05,401083064,reg,0,0,344,Mississippi State Bulldogs,SEC,power,18,77,42,Hartford Hawks,Am. East,mid,0,59,MGM RESORTS MAIN EVENT - CAMPUS GAME
2019,2018-11-11,2018-11-05,401083510,reg,0,0,2628,TCU Horned Frogs,Big 12,power,20,79,198,Oral Roberts Golden Eagles,Summit,mid,0,62,
2019,2018-11-12,2018-11-12,401082855,reg,0,0,153,North Carolina Tar Heels,ACC,power,7,90,24,Stanford Cardinal,Pac-12,power,0,72,
2019,2018-11-12,2018-11-12,401083427,reg,0,0,2306,Kansas State Wildcats,Big 12,power,12,64,2172,Denver Pioneers,Summit,mid,0,56,
2019,2018-11-12,2018-11-12,401083547,reg,0,0,2305,Kansas Jayhawks,Big 12,power,2,84,261,Vermont Catamounts,Am. East,mid,0,68,NIT SEASON TIP-OFF - CAMPUS GAME
2019,2018-11-12,2018-11-12,401089169,reg,0,0,79,Southern Illinois Salukis,MVC,mid,0,53,2084,Buffalo Bulls,MAC,mid,25,62,
2019,2018-11-13,2018-11-12,401082896,reg,0,0,2633,Tennessee Volunteers,SEC,power,5,66,59,Georgia Tech Yellow Jackets,ACC,power,0,53,
2019,2018-11-13,2018-11-12,401083106,reg,0,0,99,LSU Tigers,SEC,power,22,85,235,Memphis Tigers,American,high,0,76,ADVOCARE INVITATIONAL - CAMPUS GAME
2019,2018-11-14,2018-11-12,401082364,reg,0,0,84,Indiana Hoosiers,Big Ten,power,0,96,269,Marquette Golden Eagles,Big East,high,24,73,GAVITT TIPOFF GAMES
2019,2018-11-14,2018-11-12,401082448,reg,0,0,222,Villanova Wildcats,Big East,high,8,46,130,Michigan Wolverines,Big Ten,power,18,73,GAVITT TIPOFF GAMES
2019,2018-11-14,2018-11-12,401082472,reg,0,0,127,Michigan State Spartans,Big Ten,power,11,80,2433,UL Monroe Warhawks,Sun Belt,mid,0,59,CONTINENTAL TIRE LAS VEGAS INVITATIONAL - CAMPUS GAME
2019,2018-11-14,2018-11-12,401082644,reg,0,0,228,Clemson Tigers,ACC,power,19,74,2534,Sam Houston Bearkats,Southland,mid,0,59,CAYMAN ISLANDS CLASSIC - CAMPUS GAME
2019,2018-11-14,2018-11-12,401082671,reg,0,0,150,Duke Blue Devils,ACC,power,1,84,2199,Eastern Michigan Eagles,MAC,mid,0,46,
2019,2018-11-14,2018-11-12,401083124,reg,0,0,96,Kentucky Wildcats,SEC,power,10,96,155,North Dakota Fighting Hawks,Summit,mid,0,58,OHIO RIVER VALLEY SHOWCASE
2019,2018-11-14,2018-11-12,401083165,reg,0,0,2,Auburn Tigers,SEC,power,9,103,2401,Mississippi College Choctaws,,,0,52,
2019,2018-11-15,2018-11-12,401082393,reg,1,0,2294,Iowa Hawkeyes,Big Ten,power,0,77,2483,Oregon Ducks,Pac-12,power,13,69,2K EMPIRE CLASSIC
2019,2018-11-15,2018-11-12,401082582,reg,1,0,2026,Appalachian State Mountaineers,Sun Belt,mid,0,70,2509,Purdue Boilermakers,Big Ten,power,23,92,CHARLESTON CLASSIC
2019,2018-11-15,2018-11-12,401082741,reg,1,0,259,Virginia Tech Hokies,ACC,power,16,73,2050,Ball State Cardinals,MAC,mid,0,64,CHARLESTON CLASSIC
2019,2018-11-15,2018-11-12,401082783,reg,1,0,41,UConn Huskies,American,high,0,83,183,Syracuse Orange,ACC,power,15,76,2K EMPIRE CLASSIC
2019,2018-11-15,2018-11-12,401083511,reg,0,0,2628,TCU Horned Frogs,Big 12,power,21,77,278,Fresno State Bulldogs,Mountain West,high,0,69,
2019,2018-11-15,2018-11-12,401083629,reg,0,0,2250,Gonzaga Bulldogs,WCC,high,3,94,245,Texas A&M Aggies,SEC,power,0,71,
2019,2018-11-16,2018-11-12,401082764,reg,0,0,258,Virginia Cavaliers,ACC,power,4,97,2154,Coppin State Eagles,MEAC,mid,0,40,BATTLE 4 ATLANTIS - CAMPUS GAME
2019,2018-11-16,2018-11-12,401082856,reg,0,0,153,North Carolina Tar Heels,ACC,power,7,108,2635,Tennessee Tech Golden Eagles,OVC,mid,0,58,CONTINENTAL TIRE LAS VEGAS INVITATIONAL - CAMPUS GAME
2019,2018-11-16,2018-11-12,401083065,reg,0,0,344,Mississippi State Bulldogs,SEC,power,17,79,299,Long Beach State Beach,Big West,mid,0,51,MGM RESORTS MAIN EVENT - CAMPUS GAME
2019,2018-11-16,2018-11-12,401083107,reg,0,0,99,LSU Tigers,SEC,power,22,74,2348,Louisiana Tech Bulldogs,CUSA,mid,0,67,
2019,2018-11-16,2018-11-12,401083428,reg,1,0,2306,Kansas State Wildcats,Big 12,power,12,95,2198,Eastern Kentucky Colonels,OVC,mid,0,68,PARADISE JAM
2019,2018-11-16,2018-11-12,401083548,reg,0,0,2305,Kansas Jayhawks,Big 12,power,2,89,309,Louisiana Ragin' Cajuns,Sun Belt,mid,0,76,
2019,2018-11-16,2018-11-12,401087149,reg,0,0,26,UCLA Bruins,Pac-12,power,20,95,2598,St. Francis (PA) Red Flash,NEC,mid,0,58,CONTINENTAL TIRE LAS VEGAS INVITATIONAL - CAMPUS GAME
2019,2018-11-16,2018-11-12,401087831,reg,0,0,2440,Nevada Wolf Pack,Mountain West,high,6,87,2031,Little Rock Trojans,Sun Belt,mid,0,59,CONTINENTAL TIRE LAS VEGAS HOLIDAY INVITATIONAL - CAMPUS GAME
2019,2018-11-16,2018-11-12,401096901,reg,1,0,111,Northeastern Huskies,CAA,mid,0,60,259,Virginia Tech Hokies,ACC,power,16,88,CHARLESTON CLASSIC
2019,2018-11-16,2018-11-12,401096902,reg,1,0,2166,Davidson Wildcats,A-10,high,0,58,2509,Purdue Boilermakers,Big Ten,power,23,79,CHARLESTON CLASSIC
2019,2018-11-16,2018-11-12,401096917,reg,1,0,2483,Oregon Ducks,Pac-12,power,13,80,183,Syracuse Orange,ACC,power,15,65,2K EMPIRE CLASSIC
2019,2018-11-17,2018-11-12,401082449,reg,1,0,45,George Washington Colonials,A-10,high,0,61,130,Michigan Wolverines,Big Ten,power,18,84,AIR FORCE RESERVE BASKETBALL HALL OF FAME TIP-OFF
2019,2018-11-17,2018-11-12,401083246,reg,0,0,269,Marquette Golden Eagles,Big East,high,24,74,2506,Presbyterian Blue Hose,Big South,mid,0,55,
2019,2018-11-17,2018-11-12,401083352,reg,0,0,222,Villanova Wildcats,Big East,high,8,68,231,Furman Paladins,SoCon,mid,0,76,ADVOCARE INVITATIONAL - CAMPUS GAME
2019,2018-11-18,2018-11-12,401082473,reg,0,0,127,Michigan State Spartans,Big Ten,power,11,101,2635,Tennessee Tech Golden Eagles,OVC,mid,0,33,CONTINENTAL TIRE LAS VEGAS INVITATIONAL - CAMPUS GAME
2019,2018-11-18,2018-11-12,401083125,reg,0,0,96,Kentucky Wildcats,SEC,power,10,92,2678,VMI Keydets,SoCon,mid,0,82,OHIO RIVER VALLEY SHOWCASE
2019,2018-11-18,2018-11-12,401096906,reg,1,0,2509,Purdue Boilermakers,Big Ten,power,23,83,259,Virginia Tech Hokies,ACC,power,16,89,CHARLESTON CLASSIC
2019,2018-11-18,2018-11-12,401096969,reg,1,0,2507,Providence Friars,Big East,high,0,47,130,Michigan Wolverines,Big Ten,power,18,66,AIR FORCE RESERVE BASKETBALL HALL OF FAME TIP-OFF
2019,2018-11-18,2018-11-12,401099936,reg,1,0,2306,Kansas State Wildcats,Big 12,power,12,64,219,Pennsylvania Quakers,Ivy,mid,0,48,PARADISE JAM
2019,2018-11-19,2018-11-19,401082335,reg,1,0,356,Illinois Fighting Illini,Big Ten,power,0,78,2250,Gonzaga Bulldogs,WCC,high,3,84,MAUI JIM MAUI INVITATIONAL
2019,2018-11-19,2018-11-19,401082645,reg,1,0,228,Clemson Tigers,ACC,power,16,72,2006,Akron Zips,MAC,mid,0,69,CAYMAN ISLANDS CLASSIC
2019,2018-11-19,2018-11-19,401082672,reg,1,0,21,San Diego State Aztecs,Mountain West,high,0,64,150,Duke Blue Devils,ACC,power,1,90,MAUI JIM MAUI INVITATIONAL
2019,2018-11-19,2018-11-19,401082697,reg,0,0,52,Florida State Seminoles,ACC,power,14,93,2099,Canisius Golden Griffins,MAAC,mid,0,61,ADVOCARE INVITATIONAL - CAMPUS GAME
2019,2018-11-19,2018-11-19,401082857,reg,0,0,153,North Carolina Tar Heels,ACC,power,7,101,2598,St. Francis (PA) Red Flash,NEC,mid,0,76,CONTINENTAL TIRE LAS VEGAS INVITATIONAL - CAMPUS GAME
2019,2018-11-19,2018-11-19,401083066,reg,1,0,9,Arizona State Sun Devils,Pac-12,power,0,72,344,Mississippi State Bulldogs,SEC,power,15,67,MGM RESORTS MAIN EVENT
2019,2018-11-19,2018-11-19,401083166,reg,1,0,2752,Xavier Musketeers,Big East,high,0,79,2,Auburn Tigers,SEC,power,8,88,MAUI JIM MAUI INVITATIONAL
2019,2018-11-19,2018-11-19,401086091,reg,0,0,2440,Nevada Wolf Pack,Mountain West,high,6,90,2856,California Baptist Lancers,WAC,mid,0,55,CONTINENTAL TIRE LAS VEGAS HOLIDAY INVITATIONAL - CAMPUS GAME
2019,2018-11-19,2018-11-19,401087150,reg,0,0,26,UCLA Bruins,Pac-12,power,17,80,2506,Presbyterian Blue Hose,Big South,mid,0,65,CONTINENTAL TIRE LAS VEGAS INVITATIONAL - CAMPUS GAME
2019,2018-11-19,2018-11-19,401100055,reg,1,0,2306,Kansas State Wildcats,Big 12,power,12,82,142,Missouri Tigers,SEC,power,0,67,PARADISE JAM
2019,2018-11-20,2018-11-19,401082551,reg,0,0,194,Ohio State Buckeyes,Big Ten,power,23,68,2535,Samford Bulldogs,SoCon,mid,0,50,BUCKEYE CLASSIC
2019,2018-11-20,2018-11-19,401083512,reg,0,0,2628,TCU Horned Frogs,Big 12,power,18,64,288,Lipscomb Bisons,ASUN,mid,0,73,
2019,2018-11-20,2018-11-19,401087100,reg,0,0,2483,Oregon Ducks,Pac-12,power,21,83,2739,Green Bay Phoenix,Horizon,mid,0,72,2K EMPIRE CLASSIC - CAMPUS GAME
2019,2018-11-20,2018-11-19,401096920,reg,1,0,2250,Gonzaga Bulldogs,WCC,high,3,91,12,Arizona Wildcats,Pac-12,power,0,74,MAUI JIM MAUI INVITATIONAL
2019,2018-11-20,2018-11-19,401096921,reg,1,0,150,Duke Blue Devils,ACC,power,1,78,2,Auburn Tigers,SEC,power,8,72,MAUI JIM MAUI INVITATIONAL
2019,2018-11-20,2018-11-19,401100179,reg,1,0,61,Georgia Bulldogs,SEC,power,0,49,228,Clemson Tigers,ACC,power,16,64,CAYMAN ISLANDS CLASSIC
2019,2018-11-21,2018-11-19,401082394,reg,0,0,2294,Iowa Hawkeyes,Big Ten,power,20,105,2011,Alabama State Hornets,SWAC,mid,0,78,
2019,2018-11-21,2018-11-19,401082605,reg,1,0,275,Wisconsin Badgers,Big Ten,power,25,62,24,Stanford Cardinal,Pac-12,power,0,46,BAD BOY MOWERS BATTLE 4 ATLANTIS
2019,2018-11-21,2018-11-19,401082765,reg,1,0,258,Virginia Cavaliers,ACC,power,4,74,2393,Middle Tennessee Blue Raiders,CUSA,mid,0,52,BAD BOY MOWERS BATTLE 4 ATLANTIS
2019,2018-11-21,2018-11-19,401082911,reg,1,0,2633,Tennessee Volunteers,SEC,power,5,92,97,Louisville Cardinals,ACC,power,0,81,NIT SEASON TIP-OFF
2019,2018-11-21,2018-11-19,401083126,reg,0,0,96,Kentucky Wildcats,SEC,power,10,87,2737,Winthrop Eagles,Big South,mid,0,74,OHIO RIVER VALLEY SHOWCASE
2019,2018-11-21,2018-11-19,401083247,reg,1,0,2305,Kansas Jayhawks,Big 12,power,2,77,269,Marquette Golden Eagles,Big East,high,0,68,NIT SEASON TIP-OFF
2019,2018-11-21,2018-11-19,401088051,reg,0,0,2084,Buffalo Bulls,MAC,mid,22,110,159,Dartmouth Big Green,Ivy,mid,0,71,
2019,2018-11-21,2018-11-19,401096923,reg,1,0,2250,Gonzaga Bulldogs,WCC,high,3,89,150,Duke Blue Devils,ACC,power,1,87,MAUI JIM MAUI INVITATIONAL
2019,2018-11-21,2018-11-19,401096925,reg,1,0,12,Arizona Wildcats,Pac-12,power,0,57,2,Auburn Tigers,SEC,power,8,73,MAUI JIM MAUI INVITATIONAL
2019,2018-11-21,2018-11-19,401100193,reg,1,0,2608,Saint Mary's Gaels,WCC,high,0,57,344,Mississippi State Bulldogs,SEC,power,15,61,MGM RESORTS MAIN EVENT
2019,2018-11-21,2018-11-19,401100238,reg,1,0,156,Creighton Bluejays,Big East,high,0,87,228,Clemson Tigers,ACC,power,16,82,CAYMAN ISLANDS CLASSIC
2019,2018-11-22,2018-11-19,401082474,reg,1,0,26,UCLA Bruins,Pac-12,power,17,67,127,Michigan State Spartans,Big Ten,power,11,87,CONTINENTAL TIRE LAS VEGAS INVITATIONAL
2019,2018-11-22,2018-11-19,401082698,reg,1,0,52,Florida State Seminoles,ACC,power,14,81,5,UAB Blazers,CUSA,mid,0,63,ADVOCARE INVITATIONAL
2019,2018-11-22,2018-11-19,401082858,reg,1,0,153,North Carolina Tar Heels,ACC,power,7,89,251,Texas Longhorns,Big 12,power,0,92,CONTINENTAL TIRE LAS VEGAS INVITATIONAL
2019,2018-11-22,2018-11-19,401083108,reg,1,0,99,LSU Tigers,SEC,power,19,67,232,Charleston Cougars,CAA,mid,0,55,ADVOCARE INVITATIONAL
2019,2018-11-22,2018-11-19,401084691,reg,1,0,2440,Nevada Wolf Pack,Mountain West,high,6,96,202,Tulsa Golden Hurricane,American,high,0,86,CONTINENTAL TIRE LAS VEGAS HOLIDAY INVITATIONAL
2019,2018-11-22,2018-11-19,401096928,reg,1,0,201,Oklahoma Sooners,Big 12,power,0,58,275,Wisconsin Badgers,Big Ten,power,25,78,BAD BOY MOWERS BATTLE 4 ATLANTIS
2019,2018-11-22,2018-11-19,401096929,reg,1,0,2168,Dayton Flyers,A-10,high,0,59,258,Virginia Cavaliers,ACC,power,4,66,BAD BOY MOWERS BATTLE 4 ATLANTIS
2019,2018-11-23,2018-11-19,401082450,reg,0,0,130,Michigan Wolverines,Big Ten,power,9,83,236,Chattanooga Mocs,SoCon,mid,0,55,
2019,2018-11-23,2018-11-19,401082552,reg,0,0,194,Ohio State Buckeyes,Big Ten,power,23,89,325,Cleveland State Vikings,Horizon,mid,0,62,BUCKEYE CLASSIC
2019,2018-11-23,2018-11-19,401082583,reg,0,0,2509,Purdue Boilermakers,Big Ten,power,24,84,2523,Robert Morris Colonials,NEC,mid,0,46,
2019,2018-11-23,2018-11-19,401083127,reg,0,0,96,Kentucky Wildcats,SEC,power,10,77,2634,Tennessee State Tigers,OVC,mid,0,62,OHIO RIVER VALLEY SHOWCASE
2019,2018-11-23,2018-11-19,401096910,reg,1,0,52,Florida State Seminoles,ACC,power,14,79,99,LSU Tigers,SEC,power,19,76,ADVOCARE INVITATIONAL
2019,2018-11-23,2018-11-19,401096935,reg,1,0,275,Wisconsin Badgers,Big Ten,power,25,46,258,Virginia Cavaliers,ACC,power,4,53,BAD BOY MOWERS BATTLE 4 ATLANTIS
2019,2018-11-23,2018-11-19,401096957,reg,1,0,2305,Kansas Jayhawks,Big 12,power,2,87,2633,Tennessee Volunteers,SEC,power,5,81,NIT SEASON TIP-OFF
2019,2018-11-23,2018-11-19,401100453,reg,1,0,2440,Nevada Wolf Pack,Mountain West,high,6,110,113,UMass Minutemen,A-10,high,0,87,CONTINENTAL TIRE LAS VEGAS HOLIDAY INVITATIONAL
2019,2018-11-23,2018-11-19,401100455,reg,1,0,153,North Carolina Tar Heels,ACC,power,7,94,26,UCLA Bruins,Pac-12,power,17,78,CONTINENTAL TIRE LAS VEGAS INVITATIONAL
2019,2018-11-23,2018-11-19,401100456,reg,1,0,251,Texas Longhorns,Big 12,power,0,68,127,Michigan State Spartans,Big Ten,power,11,78,CONTINENTAL TIRE LAS VEGAS INVITATIONAL
2019,2018-11-24,2018-11-19,401082742,reg,0,0,259,Virginia Tech Hokies,ACC,power,13,75,2598,St. Francis (PA) Red Flash,NEC,mid,0,37,
2019,2018-11-24,2018-11-19,401083429,reg,0,0,2306,Kansas State Wildcats,Big 12,power,12,77,2329,Lehigh Mountain Hawks,Patriot,mid,0,58,
2019,2018-11-24,2018-11-19,401085976,reg,0,0,2084,Buffalo Bulls,MAC,mid,22,76,2368,Marist Red Foxes,MAAC,mid,0,49,BASKETBALL HALL OF FAME BELFAST CLASSIC - CAMPUS GAME
2019,2018-11-25,2018-11-19,401096913,reg,1,0,52,Florida State Seminoles,ACC,power,14,60,222,Villanova Wildcats,Big East,high,0,66,ADVOCARE INVITATIONAL
2019,2018-11-25,2018-11-19,401096914,reg,1,0,99,LSU Tigers,SEC,power,19,77,197,Oklahoma State Cowboys,Big 12,power,0,90,ADVOCARE INVITATIONAL
2019,2018-11-26,2018-11-26,401083067,reg,0,0,344,Mississippi State Bulldogs,SEC,power,25,88,2016,Alcorn State Braves,SWAC,mid,0,65,
2019,2018-11-26,2018-11-26,401083630,reg,0,0,2250,Gonzaga Bulldogs,WCC,high,1,102,2449,North Dakota State Bison,Summit,mid,0,60,
2019,2018-11-26,2018-11-26,401087101,reg,0,0,2483,Oregon Ducks,Pac-12,power,18,84,2640,Texas Southern Tigers,SWAC,mid,0,89,
2019,2018-11-27,2018-11-26,401082368,reg,0,0,150,Duke Blue Devils,ACC,power,3,90,84,Indiana Hoosiers,Big Ten,power,0,69,ACC/BIG TEN CHALLENGE PRESENTED BY CONTINENTAL TIRE
2019,2018-11-27,2018-11-26,401082395,reg,0,0,2294,Iowa Hawkeyes,Big Ten,power,14,69,221,Pittsburgh Panthers,ACC,power,0,68,ACC/BIG TEN CHALLENGE PRESENTED BY CONTINENTAL TIRE
2019,2018-11-27,2018-11-26,401082475,reg,0,0,97,Louisville Cardinals,ACC,power,0,82,127,Michigan State Spartans,Big Ten,power,9,78,ACC/BIG TEN CHALLENGE PRESENTED BY CONTINENTAL TIRE
2019,2018-11-27,2018-11-26,401082568,reg,0,0,213,Penn State Nittany Lions,Big Ten,power,0,63,259,Virginia Tech Hokies,ACC,power,13,62,ACC/BIG TEN CHALLENGE PRESENTED BY CONTINENTAL TIRE
2019,2018-11-27,2018-11-26,401082606,reg,0,0,275,Wisconsin Badgers,Big Ten,power,22,79,152,NC State Wolfpack,ACC,power,0,75,ACC/BIG TEN CHALLENGE PRESENTED BY CONTINENTAL TIRE
2019,2018-11-27,2018-11-26,401089220,reg,0,0,2350,Loyola Chicago Ramblers,MVC,mid,0,65,2440,Nevada Wolf Pack,Mountain West,high,5,79,MWC/MVC CHALLENGE
2019,2018-11-28,2018-11-26,401082424,reg,0,0,120,Maryland Terrapins,Big Ten,power,24,71,258,Virginia Cavaliers,ACC,power,4,76,ACC/BIG TEN CHALLENGE PRESENTED BY CONTINENTAL TIRE
2019,2018-11-28,2018-11-26,401082451,reg,0,0,130,Michigan Wolverines,Big Ten,power,7,84,153,North Carolina Tar Heels,ACC,power,11,67,ACC/BIG TEN CHALLENGE PRESENTED BY CONTINENTAL TIRE
2019,2018-11-28,2018-11-26,401082553,reg,0,0,194,Ohio State Buckeyes,Big Ten,power,16,62,183,Syracuse Orange,ACC,power,0,72,ACC/BIG TEN CHALLENGE PRESENTED BY CONTINENTAL TIRE
2019,2018-11-28,2018-11-26,401082584,reg,0,0,52,Florida State Seminoles,ACC,power,15,73,2509,Purdue Boilermakers,Big Ten,power,19,72,ACC/BIG TEN CHALLENGE PRESENTED BY CONTINENTAL TIRE
2019,2018-11-28,2018-11-26,401082976,reg,0,0,2633,Tennessee Volunteers,SEC,power,6,95,2198,Eastern Kentucky Colonels,OVC,mid,0,67,
2019,2018-11-28,2018-11-26,401083128,reg,0,0,96,Kentucky Wildcats,SEC,power,10,90,2405,Monmouth Hawks,MAAC,mid,0,44,
2019,2018-11-28,2018-11-26,401083167,reg,0,0,2,Auburn Tigers,SEC,power,8,99,2612,Saint Peter's Peacocks,MAAC,mid,0,49,
2019,2018-11-30,2018-11-26,401082396,reg,0,1,2294,Iowa Hawkeyes,Big Ten,power,14,66,275,Wisconsin Badgers,Big Ten,power,22,72,
2019,2018-11-30,2018-11-26,401082476,reg,0,1,164,Rutgers Scarlet Knights,Big Ten,power,0,67,127,Michigan State Spartans,Big Ten,power,9,78,
2019,2018-11-30,2018-11-26,401083068,reg,0,0,2168,Dayton Flyers,A-10,high,0,58,344,Mississippi State Bulldogs,SEC,power,25,65,
2019,2018-11-30,2018-11-26,401083497,reg,0,0,251,Texas Longhorns,Big 12,power,17,59,2515,Radford Highlanders,Big South,mid,0,62,
2019,2018-11-30,2018-11-26,401089559,reg,1,0,270,Milwaukee Panthers,Horizon,mid,0,77,2084,Buffalo Bulls,MAC,mid,21,96,BASKETBALL HALL OF FAME BELFAST CLASSIC
2019,2018-12-01,2018-11-26,401082425,reg,0,1,120,Maryland Terrapins,Big Ten,power,24,66,213,Penn State Nittany Lions,Big Ten,power,0,59,
2019,2018-12-01,2018-11-26,401082452,reg,0,1,130,Michigan Wolverines,Big Ten,power,7,76,2509,Purdue Boilermakers,Big Ten,power,19,57,
2019,2018-12-01,2018-11-26,401082673,reg,0,0,150,Duke Blue Devils,ACC,power,3,113,56,Stetson Hatters,ASUN,mid,0,49,
2019,2018-12-01,2018-11-26,401082743,reg,0,0,259,Virginia Tech Hokies,ACC,power,13,94,2115,Central Connecticut Blue Devils,NEC,mid,0,40,
2019,2018-12-01,2018-11-26,401083129,reg,0,0,96,Kentucky Wildcats,SEC,power,10,78,2430,UNC Greensboro Spartans,SoCon,mid,0,61,
2019,2018-12-01,2018-11-26,401083223,reg,0,0,156,Creighton Bluejays,Big East,high,0,92,2250,Gonzaga Bulldogs,WCC,high,1,103,
2019,2018-12-01,2018-11-26,401083249,reg,0,0,269,Marquette Golden Eagles,Big East,high,0,83,2306,Kansas State Wildcats,Big 12,power,12,71,
2019,2018-12-01,2018-11-26,401083354,reg,0,0,2325,La Salle Explorers,A-10,high,0,78,222,Villanova Wildcats,Big East,high,23,85,
2019,2018-12-01,2018-11-26,401083479,reg,1,0,235,Memphis Tigers,American,high,0,67,2641,Texas Tech Red Raiders,Big 12,power,20,78,AIR FORCE RESERVE HOOPHALL MIAMI INVITATIONAL
2019,2018-12-01,2018-11-26,401083549,reg,0,0,2305,Kansas Jayhawks,Big 12,power,2,90,24,Stanford Cardinal,Pac-12,power,0,84,
2019,2018-12-01,2018-11-26,401084706,reg,0,0,248,Houston Cougars,American,high,0,65,2483,Oregon Ducks,Pac-12,power,18,61,
2019,2018-12-01,2018-11-26,401087163,reg,0,0,30,USC Trojans,Pac-12,power,0,61,2440,Nevada Wolf Pack,Mountain West,high,5,73,
2019,2018-12-01,2018-11-26,401101477,reg,1,0,2084,Buffalo Bulls,MAC,mid,21,85,2539,San Francisco Dons,WCC,high,0,81,BASKETBALL HALL OF FAME BELFAST CLASSIC
2019,2018-12-02,2018-11-26,401082497,reg,0,1,194,Ohio State Buckeyes,Big Ten,power,16,79,135,Minnesota Golden Gophers,Big Ten,power,0,59,
2019,2018-12-02,2018-11-26,401082977,reg,0,0,2633,Tennessee Volunteers,SEC,power,6,79,357,Texas A&M-Corpus Christi Islanders,Southland,mid,0,51,
2019,2018-12-03,2018-12-03,401082397,reg,0,1,127,Michigan State Spartans,Big Ten,power,10,90,2294,Iowa Hawkeyes,Big Ten,power,18,68,
2019,2018-12-03,2018-12-03,401082597,reg,0,1,275,Wisconsin Badgers,Big Ten,power,12,69,164,Rutgers Scarlet Knights,Big Ten,power,0,64,
2019,2018-12-03,2018-12-03,401082699,reg,0,0,52,Florida State Seminoles,ACC,power,11,83,2653,Troy Trojans,Sun Belt,mid,0,67,
2019,2018-12-03,2018-12-03,401082766,reg,0,0,258,Virginia Cavaliers,ACC,power,4,83,2415,Morgan State Bears,MEAC,mid,0,45,
2019,2018-12-04,2018-12-03,401082453,reg,0,1,77,Northwestern Wildcats,Big Ten,power,0,60,130,Michigan Wolverines,Big Ten,power,5,62,
2019,2018-12-04,2018-12-03,401083069,reg,0,0,344,Mississippi State Bulldogs,SEC,power,22,90,2377,McNeese Cowboys,Southland,mid,0,77,
2019,2018-12-04,2018-12-03,401083168,reg,0,0,2,Auburn Tigers,SEC,power,8,67,2427,UNC Asheville Bulldogs,Big South,mid,0,41,
2019,2018-12-04,2018-12-03,401083550,reg,0,0,2305,Kansas Jayhawks,Big 12,power,2,72,2747,Wofford Terriers,SoCon,mid,0,47,
2019,2018-12-04,2018-12-03,401085900,reg,0,0,2210,Elon Phoenix,CAA,mid,0,77,231,Furman Paladins,SoCon,mid,25,98,
2019,2018-12-05,2018-12-03,401082339,reg,1,1,356,Illinois Fighting Illini,Big Ten,power,0,67,194,Ohio State Buckeyes,Big Ten,power,19,77,
2019,2018-12-05,2018-12-03,401082498,reg,0,1,135,Minnesota Golden Gophers,Big Ten,power,0,85,158,Nebraska Cornhuskers,Big Ten,power,24,78,
2019,2018-12-05,2018-12-03,401082674,reg,0,0,150,Duke Blue Devils,ACC,power,3,84,42,Hartford Hawks,Am. East,mid,0,54,
2019,2018-12-05,2018-12-03,401082744,reg,0,0,259,Virginia Tech Hokies,ACC,power,15,89,2678,VMI Keydets,SoCon,mid,0,68,
2019,2018-12-05,2018-12-03,401082859,reg,0,0,153,North Carolina Tar Heels,ACC,power,14,97,350,UNC Wilmington Seahawks,CAA,mid,0,69,
2019,2018-12-05,2018-12-03,401083355,reg,0,0,222,Villanova Wildcats,Big East,high,21,69,218,Temple Owls,American,high,0,59,
2019,2018-12-05,2018-12-03,401083480,reg,0,0,2641,Texas Tech Red Raiders,Big 12,power,13,65,2029,Arkansas-Pine Bluff Golden Lions,SWAC,mid,0,47,
2019,2018-12-05,2018-12-03,401083631,reg,0,0,2250,Gonzaga Bulldogs,WCC,high,1,81,264,Washington Huskies,Pac-12,power,0,79,
2019,2018-12-05,2018-12-03,401089560,reg,0,0,2084,Buffalo Bulls,MAC,mid,17,89,2330,Le Moyne Dolphins,,,0,55,
2019,2018-12-06,2018-12-03,401082398,reg,0,0,2294,Iowa Hawkeyes,Big Ten,power,18,98,66,Iowa State Cyclones,Big 12,power,0,84,IOWA CORN CY-HAWK SERIES
2019,2018-12-06,2018-12-03,401082426,reg,0,1,2509,Purdue Boilermakers,Big Ten,power,0,62,120,Maryland Terrapins,Big Ten,power,23,60,
2019,2018-12-07,2018-12-03,401087039,reg,1,0,9,Arizona State Sun Devils,Pac-12,power,20,66,2440,Nevada Wolf Pack,Mountain West,high,6,72,AIR FORCE RESERVE BASKETBALL HALL OF FAME CLASSIC
2019,2018-12-08,2018-12-03,401082427,reg,1,0,120,Maryland Terrapins,Big Ten,power,23,55,2350,Loyola Chicago Ramblers,MVC,mid,0,41,
2019,2018-12-08,2018-12-03,401082454,reg,0,0,130,Michigan Wolverines,Big Ten,power,5,89,2579,South Carolina Gamecocks,SEC,power,0,78,
2019,2018-12-08,2018-12-03,401082477,reg,0,0,57,Florida Gators,SEC,power,0,59,127,Michigan State Spartans,Big Ten,power,10,63,
2019,2018-12-08,2018-12-03,401082518,reg,0,0,158,Nebraska Cornhuskers,Big Ten,power,24,94,156,Creighton Bluejays,Big East,high,0,75,
2019,2018-12-08,2018-12-03,401082607,reg,0,0,269,Marquette Golden Eagles,Big East,high,0,74,275,Wisconsin Badgers,Big Ten,power,12,69,
2019,2018-12-08,2018-12-03,401082647,reg,1,0,344,Mississippi State Bulldogs,SEC,power,22,82,228,Clemson Tigers,ACC,power,0,71,NEVER FORGET TRIBUTE CLASSIC
2019,2018-12-08,2018-12-03,401082675,reg,0,0,150,Duke Blue Devils,ACC,power,3,91,43,Yale Bulldogs,Ivy,mid,0,58,
2019,2018-12-08,2018-12-03,401082700,reg,1,0,41,UConn Huskies,American,high,0,71,52,Florida State Seminoles,ACC,power,11,79,NEVER FORGET TRIBUTE CLASSIC
2019,2018-12-08,2018-12-03,401083130,reg,1,0,96,Kentucky Wildcats,SEC,power,9,83,2550,Seton Hall Pirates,Big East,high,0,84,CITI HOOPS CLASSIC
2019,2018-12-08,2018-12-03,401083169,reg,0,0,2,Auburn Tigers,SEC,power,8,82,2168,Dayton Flyers,A-10,high,0,72,
2019,2018-12-08,2018-12-03,401083356,reg,0,0,222,Villanova Wildcats,Big East,high,21,70,2603,Saint Joseph's Hawks,A-10,high,0,58,
2019,2018-12-08,2018-12-03,401083430,reg,0,0,202,Tulsa Golden Hurricane,American,high,0,47,2306,Kansas State Wildcats,Big 12,power,16,46,
2019,2018-12-08,2018-12-03,401083551,reg,0,0,2305,Kansas Jayhawks,Big 12,power,2,63,166,New Mexico State Aggies,WAC,mid,0,60,JAYHAWK SHOOTOUT
2019,2018-12-08,2018-12-03,401085724,reg,0,0,179,St. Bonaventure Bonnies,A-10,high,0,62,2084,Buffalo Bulls,MAC,mid,17,80,
2019,2018-12-08,2018-12-03,401088250,reg,0,0,2908,South Carolina Upstate Spartans,Big South,mid,0,60,231,Furman Paladins,SoCon,mid,25,74,
2019,2018-12-09,2018-12-03,401082745,reg,0,0,259,Virginia Tech Hokies,ACC,power,15,81,2569,South Carolina State Bulldogs,MEAC,mid,0,44,
2019,2018-12-09,2018-12-03,401082767,reg,0,0,258,Virginia Cavaliers,ACC,power,4,57,2670,VCU Rams,A-10,high,0,49,
2019,2018-12-09,2018-12-03,401082978,reg,1,0,2250,Gonzaga Bulldogs,WCC,high,1,73,2633,Tennessee Volunteers,SEC,power,7,76,AIR FORCE RESERVE JERRY COLANGELO CLASSIC
2019,2018-12-09,2018-12-03,401086131,reg,1,0,2253,Grand Canyon Lopes,WAC,mid,0,66,2440,Nevada Wolf Pack,Mountain West,high,6,74,AIR FORCE RESERVE JERRY COLANGELO CLASSIC
2019,2018-12-11,2018-12-10,401083357,reg,0,0,219,Pennsylvania Quakers,Ivy,mid,0,78,222,Villanova Wildcats,Big East,high,17,75,
2019,2018-12-11,2018-12-10,401088251,reg,0,0,231,Furman Paladins,SoCon,mid,23,77,2127,Charleston Southern Buccaneers,Big South,mid,0,69,
2019,2018-12-12,2018-12-10,401083111,reg,0,0,248,Houston Cougars,American,high,24,82,99,LSU Tigers,SEC,power,0,76,
2019,2018-12-12,2018-12-10,401083481,reg,0,0,2641,Texas Tech Red Raiders,Big 12,power,11,79,2466,Northwestern State Demons,Southland,mid,0,44,
2019,2018-12-13,2018-12-10,401082608,reg,0,0,275,Wisconsin Badgers,Big Ten,power,16,101,2542,Savannah State Tigers,MEAC,mid,0,60,
2019,2018-12-15,2018-12-10,401082372,reg,1,0,2086,Butler Bulldogs,Big East,high,0,68,84,Indiana Hoosiers,Big Ten,power,25,71,CROSSROADS CLASSIC
2019,2018-12-15,2018-12-10,401082399,reg,1,0,2460,Northern Iowa Panthers,MVC,mid,0,54,2294,Iowa Hawkeyes,Big Ten,power,22,77,HY-VEE CLASSIC
2019,2018-12-15,2018-12-10,401082455,reg,0,0,130,Michigan Wolverines,Big Ten,power,5,70,2711,Western Michigan Broncos,MAC,mid,0,62,
2019,2018-12-15,2018-12-10,401082554,reg,0,0,194,Ohio State Buckeyes,Big Ten,power,15,73,2083,Bucknell Bison,Patriot,mid,0,71,
2019,2018-12-15,2018-12-10,401082746,reg,1,0,264,Washington Huskies,Pac-12,power,0,61,259,Virginia Tech Hokies,ACC,power,13,73,AIR FORCE RESERVE BASKETBALL HALL OF FAME BOARDWALK CLASSIC
2019,2018-12-15,2018-12-10,401082788,reg,0,0,183,Syracuse Orange,ACC,power,25,62,295,Old Dominion Monarchs,CUSA,mid,0,68,
2019,2018-12-15,2018-12-10,401082979,reg,0,0,235,Memphis Tigers,American,high,0,92,2633,Tennessee Volunteers,SEC,power,3,102,
2019,2018-12-15,2018-12-10,401083070,reg,0,0,344,Mississippi State Bulldogs,SEC,power,18,70,2132,Cincinnati Bearcats,American,high,0,59,
2019,2018-12-15,2018-12-10,401083131,reg,0,0,96,Kentucky Wildcats,SEC,power,19,88,254,Utah Utes,Pac-12,power,0,61,
2019,2018-12-15,2018-12-10,401083145,reg,0,0,61,Georgia Bulldogs,SEC,power,0,74,9,Arizona State Sun Devils,Pac-12,power,20,76,
2019,2018-12-15,2018-12-10,401083170,reg,1,0,5,UAB Blazers,CUSA,mid,0,71,2,Auburn Tigers,SEC,power,8,75,
2019,2018-12-15,2018-12-10,401083358,reg,0,0,2305,Kansas Jayhawks,Big 12,power,1,74,222,Villanova Wildcats,Big East,high,17,71,
2019,2018-12-15,2018-12-10,401083431,reg,0,0,2306,Kansas State Wildcats,Big 12,power,25,71,2247,Georgia State Panthers,Sun Belt,mid,0,59,
2019,2018-12-15,2018-12-10,401083482,reg,0,0,2641,Texas Tech Red Raiders,Big 12,power,11,82,2000,Abilene Christian Wildcats,Southland,mid,0,48,
2019,2018-12-15,2018-12-10,401083650,reg,0,0,153,North Carolina Tar Heels,ACC,power,12,103,2250,Gonzaga Bulldogs,WCC,high,4,90,
2019,2018-12-15,2018-12-10,401084030,reg,0,0,231,Furman Paladins,SoCon,mid,23,93,350,UNC Wilmington Seahawks,CAA,mid,0,50,
2019,2018-12-15,2018-12-10,401089243,reg,0,0,2084,Buffalo Bulls,MAC,mid,14,73,79,Southern Illinois Salukis,MVC,mid,0,65,
2019,2018-12-15,2018-12-10,401089495,reg,0,0,2440,Nevada Wolf Pack,Mountain West,high,7,72,2571,South Dakota State Jackrabbits,Summit,mid,0,68,
2019,2018-12-16,2018-12-10,401082478,reg,0,0,127,Michigan State Spartans,Big Ten,power,9,104,2739,Green Bay Phoenix,Horizon,mid,0,83,
2019,2018-12-16,2018-12-10,401084725,reg,0,0,248,Houston Cougars,American,high,24,68,139,Saint Louis Billikens,A-10,high,0,64,
2019,2018-12-17,2018-12-17,401082701,reg,0,0,52,Florida State Seminoles,ACC,power,11,85,2546,Southeast Missouri State Redhawks,OVC,mid,0,68,
2019,2018-12-17,2018-12-17,401082925,reg,0,0,238,Vanderbilt Commodores,SEC,power,0,81,9,Arizona State Sun Devils,Pac-12,power,18,65,
2019,2018-12-18,2018-12-17,401082400,reg,0,0,2294,Iowa Hawkeyes,Big Ten,power,23,78,2717,Western Carolina Catamounts,SoCon,mid,0,60,
2019,2018-12-18,2018-12-17,401082555,reg,0,0,194,Ohio State Buckeyes,Big Ten,power,15,75,2754,Youngstown State Penguins,Horizon,mid,0,56,
2019,2018-12-18,2018-12-17,401082676,reg,0,0,150,Duke Blue Devils,ACC,power,2,101,163,Princeton Tigers,Ivy,mid,0,50,
2019,2018-12-18,2018-12-17,401082789,reg,0,0,183,Syracuse Orange,ACC,power,0,59,2084,Buffalo Bulls,MAC,mid,14,71,
2019,2018-12-18,2018-12-17,401083251,reg,0,0,269,Marquette Golden Eagles,Big East,high,20,92,155,North Dakota Fighting Hawks,Summit,mid,0,66,
2019,2018-12-18,2018-12-17,401083552,reg,0,0,2305,Kansas Jayhawks,Big 12,power,1,89,233,South Dakota Coyotes,Summit,mid,0,53,
2019,2018-12-18,2018-12-17,401083632,reg,0,0,2250,Gonzaga Bulldogs,WCC,high,8,89,250,UT Arlington Mavericks,Sun Belt,mid,0,55,
2019,2018-12-19,2018-12-17,401082373,reg,0,0,84,Indiana Hoosiers,Big Ten,power,22,86,2110,Central Arkansas Bears,Southland,mid,0,53,
2019,2018-12-19,2018-12-17,401082702,reg,0,0,52,Florida State Seminoles,ACC,power,11,95,2454,North Florida Ospreys,ASUN,mid,0,81,
2019,2018-12-19,2018-12-17,401082747,reg,0,0,259,Virginia Tech Hokies,ACC,power,13,82,2448,North Carolina A&T Aggies,MEAC,mid,0,60,
2019,2018-12-19,2018-12-17,401082768,reg,0,0,2579,South Carolina Gamecocks,SEC,power,0,52,258,Virginia Cavaliers,ACC,power,5,69,
2019,2018-12-19,2018-12-17,401082845,reg,0,0,152,NC State Wolfpack,ACC,power,0,78,2,Auburn Tigers,SEC,power,7,71,
2019,2018-12-19,2018-12-17,401082980,reg,0,0,2633,Tennessee Volunteers,SEC,power,3,83,2535,Samford Bulldogs,SoCon,mid,0,70,
2019,2018-12-19,2018-12-17,401083071,reg,0,0,344,Mississippi State Bulldogs,SEC,power,17,98,2747,Wofford Terriers,SoCon,mid,0,87,
2019,2018-12-20,2018-12-17,401082677,reg,1,0,150,Duke Blue Devils,ACC,power,2,69,2641,Texas Tech Red Raiders,Big 12,power,12,58,
2019,2018-12-20,2018-12-17,401084734,reg,0,0,248,Houston Cougars,American,high,21,60,328,Utah State Aggies,Mountain West,high,0,50,
2019,2018-12-21,2018-12-17,401082479,reg,0,0,127,Michigan State Spartans,Big Ten,power,10,99,2473,Oakland Golden Grizzlies,Horizon,mid,0,69,
2019,2018-12-21,2018-12-17,401083113,reg,0,0,99,LSU Tigers,SEC,power,0,75,231,Furman Paladins,SoCon,mid,24,57,
2019,2018-12-21,2018-12-17,401083252,reg,0,0,269,Marquette Golden Eagles,Big East,high,20,103,2084,Buffalo Bulls,MAC,mid,14,85,
2019,2018-12-21,2018-12-17,401083633,reg,0,0,2250,Gonzaga Bulldogs,WCC,high,8,101,2172,Denver Pioneers,Summit,mid,0,40,
2019,2018-12-22,2018-12-17,401082374,reg,0,0,84,Indiana Hoosiers,Big Ten,power,22,94,294,Jacksonville Dolphins,ASUN,mid,0,64,
2019,2018-12-22,2018-12-17,401082401,reg,0,0,2294,Iowa Hawkeyes,Big Ten,power,23,110,2542,Savannah State Tigers,MEAC,mid,0,64,
2019,2018-12-22,2018-12-17,401082456,reg,0,0,130,Michigan Wolverines,Big Ten,power,4,71,2005,Air Force Falcons,Mountain West,high,0,50,
2019,2018-12-22,2018-12-17,401082520,reg,0,0,158,Nebraska Cornhuskers,Big Ten,power,25,86,2239,Cal State Fullerton Titans,Big West,mid,0,62,
2019,2018-12-22,2018-12-17,401082556,reg,1,0,26,UCLA Bruins,Pac-12,power,0,66,194,Ohio State Buckeyes,Big Ten,power,15,80,CBS SPORTS CLASSIC
2019,2018-12-22,2018-12-17,401082609,reg,0,0,275,Wisconsin Badgers,Big Ten,power,16,84,2755,Grambling Tigers,SWAC,mid,0,53,
2019,2018-12-22,2018-12-17,401082725,reg,0,0,2633,Tennessee Volunteers,SEC,power,3,83,154,Wake Forest Demon Deacons,ACC,power,0,64,
2019,2018-12-22,2018-12-17,401082769,reg,0,0,258,Virginia Cavaliers,ACC,power,5,72,2729,William & Mary Tribe,CAA,mid,0,40,
2019,2018-12-22,2018-12-17,401082860,reg,1,0,153,North Carolina Tar Heels,ACC,power,9,72,96,Kentucky Wildcats,SEC,power,19,80,CBS SPORTS CLASSIC
2019,2018-12-22,2018-12-17,401083072,reg,1,0,344,Mississippi State Bulldogs,SEC,power,17,67,2750,Wright State Raiders,Horizon,mid,0,63,
2019,2018-12-22,2018-12-17,401083171,reg,0,0,2,Auburn Tigers,SEC,power,7,93,93,Murray State Racers,OVC,mid,0,88,
2019,2018-12-22,2018-12-17,401083553,reg,0,0,9,Arizona State Sun Devils,Pac-12,power,18,80,2305,Kansas Jayhawks,Big 12,power,1,76,
2019,2018-12-22,2018-12-17,401084001,reg,0,0,2440,Nevada Wolf Pack,Mountain West,high,6,68,2006,Akron Zips,MAC,mid,0,62,
2019,2018-12-22,2018-12-17,401085705,reg,1,0,52,Florida State Seminoles,ACC,power,11,81,139,Saint Louis Billikens,A-10,high,0,59,ORANGE BOWL CLASSIC
2019,2018-12-23,2018-12-17,401084742,reg,0,0,248,Houston Cougars,American,high,21,75,2154,Coppin State Eagles,MEAC,mid,0,44,
2019,2018-12-28,2018-12-24,401082748,reg,0,0,259,Virginia Tech Hokies,ACC,power,10,85,2379,Maryland-Eastern Shore Hawks,MEAC,mid,0,40,
2019,2018-12-28,2018-12-24,401082847,reg,0,0,152,NC State Wolfpack,ACC,power,20,97,2352,Loyola Maryland Greyhounds,Patriot,mid,0,64,
2019,2018-12-28,2018-12-24,401083253,reg,0,0,269,Marquette Golden Eagles,Big East,high,18,84,2582,Southern Jaguars,SWAC,mid,0,41,
2019,2018-12-28,2018-12-24,401083483,reg,0,0,2641,Texas Tech Red Raiders,Big 12,power,11,71,292,UT Rio Grande Valley Vaqueros,WAC,mid,0,46,
2019,2018-12-28,2018-12-24,401083634,reg,0,0,2250,Gonzaga Bulldogs,WCC,high,7,96,2453,North Alabama Lions,ASUN,mid,0,51,
2019,2018-12-29,2018-12-24,401082402,reg,0,0,2294,Iowa Hawkeyes,Big Ten,power,24,72,2803,Bryant Bulldogs,NEC,mid,0,67,
2019,2018-12-29,2018-12-24,401082480,reg,0,0,127,Michigan State Spartans,Big Ten,power,8,88,2459,Northern Illinois Huskies,MAC,mid,0,60,
2019,2018-12-29,2018-12-24,401082557,reg,0,0,194,Ohio State Buckeyes,Big Ten,power,13,82,2272,High Point Panthers,Big South,mid,0,64,
2019,2018-12-29,2018-12-24,401082610,reg,0,0,98,Western Kentucky Hilltoppers,CUSA,mid,0,83,275,Wisconsin Badgers,Big Ten,power,15,76,
2019,2018-12-29,2018-12-24,401082861,reg,0,0,153,North Carolina Tar Heels,ACC,power,14,82,2166,Davidson Wildcats,A-10,high,0,60,
2019,2018-12-29,2018-12-24,401082917,reg,0,0,97,Louisville Cardinals,ACC,power,0,58,96,Kentucky Wildcats,SEC,power,16,71,
2019,2018-12-29,2018-12-24,401082981,reg,0,0,2633,Tennessee Volunteers,SEC,power,3,96,2635,Tennessee Tech Golden Eagles,OVC,mid,0,53,
2019,2018-12-29,2018-12-24,401083073,reg,0,0,344,Mississippi State Bulldogs,SEC,power,19,103,252,BYU Cougars,WCC,high,0,81,
2019,2018-12-29,2018-12-24,401083172,reg,0,0,2,Auburn Tigers,SEC,power,12,95,2454,North Florida Ospreys,ASUN,mid,0,49,
2019,2018-12-29,2018-12-24,401083554,reg,0,0,2305,Kansas Jayhawks,Big 12,power,5,87,2199,Eastern Michigan Eagles,MAC,mid,0,63,
2019,2018-12-29,2018-12-24,401084746,reg,0,0,248,Houston Cougars,American,high,22,80,2885,NJIT Highlanders,ASUN,mid,0,59,
2019,2018-12-29,2018-12-24,401085909,reg,0,0,2099,Canisius Golden Griffins,MAAC,mid,0,72,2084,Buffalo Bulls,MAC,mid,21,87,
2019,2018-12-29,2018-12-24,401087040,reg,0,0,9,Arizona State Sun Devils,Pac-12,power,17,66,163,Princeton Tigers,Ivy,mid,0,67,
2019,2018-12-29,2018-12-24,401087172,reg,0,0,254,Utah Utes,Pac-12,power,0,71,2440,Nevada Wolf Pack,Mountain West,high,6,86,
2019,2018-12-30,2018-12-24,401082457,reg,0,0,130,Michigan Wolverines,Big Ten,power,2,74,2066,Binghamton Bearcats,Am. East,mid,0,52,
2019,2018-12-31,2018-12-31,401082770,reg,0,0,258,Virginia Cavaliers,ACC,power,4,100,276,Marshall Thundering Herd,CUSA,mid,0,64,
2019,2018-12-31,2018-12-31,401083635,reg,0,0,2250,Gonzaga Bulldogs,WCC,high,7,89,2934,Cal State Bakersfield Roadrunners,WAC,mid,0,54,
2019,2019-01-01,2018-12-31,401082703,reg,0,0,52,Florida State Seminoles,ACC,power,9,87,2737,Winthrop Eagles,Big South,mid,0,76,
2019,2019-01-01,2018-12-31,401082749,reg,0,1,259,Virginia Tech Hokies,ACC,power,10,81,87,Notre Dame Fighting Irish,ACC,power,0,66,
2019,2019-01-01,2018-12-31,401083254,reg,0,1,2599,St. John's Red Storm,Big East,high,0,89,269,Marquette Golden Eagles,Big East,high,16,69,
2019,2019-01-02,2018-12-31,401082431,reg,0,1,120,Maryland Terrapins,Big Ten,power,0,74,158,Nebraska Cornhuskers,Big Ten,power,24,72,
2019,2019-01-02,2018-12-31,401082481,reg,0,1,127,Michigan State Spartans,Big Ten,power,8,81,77,Northwestern Wildcats,Big Ten,power,0,55,
2019,2019-01-02,2018-12-31,401082862,reg,0,0,153,North Carolina Tar Heels,ACC,power,15,77,108,Harvard Crimson,Ivy,mid,0,57,
2019,2019-01-02,2018-12-31,401083462,reg,0,1,277,West Virginia Mountaineers,Big 12,power,0,59,2641,Texas Tech Red Raiders,Big 12,power,11,62,
2019,2019-01-02,2018-12-31,401083544,reg,0,1,2305,Kansas Jayhawks,Big 12,power,5,70,201,Oklahoma Sooners,Big 12,power,23,63,
2019,2019-01-02,2018-12-31,401084749,reg,0,1,248,Houston Cougars,American,high,19,74,202,Tulsa Golden Hurricane,American,high,0,56,
2019,2019-01-02,2018-12-31,401089695,reg,0,1,2440,Nevada Wolf Pack,Mountain West,high,6,72,328,Utah State Aggies,Mountain West,high,0,49,
2019,2019-01-03,2018-12-31,401082344,reg,0,1,84,Indiana Hoosiers,Big Ten,power,21,73,356,Illinois Fighting Illini,Big Ten,power,0,65,
2019,2019-01-03,2018-12-31,401082403,reg,0,1,2509,Purdue Boilermakers,Big Ten,power,0,86,2294,Iowa Hawkeyes,Big Ten,power,25,70,
2019,2019-01-03,2018-12-31,401082458,reg,0,1,130,Michigan Wolverines,Big Ten,power,2,68,213,Penn State Nittany Lions,Big Ten,power,0,55,
2019,2019-01-03,2018-12-31,401082503,reg,0,1,275,Wisconsin Badgers,Big Ten,power,22,52,135,Minnesota Golden Gophers,Big Ten,power,0,59,
2019,2019-01-03,2018-12-31,401082848,reg,0,1,2390,Miami Hurricanes,ACC,power,0,82,152,NC State Wolfpack,ACC,power,18,87,
2019,2019-01-04,2018-12-31,401089181,reg,0,1,2199,Eastern Michigan Eagles,MAC,mid,0,58,2084,Buffalo Bulls,MAC,mid,20,74,
2019,2019-01-05,2018-12-31,401082482,reg,0,1,194,Ohio State Buckeyes,Big Ten,power,14,77,127,Michigan State Spartans,Big Ten,power,8,86,
2019,2019-01-05,2018-12-31,401082624,reg,0,1,259,Virginia Tech Hokies,ACC,power,10,77,103,Boston College Eagles,ACC,power,0,66,
2019,2019-01-05,2018-12-31,401082652,reg,0,1,150,Duke Blue Devils,ACC,power,1,87,228,Clemson Tigers,ACC,power,0,68,
2019,2019-01-05,2018-12-31,401082704,reg,0,1,258,Virginia Cavaliers,ACC,power,4,65,52,Florida State Seminoles,ACC,power,9,52,
2019,2019-01-05,2018-12-31,401082812,reg,0,1,221,Pittsburgh Panthers,ACC,power,0,60,153,North Carolina Tar Heels,ACC,power,15,85,
2019,2019-01-05,2018-12-31,401082957,reg,0,1,333,Alabama Crimson Tide,SEC,power,0,77,96,Kentucky Wildcats,SEC,power,13,75,
2019,2019-01-05,2018-12-31,401082982,reg,0,1,2633,Tennessee Volunteers,SEC,power,3,96,61,Georgia Bulldogs,SEC,power,0,50,
2019,2019-01-05,2018-12-31,401083411,reg,0,1,66,Iowa State Cyclones,Big 12,power,0,77,2305,Kansas Jayhawks,Big 12,power,5,60,
2019,2019-01-05,2018-12-31,401083435,reg,0,1,2641,Texas Tech Red Raiders,Big 12,power,11,63,2306,Kansas State Wildcats,Big 12,power,0,57,
2019,2019-01-05,2018-12-31,401083534,reg,0,1,201,Oklahoma Sooners,Big 12,power,23,74,197,Oklahoma State Cowboys,Big 12,power,0,64,
2019,2019-01-05,2018-12-31,401083636,reg,0,1,2250,Gonzaga Bulldogs,WCC,high,7,91,2541,Santa Clara Broncos,WCC,high,0,48,
2019,2019-01-05,2018-12-31,401089696,reg,0,1,167,New Mexico Lobos,Mountain West,high,0,85,2440,Nevada Wolf Pack,Mountain West,high,6,58,
2019,2019-01-06,2018-12-31,401082375,reg,0,1,130,Michigan Wolverines,Big Ten,power,2,74,84,Indiana Hoosiers,Big Ten,power,21,63,
2019,2019-01-06,2018-12-31,401082404,reg,0,1,2294,Iowa Hawkeyes,Big Ten,power,25,93,158,Nebraska Cornhuskers,Big Ten,power,24,84,
2019,2019-01-06,2018-12-31,401082574,reg,0,1,213,Penn State Nittany Lions,Big Ten,power,0,52,275,Wisconsin Badgers,Big Ten,power,22,71,
2019,2019-01-06,2018-12-31,401083255,reg,0,1,269,Marquette Golden Eagles,Big East,high,16,70,2752,Xavier Musketeers,Big East,high,0,52,
2019,2019-01-06,2018-12-31,401084756,reg,0,1,248,Houston Cougars,American,high,19,90,235,Memphis Tigers,American,high,0,77,
2019,2019-01-08,2019-01-07,401082483,reg,0,1,127,Michigan State Spartans,Big Ten,power,6,77,2509,Purdue Boilermakers,Big Ten,power,0,59,
2019,2019-01-08,2019-01-07,401082678,reg,0,1,154,Wake Forest Demon Deacons,ACC,power,0,65,150,Duke Blue Devils,ACC,power,1,87,
2019,2019-01-08,2019-01-07,401082849,reg,0,1,152,NC State Wolfpack,ACC,power,15,82,153,North Carolina Tar Heels,ACC,power,12,90,
2019,2019-01-08,2019-01-07,401082983,reg,0,1,142,Missouri Tigers,SEC,power,0,63,2633,Tennessee Volunteers,SEC,power,3,87,
2019,2019-01-08,2019-01-07,401083030,reg,0,1,2579,South Carolina Gamecocks,SEC,power,0,87,344,Mississippi State Bulldogs,SEC,power,14,82,
2019,2019-01-08,2019-01-07,401083132,reg,0,1,96,Kentucky Wildcats,SEC,power,18,85,245,Texas A&M Aggies,SEC,power,0,74,
2019,2019-01-08,2019-01-07,401083346,reg,0,1,222,Villanova Wildcats,Big East,high,0,76,2599,St. John's Red Storm,Big East,high,24,71,
2019,2019-01-08,2019-01-07,401083385,reg,0,1,239,Baylor Bears,Big 12,power,0,73,66,Iowa State Cyclones,Big 12,power,20,70,
2019,2019-01-08,2019-01-07,401083484,reg,0,1,2641,Texas Tech Red Raiders,Big 12,power,8,66,201,Oklahoma Sooners,Big 12,power,23,59,
2019,2019-01-08,2019-01-07,401087423,reg,0,1,2084,Buffalo Bulls,MAC,mid,19,110,2649,Toledo Rockets,MAC,mid,0,80,
2019,2019-01-09,2019-01-07,401082558,reg,0,1,164,Rutgers Scarlet Knights,Big Ten,power,0,64,194,Ohio State Buckeyes,Big Ten,power,16,61,
2019,2019-01-09,2019-01-07,401082625,reg,0,1,103,Boston College Eagles,ACC,power,0,56,258,Virginia Cavaliers,ACC,power,4,83,
2019,2019-01-09,2019-01-07,401082705,reg,0,1,52,Florida State Seminoles,ACC,power,13,68,2390,Miami Hurricanes,ACC,power,0,62,
2019,2019-01-09,2019-01-07,401082750,reg,0,1,59,Georgia Tech Yellow Jackets,ACC,power,0,49,259,Virginia Tech Hokies,ACC,power,9,52,
2019,2019-01-09,2019-01-07,401083095,reg,0,1,145,Ole Miss Rebels,SEC,power,0,82,2,Auburn Tigers,SEC,power,11,67,
2019,2019-01-09,2019-01-07,401083229,reg,0,1,156,Creighton Bluejays,Big East,high,0,104,269,Marquette Golden Eagles,Big East,high,21,106,
2019,2019-01-09,2019-01-07,401083520,reg,0,1,2305,Kansas Jayhawks,Big 12,power,7,77,2628,TCU Horned Frogs,Big 12,power,25,68,
2019,2019-01-09,2019-01-07,401084757,reg,0,1,218,Temple Owls,American,high,0,73,248,Houston Cougars,American,high,17,69,
2019,2019-01-09,2019-01-07,401089697,reg,0,1,2440,Nevada Wolf Pack,Mountain West,high,10,92,23,San José State Spartans,Mountain West,high,0,53,
2019,2019-01-10,2019-01-07,401082346,reg,0,1,356,Illinois Fighting Illini,Big Ten,power,0,69,130,Michigan Wolverines,Big Ten,power,2,79,
2019,2019-01-10,2019-01-07,401083637,reg,0,1,2250,Gonzaga Bulldogs,WCC,high,5,67,279,Pacific Tigers,WCC,high,0,36,
2019,2019-01-11,2019-01-07,401082376,reg,0,1,120,Maryland Terrapins,Big Ten,power,0,78,84,Indiana Hoosiers,Big Ten,power,22,75,
2019,2019-01-12,2019-01-07,401082406,reg,0,1,2294,Iowa Hawkeyes,Big Ten,power,0,72,194,Ohio State Buckeyes,Big Ten,power,16,62,
2019,2019-01-12,2019-01-07,401082654,reg,0,1,228,Clemson Tigers,ACC,power,0,43,258,Virginia Cavaliers,ACC,power,4,63,
2019,2019-01-12,2019-01-07,401082679,reg,0,1,52,Florida State Seminoles,ACC,power,13,78,150,Duke Blue Devils,ACC,power,1,80,
2019,2019-01-12,2019-01-07,401082814,reg,0,1,152,NC State Wolfpack,ACC,power,15,86,221,Pittsburgh Panthers,ACC,power,0,80,
2019,2019-01-12,2019-01-07,401082863,reg,0,1,153,North Carolina Tar Heels,ACC,power,12,62,97,Louisville Cardinals,ACC,power,0,83,
2019,2019-01-12,2019-01-07,401082931,reg,0,1,96,Kentucky Wildcats,SEC,power,18,56,238,Vanderbilt Commodores,SEC,power,0,47,
2019,2019-01-12,2019-01-07,401082984,reg,0,1,57,Florida Gators,SEC,power,0,67,2633,Tennessee Volunteers,SEC,power,3,78,
2019,2019-01-12,2019-01-07,401083074,reg,0,1,344,Mississippi State Bulldogs,SEC,power,14,77,145,Ole Miss Rebels,SEC,power,0,81,
2019,2019-01-12,2019-01-07,401083148,reg,0,1,2,Auburn Tigers,SEC,power,11,93,61,Georgia Bulldogs,SEC,power,0,78,
2019,2019-01-12,2019-01-07,401083256,reg,0,1,269,Marquette Golden Eagles,Big East,high,21,70,2550,Seton Hall Pirates,Big East,high,0,66,
2019,2019-01-12,2019-01-07,401083301,reg,0,1,2599,St. John's Red Storm,Big East,high,24,71,305,DePaul Blue Demons,Big East,high,0,79,
2019,2019-01-12,2019-01-07,401083386,reg,0,1,239,Baylor Bears,Big 12,power,0,68,2305,Kansas Jayhawks,Big 12,power,7,73,
2019,2019-01-12,2019-01-07,401083412,reg,0,1,66,Iowa State Cyclones,Big 12,power,20,57,2306,Kansas State Wildcats,Big 12,power,0,58,
2019,2019-01-12,2019-01-07,401083485,reg,0,1,251,Texas Longhorns,Big 12,power,0,62,2641,Texas Tech Red Raiders,Big 12,power,8,68,
2019,2019-01-12,2019-01-07,401083521,reg,0,1,201,Oklahoma Sooners,Big 12,power,23,76,2628,TCU Horned Frogs,Big 12,power,25,74,
2019,2019-01-12,2019-01-07,401083638,reg,0,1,2539,San Francisco Dons,WCC,high,0,83,2250,Gonzaga Bulldogs,WCC,high,5,96,
2019,2019-01-12,2019-01-07,401084763,reg,0,1,248,Houston Cougars,American,high,17,79,2724,Wichita State Shockers,American,high,0,70,
2019,2019-01-12,2019-01-07,401089552,reg,0,1,2084,Buffalo Bulls,MAC,mid,19,88,193,Miami (OH) Redhawks,MAC,mid,0,64,
2019,2019-01-12,2019-01-07,401089666,reg,0,1,278,Fresno State Bulldogs,Mountain West,high,0,64,2440,Nevada Wolf Pack,Mountain West,high,10,74,
2019,2019-01-13,2019-01-07,401082459,reg,0,1,130,Michigan Wolverines,Big Ten,power,2,80,77,Northwestern Wildcats,Big Ten,power,0,60,
2019,2019-01-13,2019-01-07,401082484,reg,0,1,213,Penn State Nittany Lions,Big Ten,power,0,56,127,Michigan State Spartans,Big Ten,power,6,71,
2019,2019-01-14,2019-01-14,401082377,reg,0,1,84,Indiana Hoosiers,Big Ten,power,25,51,158,Nebraska Cornhuskers,Big Ten,power,0,66,
2019,2019-01-14,2019-01-14,401082434,reg,0,1,120,Maryland Terrapins,Big Ten,power,19,64,275,Wisconsin Badgers,Big Ten,power,0,60,
2019,2019-01-14,2019-01-14,401082680,reg,0,1,150,Duke Blue Devils,ACC,power,1,91,183,Syracuse Orange,ACC,power,0,95,
2019,2019-01-14,2019-01-14,401082706,reg,0,1,221,Pittsburgh Panthers,ACC,power,0,75,52,Florida State Seminoles,ACC,power,11,62,
2019,2019-01-14,2019-01-14,401083502,reg,0,1,2305,Kansas Jayhawks,Big 12,power,7,80,251,Texas Longhorns,Big 12,power,0,78,
2019,2019-01-15,2019-01-14,401082730,reg,0,1,154,Wake Forest Demon Deacons,ACC,power,0,71,152,NC State Wolfpack,ACC,power,17,67,
2019,2019-01-15,2019-01-14,401082751,reg,0,1,258,Virginia Cavaliers,ACC,power,4,81,259,Virginia Tech Hokies,ACC,power,9,59,
2019,2019-01-15,2019-01-14,401082831,reg,0,1,153,North Carolina Tar Heels,ACC,power,13,75,87,Notre Dame Fighting Irish,ACC,power,0,69,
2019,2019-01-15,2019-01-14,401082985,reg,0,1,2633,Tennessee Volunteers,SEC,power,3,106,8,Arkansas Razorbacks,SEC,power,0,87,
2019,2019-01-15,2019-01-14,401083075,reg,0,1,344,Mississippi State Bulldogs,SEC,power,24,71,57,Florida Gators,SEC,power,0,68,
2019,2019-01-15,2019-01-14,401083096,reg,0,1,145,Ole Miss Rebels,SEC,power,18,69,99,LSU Tigers,SEC,power,0,83,
2019,2019-01-15,2019-01-14,401083133,reg,0,1,61,Georgia Bulldogs,SEC,power,0,49,96,Kentucky Wildcats,SEC,power,12,69,
2019,2019-01-15,2019-01-14,401083257,reg,0,1,46,Georgetown Hoyas,Big East,high,0,71,269,Marquette Golden Eagles,Big East,high,15,74,
2019,2019-01-15,2019-01-14,401087445,reg,0,1,2711,Western Michigan Broncos,MAC,mid,0,79,2084,Buffalo Bulls,MAC,mid,16,88,
2019,2019-01-15,2019-01-14,401089606,reg,0,1,68,Boise State Broncos,Mountain West,high,0,71,2440,Nevada Wolf Pack,Mountain West,high,10,72,
2019,2019-01-16,2019-01-14,401082407,reg,0,1,213,Penn State Nittany Lions,Big Ten,power,0,82,2294,Iowa Hawkeyes,Big Ten,power,23,89,
2019,2019-01-16,2019-01-14,401083173,reg,0,1,245,Texas A&M Aggies,SEC,power,0,66,2,Auburn Tigers,SEC,power,14,85,
2019,2019-01-16,2019-01-14,401083413,reg,0,1,2641,Texas Tech Red Raiders,Big 12,power,8,64,66,Iowa State Cyclones,Big 12,power,0,68,
2019,2019-01-16,2019-01-14,401083437,reg,0,1,201,Oklahoma Sooners,Big 12,power,20,61,2306,Kansas State Wildcats,Big 12,power,0,74,
2019,2019-01-16,2019-01-14,401084767,reg,0,1,2567,SMU Mustangs,American,high,0,58,248,Houston Cougars,American,high,21,69,
2019,2019-01-17,2019-01-14,401082485,reg,0,1,158,Nebraska Cornhuskers,Big Ten,power,0,64,127,Michigan State Spartans,Big Ten,power,6,70,
2019,2019-01-17,2019-01-14,401083639,reg,0,1,2250,Gonzaga Bulldogs,WCC,high,5,73,2351,Loyola Marymount Lions,WCC,high,0,55,
2019,2019-01-18,2019-01-14,401082435,reg,0,1,194,Ohio State Buckeyes,Big Ten,power,0,61,120,Maryland Terrapins,Big Ten,power,19,75,
2019,2019-01-18,2019-01-14,401083360,reg,0,1,222,Villanova Wildcats,Big East,high,22,85,2752,Xavier Musketeers,Big East,high,0,75,
2019,2019-01-18,2019-01-14,401089183,reg,0,1,2084,Buffalo Bulls,MAC,mid,16,77,2199,Eastern Michigan Eagles,MAC,mid,0,65,
2019,2019-01-19,2019-01-14,401082378,reg,0,1,2509,Purdue Boilermakers,Big Ten,power,0,70,84,Indiana Hoosiers,Big Ten,power,25,55,
2019,2019-01-19,2019-01-14,401082460,reg,0,1,275,Wisconsin Badgers,Big Ten,power,0,64,130,Michigan Wolverines,Big Ten,power,2,54,
2019,2019-01-19,2019-01-14,401082681,reg,0,1,150,Duke Blue Devils,ACC,power,1,72,258,Virginia Cavaliers,ACC,power,4,70,
2019,2019-01-19,2019-01-14,401082731,reg,0,1,259,Virginia Tech Hokies,ACC,power,9,87,154,Wake Forest Demon Deacons,ACC,power,0,71,
2019,2019-01-19,2019-01-14,401082832,reg,0,1,87,Notre Dame Fighting Irish,ACC,power,0,73,152,NC State Wolfpack,ACC,power,17,77,
2019,2019-01-19,2019-01-14,401082864,reg,0,1,2390,Miami Hurricanes,ACC,power,0,76,153,North Carolina Tar Heels,ACC,power,13,85,
2019,2019-01-19,2019-01-14,401082933,reg,0,1,238,Vanderbilt Commodores,SEC,power,0,55,344,Mississippi State Bulldogs,SEC,power,24,71,
2019,2019-01-19,2019-01-14,401082961,reg,0,1,2633,Tennessee Volunteers,SEC,power,3,71,333,Alabama Crimson Tide,SEC,power,0,68,
2019,2019-01-19,2019-01-14,401083010,reg,0,1,145,Ole Miss Rebels,SEC,power,18,84,8,Arkansas Razorbacks,SEC,power,0,67,
2019,2019-01-19,2019-01-14,401083134,reg,0,1,2,Auburn Tigers,SEC,power,14,80,96,Kentucky Wildcats,SEC,power,12,82,
2019,2019-01-19,2019-01-14,401083388,reg,0,1,239,Baylor Bears,Big 12,power,0,73,2641,Texas Tech Red Raiders,Big 12,power,8,62,
2019,2019-01-19,2019-01-14,401083466,reg,0,1,277,West Virginia Mountaineers,Big 12,power,0,65,2305,Kansas Jayhawks,Big 12,power,7,64,
2019,2019-01-19,2019-01-14,401083503,reg,0,1,251,Texas Longhorns,Big 12,power,0,75,201,Oklahoma Sooners,Big 12,power,20,72,
2019,2019-01-19,2019-01-14,401083640,reg,0,1,2501,Portland Pilots,WCC,high,0,66,2250,Gonzaga Bulldogs,WCC,high,5,89,
2019,2019-01-19,2019-01-14,401084773,reg,0,1,58,South Florida Bulls,American,high,0,60,248,Houston Cougars,American,high,21,69,
2019,2019-01-19,2019-01-14,401089568,reg,0,1,2440,Nevada Wolf Pack,Mountain West,high,10,67,2005,Air Force Falcons,Mountain West,high,0,52,
2019,2019-01-20,2019-01-14,401082348,reg,0,1,2294,Iowa Hawkeyes,Big Ten,power,23,95,356,Illinois Fighting Illini,Big Ten,power,0,71,
2019,2019-01-20,2019-01-14,401082628,reg,0,1,103,Boston College Eagles,ACC,power,0,87,52,Florida State Seminoles,ACC,power,11,82,
2019,2019-01-20,2019-01-14,401083258,reg,0,1,269,Marquette Golden Eagles,Big East,high,15,79,2507,Providence Friars,Big East,high,0,68,
2019,2019-01-21,2019-01-21,401082436,reg,0,1,127,Michigan State Spartans,Big Ten,power,6,69,120,Maryland Terrapins,Big Ten,power,13,55,
2019,2019-01-21,2019-01-21,401082752,reg,0,1,153,North Carolina Tar Heels,ACC,power,11,103,259,Virginia Tech Hokies,ACC,power,10,82,
2019,2019-01-21,2019-01-21,401083415,reg,0,1,2305,Kansas Jayhawks,Big 12,power,9,80,66,Iowa State Cyclones,Big 12,power,24,76,
2019,2019-01-22,2019-01-21,401082461,reg,0,1,130,Michigan Wolverines,Big Ten,power,5,59,135,Minnesota Golden Gophers,Big Ten,power,0,57,
2019,2019-01-22,2019-01-21,401082682,reg,0,1,221,Pittsburgh Panthers,ACC,power,0,64,150,Duke Blue Devils,ACC,power,2,79,
2019,2019-01-22,2019-01-21,401082732,reg,0,1,258,Virginia Cavaliers,ACC,power,3,68,154,Wake Forest Demon Deacons,ACC,power,0,45,
2019,2019-01-22,2019-01-21,401082962,reg,0,1,333,Alabama Crimson Tide,SEC,power,0,74,145,Ole Miss Rebels,SEC,power,20,53,
2019,2019-01-22,2019-01-21,401083033,reg,0,1,2579,South Carolina Gamecocks,SEC,power,0,80,2,Auburn Tigers,SEC,power,16,77,
2019,2019-01-22,2019-01-21,401083076,reg,0,1,96,Kentucky Wildcats,SEC,power,8,76,344,Mississippi State Bulldogs,SEC,power,22,55,
2019,2019-01-22,2019-01-21,401083207,reg,0,1,2086,Butler Bulldogs,Big East,high,0,72,222,Villanova Wildcats,Big East,high,18,80,
2019,2019-01-22,2019-01-21,401083439,reg,0,1,2306,Kansas State Wildcats,Big 12,power,0,58,2641,Texas Tech Red Raiders,Big 12,power,14,45,
2019,2019-01-22,2019-01-21,401087385,reg,0,1,2459,Northern Illinois Huskies,MAC,mid,0,77,2084,Buffalo Bulls,MAC,mid,14,75,
2019,2019-01-23,2019-01-21,401082934,reg,0,1,238,Vanderbilt Commodores,SEC,power,0,83,2633,Tennessee Volunteers,SEC,power,1,88,
2019,2019-01-23,2019-01-21,401083115,reg,0,1,99,LSU Tigers,SEC,power,25,92,61,Georgia Bulldogs,SEC,power,0,82,
2019,2019-01-23,2019-01-21,401083259,reg,0,1,269,Marquette Golden Eagles,Big East,high,12,79,305,DePaul Blue Demons,Big East,high,0,69,
2019,2019-01-23,2019-01-21,401084775,reg,0,1,248,Houston Cougars,American,high,17,94,151,East Carolina Pirates,American,high,0,50,
2019,2019-01-23,2019-01-21,401089652,reg,0,1,2440,Nevada Wolf Pack,Mountain West,high,7,100,36,Colorado State Rams,Mountain West,high,0,60,
2019,2019-01-24,2019-01-21,401082408,reg,0,1,2294,Iowa Hawkeyes,Big Ten,power,19,67,127,Michigan State Spartans,Big Ten,power,6,82,
2019,2019-01-24,2019-01-21,401082850,reg,0,1,97,Louisville Cardinals,ACC,power,23,84,152,NC State Wolfpack,ACC,power,21,77,
2019,2019-01-24,2019-01-21,401083641,reg,0,1,2541,Santa Clara Broncos,WCC,high,0,39,2250,Gonzaga Bulldogs,WCC,high,4,98,
2019,2019-01-25,2019-01-21,401082380,reg,0,1,84,Indiana Hoosiers,Big Ten,power,0,46,130,Michigan Wolverines,Big Ten,power,5,69,
2019,2019-01-25,2019-01-21,401089485,reg,0,1,2309,Kent State Golden Flashes,MAC,mid,0,79,2084,Buffalo Bulls,MAC,mid,14,88,
2019,2019-01-26,2019-01-21,401082350,reg,1,1,120,Maryland Terrapins,Big Ten,power,13,67,356,Illinois Fighting Illini,Big Ten,power,0,78,
2019,2019-01-26,2019-01-21,401082657,reg,0,1,152,NC State Wolfpack,ACC,power,21,69,228,Clemson Tigers,ACC,power,0,67,
2019,2019-01-26,2019-01-21,401082683,reg,0,1,150,Duke Blue Devils,ACC,power,2,66,59,Georgia Tech Yellow Jackets,ACC,power,0,53,
2019,2019-01-26,2019-01-21,401082753,reg,0,1,259,Virginia Tech Hokies,ACC,power,10,78,183,Syracuse Orange,ACC,power,0,56,
2019,2019-01-26,2019-01-21,401082771,reg,0,1,87,Notre Dame Fighting Irish,ACC,power,0,55,258,Virginia Cavaliers,ACC,power,3,82,
2019,2019-01-26,2019-01-21,401082815,reg,0,1,97,Louisville Cardinals,ACC,power,23,66,221,Pittsburgh Panthers,ACC,power,0,51,
2019,2019-01-26,2019-01-21,401082986,reg,0,0,2633,Tennessee Volunteers,SEC,power,1,83,277,West Virginia Mountaineers,Big 12,power,0,66,SEC/BIG 12 CHALLENGE
2019,2019-01-26,2019-01-21,401083012,reg,0,0,2641,Texas Tech Red Raiders,Big 12,power,14,67,8,Arkansas Razorbacks,SEC,power,0,64,SEC/BIG 12 CHALLENGE
2019,2019-01-26,2019-01-21,401083054,reg,0,1,142,Missouri Tigers,SEC,power,0,80,99,LSU Tigers,SEC,power,25,86,
2019,2019-01-26,2019-01-21,401083077,reg,0,1,344,Mississippi State Bulldogs,SEC,power,22,92,2,Auburn Tigers,SEC,power,16,84,
2019,2019-01-26,2019-01-21,401083097,reg,0,0,145,Ole Miss Rebels,SEC,power,20,73,66,Iowa State Cyclones,Big 12,power,24,87,SEC/BIG 12 CHALLENGE
2019,2019-01-26,2019-01-21,401083135,reg,0,0,96,Kentucky Wildcats,SEC,power,8,71,2305,Kansas Jayhawks,Big 12,power,9,63,SEC/BIG 12 CHALLENGE
2019,2019-01-26,2019-01-21,401083260,reg,0,1,2752,Xavier Musketeers,Big East,high,0,82,269,Marquette Golden Eagles,Big East,high,12,87,
2019,2019-01-27,2019-01-21,401082409,reg,0,1,135,Minnesota Golden Gophers,Big Ten,power,0,92,2294,Iowa Hawkeyes,Big Ten,power,19,87,
2019,2019-01-27,2019-01-21,401082486,reg,0,1,2509,Purdue Boilermakers,Big Ten,power,0,73,127,Michigan State Spartans,Big Ten,power,6,63,
2019,2019-01-27,2019-01-21,401083333,reg,0,1,222,Villanova Wildcats,Big East,high,18,80,2550,Seton Hall Pirates,Big East,high,0,52,
2019,2019-01-27,2019-01-21,401084782,reg,0,1,202,Tulsa Golden Hurricane,American,high,0,65,248,Houston Cougars,American,high,17,77,
2019,2019-01-28,2019-01-28,401082684,reg,0,1,87,Notre Dame Fighting Irish,ACC,power,0,61,150,Duke Blue Devils,ACC,power,2,83,
2019,2019-01-28,2019-01-28,401083486,reg,0,1,2641,Texas Tech Red Raiders,Big 12,power,16,84,2628,TCU Horned Frogs,Big 12,power,0,65,
2019,2019-01-29,2019-01-28,401082437,reg,0,1,120,Maryland Terrapins,Big Ten,power,21,70,77,Northwestern Wildcats,Big Ten,power,0,52,
2019,2019-01-29,2019-01-28,401082462,reg,0,1,130,Michigan Wolverines,Big Ten,power,5,65,194,Ohio State Buckeyes,Big Ten,power,0,49,
2019,2019-01-29,2019-01-28,401082525,reg,0,1,158,Nebraska Cornhuskers,Big Ten,power,0,51,275,Wisconsin Badgers,Big Ten,power,24,62,
2019,2019-01-29,2019-01-28,401082772,reg,0,1,152,NC State Wolfpack,ACC,power,23,65,258,Virginia Cavaliers,ACC,power,3,66,
2019,2019-01-29,2019-01-28,401082865,reg,0,1,59,Georgia Tech Yellow Jackets,ACC,power,0,54,153,North Carolina Tar Heels,ACC,power,9,77,
2019,2019-01-29,2019-01-28,401082936,reg,0,1,238,Vanderbilt Commodores,SEC,power,0,52,96,Kentucky Wildcats,SEC,power,7,87,
2019,2019-01-29,2019-01-28,401082964,reg,0,1,333,Alabama Crimson Tide,SEC,power,0,83,344,Mississippi State Bulldogs,SEC,power,22,79,
2019,2019-01-29,2019-01-28,401082987,reg,0,1,2579,South Carolina Gamecocks,SEC,power,0,70,2633,Tennessee Volunteers,SEC,power,1,92,
2019,2019-01-29,2019-01-28,401083505,reg,0,1,251,Texas Longhorns,Big 12,power,0,73,2305,Kansas Jayhawks,Big 12,power,11,63,
2019,2019-01-29,2019-01-28,401086250,reg,0,1,2084,Buffalo Bulls,MAC,mid,18,83,2050,Ball State Cardinals,MAC,mid,0,59,
2019,2019-01-29,2019-01-28,401089698,reg,0,1,2439,UNLV Rebels,Mountain West,high,0,70,2440,Nevada Wolf Pack,Mountain West,high,8,87,
2019,2019-01-30,2019-01-28,401082733,reg,0,1,154,Wake Forest Demon Deacons,ACC,power,0,54,97,Louisville Cardinals,ACC,power,15,82,
2019,2019-01-30,2019-01-28,401082754,reg,0,1,2390,Miami Hurricanes,ACC,power,0,70,259,Virginia Tech Hokies,ACC,power,12,82,
2019,2019-01-30,2019-01-28,401083116,reg,0,1,245,Texas A&M Aggies,SEC,power,0,57,99,LSU Tigers,SEC,power,19,72,
2019,2019-01-30,2019-01-28,401083209,reg,0,1,2086,Butler Bulldogs,Big East,high,0,58,269,Marquette Golden Eagles,Big East,high,10,76,
2019,2019-01-30,2019-01-28,401083304,reg,0,1,305,DePaul Blue Demons,Big East,high,0,74,222,Villanova Wildcats,Big East,high,14,86,
2019,2019-01-30,2019-01-28,401083416,reg,0,1,66,Iowa State Cyclones,Big 12,power,20,93,277,West Virginia Mountaineers,Big 12,power,0,68,
2019,2019-01-31,2019-01-28,401082576,reg,0,1,213,Penn State Nittany Lions,Big Ten,power,0,90,2509,Purdue Boilermakers,Big Ten,power,17,99,
2019,2019-01-31,2019-01-28,401083618,reg,0,1,252,BYU Cougars,WCC,high,0,63,2250,Gonzaga Bulldogs,WCC,high,4,93,
2019,2019-01-31,2019-01-28,401084786,reg,0,1,248,Houston Cougars,American,high,13,73,218,Temple Owls,American,high,0,66,
2019,2019-02-01,2019-01-28,401082410,reg,0,1,2294,Iowa Hawkeyes,Big Ten,power,0,74,130,Michigan Wolverines,Big Ten,power,5,59,
2019,2019-02-01,2019-01-28,401082438,reg,0,1,275,Wisconsin Badgers,Big Ten,power,24,69,120,Maryland Terrapins,Big Ten,power,21,61,
2019,2019-02-01,2019-01-28,401088407,reg,0,1,189,Bowling Green Falcons,MAC,mid,0,92,2084,Buffalo Bulls,MAC,mid,18,88,
2019,2019-02-02,2019-01-28,401082382,reg,0,1,127,Michigan State Spartans,Big Ten,power,6,75,84,Indiana Hoosiers,Big Ten,power,0,79,
2019,2019-02-02,2019-01-28,401082685,reg,0,0,150,Duke Blue Devils,ACC,power,2,91,2599,St. John's Red Storm,Big East,high,0,61,
2019,2019-02-02,2019-01-28,401082708,reg,0,1,52,Florida State Seminoles,ACC,power,25,59,59,Georgia Tech Yellow Jackets,ACC,power,0,49,
2019,2019-02-02,2019-01-28,401082755,reg,0,1,152,NC State Wolfpack,ACC,power,23,24,259,Virginia Tech Hokies,ACC,power,12,47,
2019,2019-02-02,2019-01-28,401082773,reg,0,1,258,Virginia Cavaliers,ACC,power,3,56,2390,Miami Hurricanes,ACC,power,0,46,
2019,2019-02-02,2019-01-28,401082866,reg,0,1,97,Louisville Cardinals,ACC,power,15,69,153,North Carolina Tar Heels,ACC,power,9,79,
2019,2019-02-02,2019-01-28,401082988,reg,0,1,245,Texas A&M Aggies,SEC,power,0,76,2633,Tennessee Volunteers,SEC,power,1,93,
2019,2019-02-02,2019-01-28,401083014,reg,0,1,99,LSU Tigers,SEC,power,19,89,8,Arkansas Razorbacks,SEC,power,0,90,
2019,2019-02-02,2019-01-28,401083078,reg,0,1,145,Ole Miss Rebels,SEC,power,0,75,344,Mississippi State Bulldogs,SEC,power,22,81,
2019,2019-02-02,2019-01-28,401083136,reg,0,1,57,Florida Gators,SEC,power,0,54,96,Kentucky Wildcats,SEC,power,7,65,
2019,2019-02-02,2019-01-28,401083417,reg,0,1,66,Iowa State Cyclones,Big 12,power,20,65,251,Texas Longhorns,Big 12,power,0,60,
2019,2019-02-02,2019-01-28,401083487,reg,0,1,2305,Kansas Jayhawks,Big 12,power,11,79,2641,Texas Tech Red Raiders,Big 12,power,16,63,
2019,2019-02-02,2019-01-28,401083642,reg,0,1,2250,Gonzaga Bulldogs,WCC,high,4,85,301,San Diego Toreros,WCC,high,0,69,
2019,2019-02-02,2019-01-28,401089610,reg,0,1,2440,Nevada Wolf Pack,Mountain West,high,8,93,68,Boise State Broncos,Mountain West,high,0,73,
2019,2019-02-03,2019-01-28,401082506,reg,0,1,2509,Purdue Boilermakers,Big Ten,power,17,73,135,Minnesota Golden Gophers,Big Ten,power,0,63,
2019,2019-02-03,2019-01-28,401083284,reg,0,1,222,Villanova Wildcats,Big East,high,14,77,46,Georgetown Hoyas,Big East,high,0,65,
2019,2019-02-04,2019-02-04,401082756,reg,0,1,259,Virginia Tech Hokies,ACC,power,11,64,97,Louisville Cardinals,ACC,power,16,72,
2019,2019-02-04,2019-02-04,401083418,reg,0,1,201,Oklahoma Sooners,Big 12,power,0,74,66,Iowa State Cyclones,Big 12,power,17,75,
2019,2019-02-04,2019-02-04,401083468,reg,0,1,2641,Texas Tech Red Raiders,Big 12,power,18,81,277,West Virginia Mountaineers,Big 12,power,0,50,
2019,2019-02-05,2019-02-04,401082353,reg,0,1,356,Illinois Fighting Illini,Big Ten,power,0,79,127,Michigan State Spartans,Big Ten,power,9,74,
2019,2019-02-05,2019-02-04,401082463,reg,0,1,164,Rutgers Scarlet Knights,Big Ten,power,0,65,130,Michigan Wolverines,Big Ten,power,7,77,
2019,2019-02-05,2019-02-04,401082632,reg,0,1,150,Duke Blue Devils,ACC,power,2,80,103,Boston College Eagles,ACC,power,0,55,
2019,2019-02-05,2019-02-04,401082709,reg,0,1,183,Syracuse Orange,ACC,power,0,62,52,Florida State Seminoles,ACC,power,22,80,
2019,2019-02-05,2019-02-04,401082851,reg,0,1,153,North Carolina Tar Heels,ACC,power,8,113,152,NC State Wolfpack,ACC,power,0,96,
2019,2019-02-05,2019-02-04,401083036,reg,0,1,96,Kentucky Wildcats,SEC,power,5,76,2579,South Carolina Gamecocks,SEC,power,0,48,
2019,2019-02-05,2019-02-04,401083261,reg,0,1,269,Marquette Golden Eagles,Big East,high,10,69,2599,St. John's Red Storm,Big East,high,0,70,
2019,2019-02-05,2019-02-04,401083442,reg,0,1,2306,Kansas State Wildcats,Big 12,power,0,74,2305,Kansas Jayhawks,Big 12,power,13,67,
2019,2019-02-05,2019-02-04,401083556,reg,0,1,2633,Tennessee Volunteers,SEC,power,1,72,142,Missouri Tigers,SEC,power,0,60,
2019,2019-02-06,2019-02-04,401082439,reg,0,1,158,Nebraska Cornhuskers,Big Ten,power,0,45,120,Maryland Terrapins,Big Ten,power,24,60,
2019,2019-02-06,2019-02-04,401082507,reg,0,1,135,Minnesota Golden Gophers,Big Ten,power,0,51,275,Wisconsin Badgers,Big Ten,power,19,56,
2019,2019-02-06,2019-02-04,401083079,reg,0,1,344,Mississippi State Bulldogs,SEC,power,0,88,99,LSU Tigers,SEC,power,21,92,
2019,2019-02-06,2019-02-04,401083235,reg,0,1,222,Villanova Wildcats,Big East,high,14,66,156,Creighton Bluejays,Big East,high,0,59,
2019,2019-02-06,2019-02-04,401089654,reg,0,1,36,Colorado State Rams,Mountain West,high,0,82,2440,Nevada Wolf Pack,Mountain West,high,6,98,
2019,2019-02-07,2019-02-04,401082383,reg,0,1,84,Indiana Hoosiers,Big Ten,power,0,72,2294,Iowa Hawkeyes,Big Ten,power,20,77,
2019,2019-02-07,2019-02-04,401083643,reg,0,1,2250,Gonzaga Bulldogs,WCC,high,4,92,2539,San Francisco Dons,WCC,high,0,62,
2019,2019-02-07,2019-02-04,401084792,reg,0,1,235,Memphis Tigers,American,high,0,64,2132,Cincinnati Bearcats,American,high,25,69,
2019,2019-02-07,2019-02-04,401084793,reg,0,1,2116,UCF Knights,American,high,0,68,248,Houston Cougars,American,high,12,77,
2019,2019-02-09,2019-02-04,401082464,reg,0,1,130,Michigan Wolverines,Big Ten,power,7,61,275,Wisconsin Badgers,Big Ten,power,19,52,
2019,2019-02-09,2019-02-04,401082487,reg,0,1,127,Michigan State Spartans,Big Ten,power,9,79,135,Minnesota Golden Gophers,Big Ten,power,0,55,
2019,2019-02-09,2019-02-04,401082526,reg,0,1,2509,Purdue Boilermakers,Big Ten,power,15,81,158,Nebraska Cornhuskers,Big Ten,power,0,62,
2019,2019-02-09,2019-02-04,401082661,reg,0,1,228,Clemson Tigers,ACC,power,0,59,259,Virginia Tech Hokies,ACC,power,11,51,
2019,2019-02-09,2019-02-04,401082686,reg,0,1,258,Virginia Cavaliers,ACC,power,3,71,150,Duke Blue Devils,ACC,power,2,81,
2019,2019-02-09,2019-02-04,401082710,reg,0,1,52,Florida State Seminoles,ACC,power,22,80,97,Louisville Cardinals,ACC,power,16,75,
2019,2019-02-09,2019-02-04,401082867,reg,0,1,153,North Carolina Tar Heels,ACC,power,8,88,2390,Miami Hurricanes,ACC,power,0,85,
2019,2019-02-09,2019-02-04,401083080,reg,0,1,344,Mississippi State Bulldogs,SEC,power,0,67,96,Kentucky Wildcats,SEC,power,5,71,
2019,2019-02-09,2019-02-04,401083117,reg,0,1,99,LSU Tigers,SEC,power,21,83,2,Auburn Tigers,SEC,power,0,78,
2019,2019-02-09,2019-02-04,401083262,reg,0,1,269,Marquette Golden Eagles,Big East,high,10,66,222,Villanova Wildcats,Big East,high,14,65,
2019,2019-02-09,2019-02-04,401083419,reg,0,1,66,Iowa State Cyclones,Big 12,power,17,83,2628,TCU Horned Frogs,Big 12,power,0,92,
2019,2019-02-09,2019-02-04,401083488,reg,0,1,201,Oklahoma Sooners,Big 12,power,0,54,2641,Texas Tech Red Raiders,Big 12,power,18,66,
2019,2019-02-09,2019-02-04,401083536,reg,0,1,2305,Kansas Jayhawks,Big 12,power,13,84,197,Oklahoma State Cowboys,Big 12,power,0,72,
2019,2019-02-09,2019-02-04,401083557,reg,0,1,2633,Tennessee Volunteers,SEC,power,1,73,57,Florida Gators,SEC,power,0,61,
2019,2019-02-09,2019-02-04,401083644,reg,0,1,2250,Gonzaga Bulldogs,WCC,high,4,94,2608,Saint Mary's Gaels,WCC,high,0,46,
2019,2019-02-09,2019-02-04,401088518,reg,0,1,2084,Buffalo Bulls,MAC,mid,23,90,2117,Central Michigan Chippewas,MAC,mid,0,76,
2019,2019-02-09,2019-02-04,401089699,reg,0,1,2440,Nevada Wolf Pack,Mountain West,high,6,91,167,New Mexico Lobos,Mountain West,high,0,62,
2019,2019-02-10,2019-02-04,401082411,reg,0,1,2294,Iowa Hawkeyes,Big Ten,power,20,80,77,Northwestern Wildcats,Big Ten,power,0,79,
2019,2019-02-10,2019-02-04,401084798,reg,0,1,248,Houston Cougars,American,high,12,65,2132,Cincinnati Bearcats,American,high,25,58,
2019,2019-02-11,2019-02-11,401082774,reg,0,1,153,North Carolina Tar Heels,ACC,power,8,61,258,Virginia Cavaliers,ACC,power,4,69,
2019,2019-02-11,2019-02-11,401083523,reg,0,1,2628,TCU Horned Frogs,Big 12,power,0,77,2305,Kansas Jayhawks,Big 12,power,14,82,
2019,2019-02-12,2019-02-11,401082440,reg,0,1,120,Maryland Terrapins,Big Ten,power,24,70,2509,Purdue Boilermakers,Big Ten,power,12,56,
2019,2019-02-12,2019-02-11,401082465,reg,0,1,213,Penn State Nittany Lions,Big Ten,power,0,75,130,Michigan Wolverines,Big Ten,power,6,69,
2019,2019-02-12,2019-02-11,401082488,reg,0,1,275,Wisconsin Badgers,Big Ten,power,20,59,127,Michigan State Spartans,Big Ten,power,11,67,
2019,2019-02-12,2019-02-11,401082687,reg,0,1,97,Louisville Cardinals,ACC,power,16,69,150,Duke Blue Devils,ACC,power,2,71,
2019,2019-02-12,2019-02-11,401083118,reg,0,1,96,Kentucky Wildcats,SEC,power,5,71,99,LSU Tigers,SEC,power,19,73,
2019,2019-02-12,2019-02-11,401083263,reg,0,1,305,DePaul Blue Demons,Big East,high,0,73,269,Marquette Golden Eagles,Big East,high,10,92,
2019,2019-02-12,2019-02-11,401083443,reg,0,1,251,Texas Longhorns,Big 12,power,0,64,2306,Kansas State Wildcats,Big 12,power,18,71,
2019,2019-02-12,2019-02-11,401084013,reg,0,1,2006,Akron Zips,MAC,mid,0,70,2084,Buffalo Bulls,MAC,mid,25,76,
2019,2019-02-13,2019-02-11,401082711,reg,0,1,52,Florida State Seminoles,ACC,power,17,88,154,Wake Forest Demon Deacons,ACC,power,0,66,
2019,2019-02-13,2019-02-11,401082757,reg,0,1,259,Virginia Tech Hokies,ACC,power,22,76,59,Georgia Tech Yellow Jackets,ACC,power,0,68,
2019,2019-02-13,2019-02-11,401083037,reg,0,1,2633,Tennessee Volunteers,SEC,power,1,85,2579,South Carolina Gamecocks,SEC,power,0,73,
2019,2019-02-13,2019-02-11,401083323,reg,0,1,222,Villanova Wildcats,Big East,high,13,85,2507,Providence Friars,Big East,high,0,67,
2019,2019-02-13,2019-02-11,401083489,reg,0,1,197,Oklahoma State Cowboys,Big 12,power,0,50,2641,Texas Tech Red Raiders,Big 12,power,15,78,
2019,2019-02-14,2019-02-11,401083645,reg,0,1,2351,Loyola Marymount Lions,WCC,high,0,60,2250,Gonzaga Bulldogs,WCC,high,3,73,
2019,2019-02-14,2019-02-11,401084632,reg,0,1,41,UConn Huskies,American,high,0,63,248,Houston Cougars,American,high,9,71,
2019,2019-02-15,2019-02-11,401087430,reg,0,1,2649,Toledo Rockets,MAC,mid,0,82,2084,Buffalo Bulls,MAC,mid,25,88,
2019,2019-02-16,2019-02-11,401082412,reg,0,1,164,Rutgers Scarlet Knights,Big Ten,power,0,69,2294,Iowa Hawkeyes,Big Ten,power,21,71,
2019,2019-02-16,2019-02-11,401082441,reg,0,1,130,Michigan Wolverines,Big Ten,power,6,65,120,Maryland Terrapins,Big Ten,power,24,52,
2019,2019-02-16,2019-02-11,401082577,reg,0,1,2509,Purdue Boilermakers,Big Ten,power,12,76,213,Penn State Nittany Lions,Big Ten,power,0,64,
2019,2019-02-16,2019-02-11,401082663,reg,0,1,97,Louisville Cardinals,ACC,power,16,56,228,Clemson Tigers,ACC,power,0,55,
2019,2019-02-16,2019-02-11,401082688,reg,0,1,150,Duke Blue Devils,ACC,power,2,94,152,NC State Wolfpack,ACC,power,0,78,
2019,2019-02-16,2019-02-11,401082712,reg,0,1,59,Georgia Tech Yellow Jackets,ACC,power,0,47,52,Florida State Seminoles,ACC,power,17,69,
2019,2019-02-16,2019-02-11,401082735,reg,0,1,154,Wake Forest Demon Deacons,ACC,power,0,57,153,North Carolina Tar Heels,ACC,power,8,95,
2019,2019-02-16,2019-02-11,401082758,reg,0,1,221,Pittsburgh Panthers,ACC,power,0,64,259,Virginia Tech Hokies,ACC,power,22,70,
2019,2019-02-16,2019-02-11,401082775,reg,0,1,258,Virginia Cavaliers,ACC,power,4,60,87,Notre Dame Fighting Irish,ACC,power,0,54,
2019,2019-02-16,2019-02-11,401082991,reg,0,1,96,Kentucky Wildcats,SEC,power,5,86,2633,Tennessee Volunteers,SEC,power,1,69,
2019,2019-02-16,2019-02-11,401083119,reg,0,1,61,Georgia Bulldogs,SEC,power,0,79,99,LSU Tigers,SEC,power,19,83,
2019,2019-02-16,2019-02-11,401083395,reg,0,1,2641,Texas Tech Red Raiders,Big 12,power,15,86,239,Baylor Bears,Big 12,power,0,61,
2019,2019-02-16,2019-02-11,401083420,reg,0,1,2306,Kansas State Wildcats,Big 12,power,18,64,66,Iowa State Cyclones,Big 12,power,23,78,
2019,2019-02-16,2019-02-11,401083470,reg,0,1,2305,Kansas Jayhawks,Big 12,power,14,78,277,West Virginia Mountaineers,Big 12,power,0,53,
2019,2019-02-16,2019-02-11,401083646,reg,0,1,301,San Diego Toreros,WCC,high,0,67,2250,Gonzaga Bulldogs,WCC,high,3,79,
2019,2019-02-16,2019-02-11,401089700,reg,0,1,2751,Wyoming Cowboys,Mountain West,high,0,49,2440,Nevada Wolf Pack,Mountain West,high,7,82,
2019,2019-02-17,2019-02-11,401082489,reg,0,1,127,Michigan State Spartans,Big Ten,power,11,62,194,Ohio State Buckeyes,Big Ten,power,0,44,
2019,2019-02-17,2019-02-11,401083347,reg,0,1,2599,St. John's Red Storm,Big East,high,0,71,222,Villanova Wildcats,Big East,high,13,65,
2019,2019-02-17,2019-02-11,401084808,reg,0,1,2655,Tulane Green Wave,American,high,0,50,248,Houston Cougars,American,high,9,85,
2019,2019-02-18,2019-02-18,401082356,reg,0,1,275,Wisconsin Badgers,Big Ten,power,22,64,356,Illinois Fighting Illini,Big Ten,power,0,58,
2019,2019-02-18,2019-02-18,401082759,reg,0,1,259,Virginia Tech Hokies,ACC,power,20,58,258,Virginia Cavaliers,ACC,power,3,64,
2019,2019-02-18,2019-02-18,401083444,reg,0,1,277,West Virginia Mountaineers,Big 12,power,0,51,2306,Kansas State Wildcats,Big 12,power,23,65,
2019,2019-02-19,2019-02-18,401082386,reg,0,1,84,Indiana Hoosiers,Big Ten,power,0,46,2509,Purdue Boilermakers,Big Ten,power,15,48,
2019,2019-02-19,2019-02-18,401082413,reg,0,1,2294,Iowa Hawkeyes,Big Ten,power,21,65,120,Maryland Terrapins,Big Ten,power,24,66,
2019,2019-02-19,2019-02-18,401082664,reg,0,1,228,Clemson Tigers,ACC,power,0,64,52,Florida State Seminoles,ACC,power,16,77,
2019,2019-02-19,2019-02-18,401082942,reg,0,1,2633,Tennessee Volunteers,SEC,power,5,58,238,Vanderbilt Commodores,SEC,power,0,46,
2019,2019-02-19,2019-02-18,401083058,reg,0,1,142,Missouri Tigers,SEC,power,0,58,96,Kentucky Wildcats,SEC,power,4,66,
2019,2019-02-19,2019-02-18,401083396,reg,0,1,66,Iowa State Cyclones,Big 12,power,19,69,239,Baylor Bears,Big 12,power,0,73,
2019,2019-02-19,2019-02-18,401087409,reg,0,1,2084,Buffalo Bulls,MAC,mid,25,114,195,Ohio Bobcats,MAC,mid,0,67,
2019,2019-02-20,2019-02-18,401082490,reg,0,1,127,Michigan State Spartans,Big Ten,power,10,71,164,Rutgers Scarlet Knights,Big Ten,power,0,60,
2019,2019-02-20,2019-02-18,401082689,reg,0,1,150,Duke Blue Devils,ACC,power,1,72,153,North Carolina Tar Heels,ACC,power,8,88,
2019,2019-02-20,2019-02-18,401082798,reg,0,1,183,Syracuse Orange,ACC,power,0,69,97,Louisville Cardinals,ACC,power,18,49,
2019,2019-02-20,2019-02-18,401083120,reg,0,1,99,LSU Tigers,SEC,power,13,77,57,Florida Gators,SEC,power,0,82,
2019,2019-02-20,2019-02-18,401083214,reg,0,1,269,Marquette Golden Eagles,Big East,high,11,79,2086,Butler Bulldogs,Big East,high,0,69,
2019,2019-02-20,2019-02-18,401083287,reg,0,1,46,Georgetown Hoyas,Big East,high,0,85,222,Villanova Wildcats,Big East,high,17,73,
2019,2019-02-20,2019-02-18,401089685,reg,0,1,21,San Diego State Aztecs,Mountain West,high,0,65,2440,Nevada Wolf Pack,Mountain West,high,6,57,
2019,2019-02-21,2019-02-18,401082466,reg,0,1,135,Minnesota Golden Gophers,Big Ten,power,0,60,130,Michigan Wolverines,Big Ten,power,7,69,
2019,2019-02-21,2019-02-18,401083647,reg,0,1,2250,Gonzaga Bulldogs,WCC,high,2,92,2492,Pepperdine Waves,WCC,high,0,64,
2019,2019-02-22,2019-02-18,401082387,reg,0,1,2294,Iowa Hawkeyes,Big Ten,power,21,76,84,Indiana Hoosiers,Big Ten,power,0,70,
2019,2019-02-22,2019-02-18,401089487,reg,0,1,2084,Buffalo Bulls,MAC,mid,25,80,2309,Kent State Golden Flashes,MAC,mid,0,57,
2019,2019-02-23,2019-02-18,401082442,reg,0,1,120,Maryland Terrapins,Big Ten,power,24,72,194,Ohio State Buckeyes,Big Ten,power,0,62,
2019,2019-02-23,2019-02-18,401082529,reg,0,1,158,Nebraska Cornhuskers,Big Ten,power,0,72,2509,Purdue Boilermakers,Big Ten,power,15,75,
2019,2019-02-23,2019-02-18,401082544,reg,0,1,77,Northwestern Wildcats,Big Ten,power,0,64,275,Wisconsin Badgers,Big Ten,power,22,69,
2019,2019-02-23,2019-02-18,401082690,reg,0,1,183,Syracuse Orange,ACC,power,0,65,150,Duke Blue Devils,ACC,power,1,75,
2019,2019-02-23,2019-02-18,401082713,reg,0,1,153,North Carolina Tar Heels,ACC,power,8,77,52,Florida State Seminoles,ACC,power,16,59,
2019,2019-02-23,2019-02-18,401082760,reg,0,1,87,Notre Dame Fighting Irish,ACC,power,0,59,259,Virginia Tech Hokies,ACC,power,20,67,
2019,2019-02-23,2019-02-18,401082776,reg,0,1,97,Louisville Cardinals,ACC,power,18,52,258,Virginia Cavaliers,ACC,power,3,64,
2019,2019-02-23,2019-02-18,401082992,reg,0,1,99,LSU Tigers,SEC,power,13,82,2633,Tennessee Volunteers,SEC,power,5,80,
2019,2019-02-23,2019-02-18,401083137,reg,0,1,96,Kentucky Wildcats,SEC,power,4,80,2,Auburn Tigers,SEC,power,0,53,
2019,2019-02-23,2019-02-18,401083264,reg,0,1,2507,Providence Friars,Big East,high,0,58,269,Marquette Golden Eagles,Big East,high,11,76,
2019,2019-02-23,2019-02-18,401083421,reg,0,1,2628,TCU Horned Frogs,Big 12,power,0,75,66,Iowa State Cyclones,Big 12,power,19,72,
2019,2019-02-23,2019-02-18,401083445,reg,0,1,2306,Kansas State Wildcats,Big 12,power,23,85,197,Oklahoma State Cowboys,Big 12,power,0,46,
2019,2019-02-23,2019-02-18,401083490,reg,0,1,2641,Texas Tech Red Raiders,Big 12,power,14,91,2305,Kansas Jayhawks,Big 12,power,12,62,
2019,2019-02-23,2019-02-18,401083625,reg,0,1,2250,Gonzaga Bulldogs,WCC,high,2,102,252,BYU Cougars,WCC,high,0,68,
2019,2019-02-23,2019-02-18,401084813,reg,0,1,248,Houston Cougars,American,high,9,71,58,South Florida Bulls,American,high,0,59,
2019,2019-02-23,2019-02-18,401089673,reg,0,1,2440,Nevada Wolf Pack,Mountain West,high,6,74,278,Fresno State Bulldogs,Mountain West,high,0,68,
2019,2019-02-24,2019-02-18,401082467,reg,0,1,130,Michigan Wolverines,Big Ten,power,7,70,127,Michigan State Spartans,Big Ten,power,10,77,
2019,2019-02-24,2019-02-18,401083361,reg,0,1,2752,Xavier Musketeers,Big East,high,0,66,222,Villanova Wildcats,Big East,high,17,54,
2019,2019-02-25,2019-02-25,401082714,reg,0,1,52,Florida State Seminoles,ACC,power,18,68,87,Notre Dame Fighting Irish,ACC,power,0,61,
2019,2019-02-25,2019-02-25,401083446,reg,0,1,2305,Kansas Jayhawks,Big 12,power,15,64,2306,Kansas State Wildcats,Big 12,power,16,49,
2019,2019-02-26,2019-02-25,401082388,reg,0,1,84,Indiana Hoosiers,Big Ten,power,0,75,275,Wisconsin Badgers,Big Ten,power,19,73,
2019,2019-02-26,2019-02-25,401082414,reg,0,1,194,Ohio State Buckeyes,Big Ten,power,0,90,2294,Iowa Hawkeyes,Big Ten,power,22,70,
2019,2019-02-26,2019-02-25,401082691,reg,0,1,259,Virginia Tech Hokies,ACC,power,20,77,150,Duke Blue Devils,ACC,power,3,72,
2019,2019-02-26,2019-02-25,401082799,reg,0,1,153,North Carolina Tar Heels,ACC,power,5,93,183,Syracuse Orange,ACC,power,0,85,
2019,2019-02-26,2019-02-25,401083019,reg,0,1,96,Kentucky Wildcats,SEC,power,4,70,8,Arkansas Razorbacks,SEC,power,0,66,
2019,2019-02-26,2019-02-25,401083121,reg,0,1,99,LSU Tigers,SEC,power,13,66,245,Texas A&M Aggies,SEC,power,0,55,
2019,2019-02-26,2019-02-25,401084017,reg,0,1,2084,Buffalo Bulls,MAC,mid,21,77,2006,Akron Zips,MAC,mid,0,64,
2019,2019-02-27,2019-02-25,401082358,reg,0,1,2509,Purdue Boilermakers,Big Ten,power,14,73,356,Illinois Fighting Illini,Big Ten,power,0,56,
2019,2019-02-27,2019-02-25,401082443,reg,0,1,213,Penn State Nittany Lions,Big Ten,power,0,78,120,Maryland Terrapins,Big Ten,power,17,61,
2019,2019-02-27,2019-02-25,401082777,reg,0,1,258,Virginia Cavaliers,ACC,power,2,81,59,Georgia Tech Yellow Jackets,ACC,power,0,51,
2019,2019-02-27,2019-02-25,401082993,reg,0,1,145,Ole Miss Rebels,SEC,power,0,71,2633,Tennessee Volunteers,SEC,power,7,73,
2019,2019-02-27,2019-02-25,401083265,reg,0,1,222,Villanova Wildcats,Big East,high,0,67,269,Marquette Golden Eagles,Big East,high,10,61,
2019,2019-02-27,2019-02-25,401083491,reg,0,1,2641,Texas Tech Red Raiders,Big 12,power,11,84,197,Oklahoma State Cowboys,Big 12,power,0,80,
2019,2019-02-27,2019-02-25,401084818,reg,0,1,151,East Carolina Pirates,American,high,0,65,248,Houston Cougars,American,high,8,99,
2019,2019-02-27,2019-02-25,401084820,reg,0,1,2567,SMU Mustangs,American,high,0,49,2132,Cincinnati Bearcats,American,high,23,52,
2019,2019-02-27,2019-02-25,401089701,reg,0,1,2440,Nevada Wolf Pack,Mountain West,high,12,89,2439,UNLV Rebels,Mountain West,high,0,73,
2019,2019-02-28,2019-02-25,401082468,reg,0,1,130,Michigan Wolverines,Big Ten,power,9,82,158,Nebraska Cornhuskers,Big Ten,power,0,53,
2019,2019-02-28,2019-02-25,401083648,reg,0,1,279,Pacific Tigers,WCC,high,0,66,2250,Gonzaga Bulldogs,WCC,high,1,86,
2019,2019-02-28,2019-02-25,401087074,reg,0,1,25,California Golden Bears,Pac-12,power,0,76,264,Washington Huskies,Pac-12,power,25,73,
2019,2019-02-28,2019-02-25,401088790,reg,0,1,236,Chattanooga Mocs,SoCon,mid,0,54,2747,Wofford Terriers,SoCon,mid,24,80,
2019,2019-03-01,2019-02-25,401089561,reg,0,1,193,Miami (OH) Redhawks,MAC,mid,0,69,2084,Buffalo Bulls,MAC,mid,21,77,
2019,2019-03-02,2019-02-25,401082389,reg,0,1,84,Indiana Hoosiers,Big Ten,power,0,63,127,Michigan State Spartans,Big Ten,power,6,62,
2019,2019-03-02,2019-02-25,401082415,reg,0,1,2294,Iowa Hawkeyes,Big Ten,power,22,72,164,Rutgers Scarlet Knights,Big Ten,power,0,86,
2019,2019-03-02,2019-02-25,401082562,reg,0,1,2509,Purdue Boilermakers,Big Ten,power,14,86,194,Ohio State Buckeyes,Big Ten,power,0,51,
2019,2019-03-02,2019-02-25,401082578,reg,0,1,275,Wisconsin Badgers,Big Ten,power,19,61,213,Penn State Nittany Lions,Big Ten,power,0,57,
2019,2019-03-02,2019-02-25,401082666,reg,0,1,228,Clemson Tigers,ACC,power,0,79,153,North Carolina Tar Heels,ACC,power,5,81,
2019,2019-03-02,2019-02-25,401082692,reg,0,1,150,Duke Blue Devils,ACC,power,3,87,2390,Miami Hurricanes,ACC,power,0,57,
2019,2019-03-02,2019-02-25,401082715,reg,0,1,52,Florida State Seminoles,ACC,power,18,78,152,NC State Wolfpack,ACC,power,0,73,
2019,2019-03-02,2019-02-25,401082778,reg,0,1,258,Virginia Cavaliers,ACC,power,2,73,221,Pittsburgh Panthers,ACC,power,0,49,
2019,2019-03-02,2019-02-25,401082971,reg,0,1,333,Alabama Crimson Tide,SEC,power,0,69,99,LSU Tigers,SEC,power,13,74,
2019,2019-03-02,2019-02-25,401082994,reg,0,1,2633,Tennessee Volunteers,SEC,power,7,71,96,Kentucky Wildcats,SEC,power,4,52,
2019,2019-03-02,2019-02-25,401083399,reg,0,1,2306,Kansas State Wildcats,Big 12,power,16,66,239,Baylor Bears,Big 12,power,0,60,
2019,2019-03-02,2019-02-25,401083492,reg,0,1,2628,TCU Horned Frogs,Big 12,power,0,66,2641,Texas Tech Red Raiders,Big 12,power,11,81,
2019,2019-03-02,2019-02-25,401083537,reg,0,1,197,Oklahoma State Cowboys,Big 12,power,0,67,2305,Kansas Jayhawks,Big 12,power,15,72,
2019,2019-03-02,2019-02-25,401083649,reg,0,1,2608,Saint Mary's Gaels,WCC,high,0,55,2250,Gonzaga Bulldogs,WCC,high,1,69,
2019,2019-03-02,2019-02-25,401084822,reg,0,1,248,Houston Cougars,American,high,8,64,2116,UCF Knights,American,high,0,69,
2019,2019-03-02,2019-02-25,401084823,reg,0,1,2132,Cincinnati Bearcats,American,high,23,71,235,Memphis Tigers,American,high,0,69,
2019,2019-03-02,2019-02-25,401088816,reg,0,1,2535,Samford Bulldogs,SoCon,mid,0,64,2747,Wofford Terriers,SoCon,mid,24,85,
2019,2019-03-02,2019-02-25,401089702,reg,0,1,328,Utah State Aggies,Mountain West,high,0,81,2440,Nevada Wolf Pack,Mountain West,high,12,76,
2019,2019-03-03,2019-02-25,401082444,reg,0,1,120,Maryland Terrapins,Big Ten,power,17,62,130,Michigan Wolverines,Big Ten,power,9,69,
2019,2019-03-03,2019-02-25,401083241,reg,0,1,269,Marquette Golden Eagles,Big East,high,10,60,156,Creighton Bluejays,Big East,high,0,66,
2019,2019-03-03,2019-02-25,401087146,reg,0,1,24,Stanford Cardinal,Pac-12,power,0,61,264,Washington Huskies,Pac-12,power,25,62,
2019,2019-03-04,2019-03-04,401082779,reg,0,1,183,Syracuse Orange,ACC,power,0,53,258,Virginia Cavaliers,ACC,power,2,79,
2019,2019-03-04,2019-03-04,401083447,reg,0,1,2628,TCU Horned Frogs,Big 12,power,0,52,2306,Kansas State Wildcats,Big 12,power,18,64,
2019,2019-03-04,2019-03-04,401083493,reg,0,1,2641,Texas Tech Red Raiders,Big 12,power,8,70,251,Texas Longhorns,Big 12,power,0,51,
2019,2019-03-05,2019-03-04,401082491,reg,0,1,127,Michigan State Spartans,Big Ten,power,9,91,158,Nebraska Cornhuskers,Big Ten,power,0,76,
2019,2019-03-05,2019-03-04,401082511,reg,0,1,135,Minnesota Golden Gophers,Big Ten,power,0,73,2509,Purdue Boilermakers,Big Ten,power,11,69,
2019,2019-03-05,2019-03-04,401082640,reg,0,1,103,Boston College Eagles,ACC,power,0,66,153,North Carolina Tar Heels,ACC,power,3,79,
2019,2019-03-05,2019-03-04,401082693,reg,0,1,150,Duke Blue Devils,ACC,power,4,71,154,Wake Forest Demon Deacons,ACC,power,0,70,
2019,2019-03-05,2019-03-04,401082716,reg,0,1,52,Florida State Seminoles,ACC,power,14,73,259,Virginia Tech Hokies,ACC,power,15,64,
2019,2019-03-05,2019-03-04,401082995,reg,0,1,2633,Tennessee Volunteers,SEC,power,5,71,344,Mississippi State Bulldogs,SEC,power,0,54,
2019,2019-03-05,2019-03-04,401083103,reg,0,1,145,Ole Miss Rebels,SEC,power,0,76,96,Kentucky Wildcats,SEC,power,6,80,
2019,2019-03-05,2019-03-04,401083546,reg,0,1,201,Oklahoma Sooners,Big 12,power,0,81,2305,Kansas Jayhawks,Big 12,power,13,68,
2019,2019-03-05,2019-03-04,401087412,reg,0,1,195,Ohio Bobcats,MAC,mid,0,79,2084,Buffalo Bulls,MAC,mid,19,82,
2019,2019-03-05,2019-03-04,401089599,reg,0,1,2005,Air Force Falcons,Mountain West,high,0,79,2440,Nevada Wolf Pack,Mountain West,high,17,90,
2019,2019-03-06,2019-03-04,401083122,reg,0,1,57,Florida Gators,SEC,power,0,78,99,LSU Tigers,SEC,power,10,79,
2019,2019-03-06,2019-03-04,401083266,reg,0,1,2550,Seton Hall Pirates,Big East,high,0,73,269,Marquette Golden Eagles,Big East,high,16,64,
2019,2019-03-07,2019-03-04,401082416,reg,0,1,275,Wisconsin Badgers,Big Ten,power,21,65,2294,Iowa Hawkeyes,Big Ten,power,0,45,
2019,2019-03-07,2019-03-04,401084829,reg,0,1,2116,UCF Knights,American,high,25,58,2132,Cincinnati Bearcats,American,high,20,55,
2019,2019-03-07,2019-03-04,401084830,reg,0,1,248,Houston Cougars,American,high,12,90,2567,SMU Mustangs,American,high,0,79,
2019,2019-03-08,2019-03-04,401082445,reg,0,1,120,Maryland Terrapins,Big Ten,power,24,69,135,Minnesota Golden Gophers,Big Ten,power,0,60,
2019,2019-03-08,2019-03-04,401082761,reg,0,1,259,Virginia Tech Hokies,ACC,power,15,84,2390,Miami Hurricanes,ACC,power,0,70,
2019,2019-03-08,2019-03-04,401088411,reg,0,1,2084,Buffalo Bulls,MAC,mid,19,84,189,Bowling Green Falcons,MAC,mid,0,73,
2019,2019-03-09,2019-03-04,401082469,reg,0,1,127,Michigan State Spartans,Big Ten,power,9,75,130,Michigan Wolverines,Big Ten,power,7,63,
2019,2019-03-09,2019-03-04,401082546,reg,0,1,77,Northwestern Wildcats,Big Ten,power,0,57,2509,Purdue Boilermakers,Big Ten,power,11,70,
2019,2019-03-09,2019-03-04,401082694,reg,0,1,153,North Carolina Tar Heels,ACC,power,3,79,150,Duke Blue Devils,ACC,power,4,70,
2019,2019-03-09,2019-03-04,401082717,reg,0,1,154,Wake Forest Demon Deacons,ACC,power,0,57,52,Florida State Seminoles,ACC,power,14,65,
2019,2019-03-09,2019-03-04,401082780,reg,0,1,258,Virginia Cavaliers,ACC,power,2,73,97,Louisville Cardinals,ACC,power,0,68,
2019,2019-03-09,2019-03-04,401082947,reg,0,1,99,LSU Tigers,SEC,power,10,80,238,Vanderbilt Commodores,SEC,power,0,59,
2019,2019-03-09,2019-03-04,401082996,reg,0,1,2,Auburn Tigers,SEC,power,0,84,2633,Tennessee Volunteers,SEC,power,5,80,
2019,2019-03-09,2019-03-04,401083138,reg,0,1,96,Kentucky Wildcats,SEC,power,6,66,57,Florida Gators,SEC,power,0,57,
2019,2019-03-09,2019-03-04,401083267,reg,0,1,269,Marquette Golden Eagles,Big East,high,16,84,46,Georgetown Hoyas,Big East,high,0,86,
2019,2019-03-09,2019-03-04,401083336,reg,0,1,2550,Seton Hall Pirates,Big East,high,0,79,222,Villanova Wildcats,Big East,high,23,75,
2019,2019-03-09,2019-03-04,401083401,reg,0,1,2305,Kansas Jayhawks,Big 12,power,13,78,239,Baylor Bears,Big 12,power,0,70,
2019,2019-03-09,2019-03-04,401083425,reg,0,1,66,Iowa State Cyclones,Big 12,power,0,73,2641,Texas Tech Red Raiders,Big 12,power,8,80,
2019,2019-03-09,2019-03-04,401083448,reg,0,1,2306,Kansas State Wildcats,Big 12,power,18,68,201,Oklahoma Sooners,Big 12,power,0,53,
2019,2019-03-09,2019-03-04,401084831,reg,0,1,218,Temple Owls,American,high,0,67,2116,UCF Knights,American,high,25,62,
2019,2019-03-09,2019-03-04,401089689,reg,0,1,2440,Nevada Wolf Pack,Mountain West,high,17,81,21,San Diego State Aztecs,Mountain West,high,0,53,
2019,2019-03-09,2019-03-04,401121612,reg,1,1,2747,Wofford Terriers,SoCon,mid,22,99,2678,VMI Keydets,SoCon,mid,0,72,SOCON MEN'S CHAMPIONSHIP - QUARTERFINAL
2019,2019-03-10,2019-03-04,401082563,reg,0,1,194,Ohio State Buckeyes,Big Ten,power,0,67,275,Wisconsin Badgers,Big Ten,power,21,73,
2019,2019-03-10,2019-03-04,401084834,reg,0,1,2132,Cincinnati Bearcats,American,high,20,69,248,Houston Cougars,American,high,12,85,
2019,2019-03-10,2019-03-04,401121616,reg,1,1,2747,Wofford Terriers,SoCon,mid,22,81,2193,East Tennessee State Buccaneers,SoCon,mid,0,72,SOCON MEN'S CHAMPIONSHIP - SEMIFINAL
2019,2019-03-11,2019-03-11,401121618,reg,1,1,2747,Wofford Terriers,SoCon,mid,20,70,2430,UNC Greensboro Spartans,SoCon,mid,0,58,SOCON MEN'S CHAMPIONSHIP - FINAL
2019,2019-03-11,2019-03-11,401121841,reg,1,1,2250,Gonzaga Bulldogs,WCC,high,1,100,2492,Pepperdine Waves,WCC,high,0,74,WEST COAST CONFERENCE MEN'S TOURNAMENT - SEMIFINAL
2019,2019-03-12,2019-03-11,401121840,reg,1,1,2250,Gonzaga Bulldogs,WCC,high,1,47,2608,Saint Mary's Gaels,WCC,high,0,60,WEST COAST CONFERENCE MEN'S TOURNAMENT - FINAL
2019,2019-03-13,2019-03-11,401120697,reg,1,1,259,Virginia Tech Hokies,ACC,power,16,71,2390,Miami Hurricanes,ACC,power,0,56,NEW YORK LIFE ACC MEN'S TOURNAMENT - 2ND ROUND
2019,2019-03-14,2019-03-11,401119813,reg,1,1,2,Auburn Tigers,SEC,power,22,81,142,Missouri Tigers,SEC,power,0,71,SEC MEN'S TOURNAMENT - 2ND ROUND
2019,2019-03-14,2019-03-11,401120700,reg,1,1,258,Virginia Cavaliers,ACC,power,2,76,152,NC State Wolfpack,ACC,power,0,56,NEW YORK LIFE ACC MEN'S TOURNAMENT - QUARTERFINAL
2019,2019-03-14,2019-03-11,401120701,reg,1,1,52,Florida State Seminoles,ACC,power,12,65,259,Virginia Tech Hokies,ACC,power,16,63,NEW YORK LIFE ACC MEN'S TOURNAMENT - QUARTERFINAL
2019,2019-03-14,2019-03-11,401120702,reg,1,1,153,North Carolina Tar Heels,ACC,power,3,83,97,Louisville Cardinals,ACC,power,0,70,NEW YORK LIFE ACC MEN'S TOURNAMENT - QUARTERFINAL
2019,2019-03-14,2019-03-11,401120703,reg,1,1,150,Duke Blue Devils,ACC,power,5,84,183,Syracuse Orange,ACC,power,0,72,NEW YORK LIFE ACC MEN'S TOURNAMENT - QUARTERFINAL
2019,2019-03-14,2019-03-11,401120721,reg,1,1,2306,Kansas State Wildcats,Big 12,power,15,70,2628,TCU Horned Frogs,Big 12,power,0,61,PHILLIPS 66 BIG 12 MEN'S CHAMPIONSHIP - QUARTERFINAL
2019,2019-03-14,2019-03-11,401120722,reg,1,1,2641,Texas Tech Red Raiders,Big 12,power,7,74,277,West Virginia Mountaineers,Big 12,power,0,79,PHILLIPS 66 BIG 12 MEN'S CHAMPIONSHIP - QUARTERFINAL
2019,2019-03-14,2019-03-11,401120723,reg,0,1,2305,Kansas Jayhawks,Big 12,power,17,65,251,Texas Longhorns,Big 12,power,0,57,PHILLIPS 66 BIG 12 MEN'S CHAMPIONSHIP - QUARTERFINAL
2019,2019-03-14,2019-03-11,401120730,reg,1,1,120,Maryland Terrapins,Big Ten,power,21,61,158,Nebraska Cornhuskers,Big Ten,power,0,69,BIG TEN MEN'S TOURNAMENT - 2ND ROUND
2019,2019-03-14,2019-03-11,401120742,reg,1,1,222,Villanova Wildcats,Big East,high,25,73,2507,Providence Friars,Big East,high,0,62,BIG EAST MEN'S CHAMPIONSHIP - QUARTERFINAL
2019,2019-03-14,2019-03-11,401120744,reg,1,1,269,Marquette Golden Eagles,Big East,high,23,86,2599,St. John's Red Storm,Big East,high,0,54,BIG EAST MEN'S CHAMPIONSHIP - QUARTERFINAL
2019,2019-03-14,2019-03-11,401121596,reg,1,1,2440,Nevada Wolf Pack,Mountain West,high,14,77,68,Boise State Broncos,Mountain West,high,0,69,MOUNTAIN WEST MEN'S CHAMPIONSHIP - QUARTERFINAL
2019,2019-03-14,2019-03-11,401121724,reg,1,1,2084,Buffalo Bulls,MAC,mid,18,82,2006,Akron Zips,MAC,mid,0,46,MAC TOURNAMENT PRES. BY VISIT MYRTLE BEACH - QUARTERFINAL
2019,2019-03-15,2019-03-11,401119816,reg,1,1,99,LSU Tigers,SEC,power,9,73,57,Florida Gators,SEC,power,0,76,SEC MEN'S TOURNAMENT - QUARTERFINAL
2019,2019-03-15,2019-03-11,401119817,reg,1,1,2579,South Carolina Gamecocks,SEC,power,0,64,2,Auburn Tigers,SEC,power,22,73,SEC MEN'S TOURNAMENT - QUARTERFINAL
2019,2019-03-15,2019-03-11,401119818,reg,1,1,2633,Tennessee Volunteers,SEC,power,8,83,344,Mississippi State Bulldogs,SEC,power,0,76,SEC MEN'S TOURNAMENT - QUARTERFINAL
2019,2019-03-15,2019-03-11,401119823,reg,1,1,96,Kentucky Wildcats,SEC,power,4,73,333,Alabama Crimson Tide,SEC,power,0,55,SEC MEN'S TOURNAMENT - QUARTERFINAL
2019,2019-03-15,2019-03-11,401120704,reg,1,1,258,Virginia Cavaliers,ACC,power,2,59,52,Florida State Seminoles,ACC,power,12,69,NEW YORK LIFE ACC MEN'S TOURNAMENT - SEMIFINAL
2019,2019-03-15,2019-03-11,401120705,reg,1,1,153,North Carolina Tar Heels,ACC,power,3,73,150,Duke Blue Devils,ACC,power,5,74,NEW YORK LIFE ACC MEN'S TOURNAMENT - SEMIFINAL
2019,2019-03-15,2019-03-11,401120711,reg,1,1,248,Houston Cougars,American,high,11,84,41,UConn Huskies,American,high,0,45,AIR FORCE RESERVE AMERICAN ATHLETIC CONFERENCE - QUARTERFINAL
2019,2019-03-15,2019-03-11,401120713,reg,1,1,2132,Cincinnati Bearcats,American,high,24,82,2567,SMU Mustangs,American,high,0,74,AIR FORCE RESERVE AMERICAN ATHLETIC CONFERENCE - QUARTERFINAL
2019,2019-03-15,2019-03-11,401120724,reg,1,1,2306,Kansas State Wildcats,Big 12,power,15,59,66,Iowa State Cyclones,Big 12,power,0,63,PHILLIPS 66 BIG 12 MEN'S CHAMPIONSHIP - SEMIFINAL
2019,2019-03-15,2019-03-11,401120725,reg,0,1,2305,Kansas Jayhawks,Big 12,power,17,88,277,West Virginia Mountaineers,Big 12,power,0,74,PHILLIPS 66 BIG 12 MEN'S CHAMPIONSHIP - SEMIFINAL
2019,2019-03-15,2019-03-11,401120733,reg,1,1,127,Michigan State Spartans,Big Ten,power,6,77,194,Ohio State Buckeyes,Big Ten,power,0,70,BIG TEN MEN'S TOURNAMENT - QUARTERFINAL
2019,2019-03-15,2019-03-11,401120734,reg,1,1,275,Wisconsin Badgers,Big Ten,power,19,66,158,Nebraska Cornhuskers,Big Ten,power,0,62,BIG TEN MEN'S TOURNAMENT - QUARTERFINAL
2019,2019-03-15,2019-03-11,401120735,reg,1,1,2509,Purdue Boilermakers,Big Ten,power,13,73,135,Minnesota Golden Gophers,Big Ten,power,0,75,BIG TEN MEN'S TOURNAMENT - QUARTERFINAL
2019,2019-03-15,2019-03-11,401120736,reg,1,1,130,Michigan Wolverines,Big Ten,power,10,74,2294,Iowa Hawkeyes,Big Ten,power,0,53,BIG TEN MEN'S TOURNAMENT - QUARTERFINAL
2019,2019-03-15,2019-03-11,401120746,reg,1,1,222,Villanova Wildcats,Big East,high,25,71,2752,Xavier Musketeers,Big East,high,0,67,BIG EAST MEN'S CHAMPIONSHIP - SEMIFINAL
2019,2019-03-15,2019-03-11,401120747,reg,1,1,269,Marquette Golden Eagles,Big East,high,23,79,2550,Seton Hall Pirates,Big East,high,0,81,BIG EAST MEN'S CHAMPIONSHIP - SEMIFINAL
2019,2019-03-15,2019-03-11,401121600,reg,1,1,2440,Nevada Wolf Pack,Mountain West,high,14,56,21,San Diego State Aztecs,Mountain West,high,0,65,MOUNTAIN WEST MEN'S CHAMPIONSHIP - SEMIFINAL
2019,2019-03-15,2019-03-11,401121722,reg,1,1,2084,Buffalo Bulls,MAC,mid,18,85,2117,Central Michigan Chippewas,MAC,mid,0,81,MAC TOURNAMENT PRES. BY VISIT MYRTLE BEACH - SEMIFINAL
2019,2019-03-16,2019-03-11,401119820,reg,1,1,2,Auburn Tigers,SEC,power,22,65,57,Florida Gators,SEC,power,0,62,SEC MEN'S TOURNAMENT - SEMIFINAL
2019,2019-03-16,2019-03-11,401119821,reg,1,1,96,Kentucky Wildcats,SEC,power,4,78,2633,Tennessee Volunteers,SEC,power,8,82,SEC MEN'S TOURNAMENT - SEMIFINAL
2019,2019-03-16,2019-03-11,401120706,reg,1,1,150,Duke Blue Devils,ACC,power,5,73,52,Florida State Seminoles,ACC,power,12,63,NEW YORK LIFE ACC MEN'S TOURNAMENT - FINAL
2019,2019-03-16,2019-03-11,401120715,reg,1,1,248,Houston Cougars,American,high,11,61,235,Memphis Tigers,American,high,0,58,AIR FORCE RESERVE AMERICAN ATHLETIC CONFERENCE - SEMIFINAL
2019,2019-03-16,2019-03-11,401120716,reg,1,1,2132,Cincinnati Bearcats,American,high,24,66,2724,Wichita State Shockers,American,high,0,63,AIR FORCE RESERVE AMERICAN ATHLETIC CONFERENCE - SEMIFINAL
2019,2019-03-16,2019-03-11,401120726,reg,0,1,2305,Kansas Jayhawks,Big 12,power,17,66,66,Iowa State Cyclones,Big 12,power,0,78,PHILLIPS 66 BIG 12 MEN'S CHAMPIONSHIP - FINAL
2019,2019-03-16,2019-03-11,401120737,reg,1,1,127,Michigan State Spartans,Big Ten,power,6,67,275,Wisconsin Badgers,Big Ten,power,19,55,BIG TEN MEN'S TOURNAMENT - SEMIFINAL
2019,2019-03-16,2019-03-11,401120738,reg,1,1,130,Michigan Wolverines,Big Ten,power,10,76,135,Minnesota Golden Gophers,Big Ten,power,0,49,BIG TEN MEN'S TOURNAMENT - SEMIFINAL
2019,2019-03-16,2019-03-11,401120748,reg,1,1,222,Villanova Wildcats,Big East,high,25,74,2550,Seton Hall Pirates,Big East,high,0,72,BIG EAST MEN'S CHAMPIONSHIP - FINAL
2019,2019-03-16,2019-03-11,401121721,reg,1,1,2084,Buffalo Bulls,MAC,mid,18,87,189,Bowling Green Falcons,MAC,mid,0,73,MAC TOURNAMENT PRES. BY VISIT MYRTLE BEACH - FINAL
2019,2019-03-17,2019-03-11,401119822,reg,1,1,2633,Tennessee Volunteers,SEC,power,8,64,2,Auburn Tigers,SEC,power,22,84,SEC MEN'S TOURNAMENT - FINAL
2019,2019-03-17,2019-03-11,401120717,reg,1,1,248,Houston Cougars,American,high,11,57,2132,Cincinnati Bearcats,American,high,24,69,AIR FORCE RESERVE AMERICAN ATHLETIC CONFERENCE - FINAL
2019,2019-03-17,2019-03-11,401120739,reg,1,1,127,Michigan State Spartans,Big Ten,power,6,65,130,Michigan Wolverines,Big Ten,power,10,60,BIG TEN MEN'S TOURNAMENT - FINAL
2019,2019-03-19,2019-03-18,401123378,ncaa,1,0,2504,Prairie View A&M Panthers,SWAC,mid,16,76,161,Fairleigh Dickinson Knights,NEC,mid,16,82,MEN'S BASKETBALL CHAMPIONSHIP - WEST REGION - FIRST FOUR
2019,2019-03-19,2019-03-18,401123380,ncaa,1,0,2057,Belmont Bruins,OVC,mid,11,81,218,Temple Owls,American,high,11,70,MEN'S BASKETBALL CHAMPIONSHIP - EAST REGION - FIRST FOUR
2019,2019-03-20,2019-03-18,401123377,ncaa,1,0,9,Arizona State Sun Devils,Pac-12,power,11,74,2599,St. John's Red Storm,Big East,high,11,65,MEN'S BASKETBALL CHAMPIONSHIP - WEST REGION - FIRST FOUR
2019,2019-03-20,2019-03-18,401123379,ncaa,1,0,2449,North Dakota State Bison,Summit,mid,16,78,2428,North Carolina Central Eagles,MEAC,mid,16,74,MEN'S BASKETBALL CHAMPIONSHIP - EAST REGION - FIRST FOUR
2019,2019-03-21,2019-03-18,401123393,ncaa,1,0,52,Florida State Seminoles,ACC,power,4,76,261,Vermont Catamounts,Am. East,mid,13,69,MEN'S BASKETBALL CHAMPIONSHIP - WEST REGION - 1ST ROUND
2019,2019-03-21,2019-03-18,401123394,ncaa,1,0,269,Marquette Golden Eagles,Big East,high,5,64,93,Murray State Racers,OVC,mid,12,83,MEN'S BASKETBALL CHAMPIONSHIP - WEST REGION - 1ST ROUND
2019,2019-03-21,2019-03-18,401123395,ncaa,1,0,183,Syracuse Orange,ACC,power,8,69,239,Baylor Bears,Big 12,power,9,78,MEN'S BASKETBALL CHAMPIONSHIP - WEST REGION - 1ST ROUND
2019,2019-03-21,2019-03-18,401123396,ncaa,1,0,2250,Gonzaga Bulldogs,WCC,high,1,87,161,Fairleigh Dickinson Knights,NEC,mid,16,49,MEN'S BASKETBALL CHAMPIONSHIP - WEST REGION - 1ST ROUND
2019,2019-03-21,2019-03-18,401123399,ncaa,1,0,2509,Purdue Boilermakers,Big Ten,power,3,61,295,Old Dominion Monarchs,CUSA,mid,14,48,MEN'S BASKETBALL CHAMPIONSHIP - SOUTH REGION - 1ST ROUND
2019,2019-03-21,2019-03-18,401123400,ncaa,1,0,222,Villanova Wildcats,Big East,high,6,61,2608,Saint Mary's Gaels,WCC,high,11,57,MEN'S BASKETBALL CHAMPIONSHIP - SOUTH REGION - 1ST ROUND
2019,2019-03-21,2019-03-18,401123401,ncaa,1,0,2305,Kansas Jayhawks,Big 12,power,4,87,111,Northeastern Huskies,CAA,mid,13,53,MEN'S BASKETBALL CHAMPIONSHIP - MIDWEST REGION - 1ST ROUND
2019,2019-03-21,2019-03-18,401123402,ncaa,1,0,2,Auburn Tigers,SEC,power,5,78,166,New Mexico State Aggies,WAC,mid,12,77,MEN'S BASKETBALL CHAMPIONSHIP - MIDWEST REGION - 1ST ROUND
2019,2019-03-21,2019-03-18,401123403,ncaa,1,0,96,Kentucky Wildcats,SEC,power,2,79,2000,Abilene Christian Wildcats,Southland,mid,15,44,MEN'S BASKETBALL CHAMPIONSHIP - MIDWEST REGION - 1ST ROUND
2019,2019-03-21,2019-03-18,401123404,ncaa,1,0,2747,Wofford Terriers,SoCon,mid,7,84,2550,Seton Hall Pirates,Big East,high,10,68,MEN'S BASKETBALL CHAMPIONSHIP - MIDWEST REGION - 1ST ROUND
2019,2019-03-21,2019-03-18,401123405,ncaa,1,0,130,Michigan Wolverines,Big Ten,power,2,74,149,Montana Grizzlies,Big Sky,mid,15,55,MEN'S BASKETBALL CHAMPIONSHIP - WEST REGION - 1ST ROUND
2019,2019-03-21,2019-03-18,401123406,ncaa,1,0,2440,Nevada Wolf Pack,Mountain West,high,7,61,57,Florida Gators,SEC,power,10,70,MEN'S BASKETBALL CHAMPIONSHIP - WEST REGION - 1ST ROUND
2019,2019-03-21,2019-03-18,401123435,ncaa,1,0,127,Michigan State Spartans,Big Ten,power,2,76,71,Bradley Braves,MVC,mid,15,65,MEN'S BASKETBALL CHAMPIONSHIP - EAST REGION - 1ST ROUND
2019,2019-03-21,2019-03-18,401123436,ncaa,1,0,97,Louisville Cardinals,ACC,power,7,76,135,Minnesota Golden Gophers,Big Ten,power,10,86,MEN'S BASKETBALL CHAMPIONSHIP - EAST REGION - 1ST ROUND
2019,2019-03-21,2019-03-18,401123437,ncaa,1,0,120,Maryland Terrapins,Big Ten,power,6,79,2057,Belmont Bruins,OVC,mid,11,77,MEN'S BASKETBALL CHAMPIONSHIP - EAST REGION - 1ST ROUND
2019,2019-03-21,2019-03-18,401123438,ncaa,1,0,99,LSU Tigers,SEC,power,3,79,43,Yale Bulldogs,Ivy,mid,14,74,MEN'S BASKETBALL CHAMPIONSHIP - EAST REGION - 1ST ROUND
2019,2019-03-22,2019-03-18,401123397,ncaa,1,0,2633,Tennessee Volunteers,SEC,power,2,77,2142,Colgate Raiders,Patriot,mid,15,70,MEN'S BASKETBALL CHAMPIONSHIP - SOUTH REGION - 1ST ROUND
2019,2019-03-22,2019-03-18,401123398,ncaa,1,0,2132,Cincinnati Bearcats,American,high,7,72,2294,Iowa Hawkeyes,Big Ten,power,10,79,MEN'S BASKETBALL CHAMPIONSHIP - SOUTH REGION - 1ST ROUND
2019,2019-03-22,2019-03-18,401123407,ncaa,1,0,2641,Texas Tech Red Raiders,Big 12,power,3,72,94,Northern Kentucky Norse,Horizon,mid,14,57,MEN'S BASKETBALL CHAMPIONSHIP - WEST REGION - 1ST ROUND
2019,2019-03-22,2019-03-18,401123408,ncaa,1,0,2084,Buffalo Bulls,MAC,mid,6,91,9,Arizona State Sun Devils,Pac-12,power,11,74,MEN'S BASKETBALL CHAMPIONSHIP - WEST REGION - 1ST ROUND
2019,2019-03-22,2019-03-18,401123409,ncaa,1,0,2306,Kansas State Wildcats,Big 12,power,4,64,300,UC Irvine Anteaters,Big West,mid,13,70,MEN'S BASKETBALL CHAMPIONSHIP - SOUTH REGION - 1ST ROUND
2019,2019-03-22,2019-03-18,401123410,ncaa,1,0,275,Wisconsin Badgers,Big Ten,power,5,54,2483,Oregon Ducks,Pac-12,power,12,72,MEN'S BASKETBALL CHAMPIONSHIP - SOUTH REGION - 1ST ROUND
2019,2019-03-22,2019-03-18,401123411,ncaa,1,0,145,Ole Miss Rebels,SEC,power,8,72,201,Oklahoma Sooners,Big 12,power,9,95,MEN'S BASKETBALL CHAMPIONSHIP - SOUTH REGION - 1ST ROUND
2019,2019-03-22,2019-03-18,401123412,ncaa,1,0,258,Virginia Cavaliers,ACC,power,1,71,2241,Gardner-Webb Runnin' Bulldogs,Big South,mid,16,56,MEN'S BASKETBALL CHAMPIONSHIP - SOUTH REGION - 1ST ROUND
2019,2019-03-22,2019-03-18,401123413,ncaa,1,0,248,Houston Cougars,American,high,3,84,2247,Georgia State Panthers,Sun Belt,mid,14,55,MEN'S BASKETBALL CHAMPIONSHIP - MIDWEST REGION - 1ST ROUND
2019,2019-03-22,2019-03-18,401123414,ncaa,1,0,66,Iowa State Cyclones,Big 12,power,6,59,194,Ohio State Buckeyes,Big Ten,power,11,62,MEN'S BASKETBALL CHAMPIONSHIP - MIDWEST REGION - 1ST ROUND
2019,2019-03-22,2019-03-18,401123415,ncaa,1,0,328,Utah State Aggies,Mountain West,high,8,61,264,Washington Huskies,Pac-12,power,9,78,MEN'S BASKETBALL CHAMPIONSHIP - MIDWEST REGION - 1ST ROUND
2019,2019-03-22,2019-03-18,401123416,ncaa,1,0,153,North Carolina Tar Heels,ACC,power,1,88,314,Iona Gaels,MAAC,mid,16,73,MEN'S BASKETBALL CHAMPIONSHIP - MIDWEST REGION - 1ST ROUND
2019,2019-03-22,2019-03-18,401123417,ncaa,1,0,259,Virginia Tech Hokies,ACC,power,4,66,139,Saint Louis Billikens,A-10,high,13,52,MEN'S BASKETBALL CHAMPIONSHIP - EAST REGION - 1ST ROUND
2019,2019-03-22,2019-03-18,401123418,ncaa,1,0,344,Mississippi State Bulldogs,SEC,power,5,76,2335,Liberty Flames,ASUN,mid,12,80,MEN'S BASKETBALL CHAMPIONSHIP - EAST REGION - 1ST ROUND
2019,2019-03-22,2019-03-18,401123419,ncaa,1,0,2670,VCU Rams,A-10,high,8,58,2116,UCF Knights,American,high,9,73,MEN'S BASKETBALL CHAMPIONSHIP - EAST REGION - 1ST ROUND
2019,2019-03-22,2019-03-18,401123420,ncaa,1,0,150,Duke Blue Devils,ACC,power,1,85,2449,North Dakota State Bison,Summit,mid,16,62,MEN'S BASKETBALL CHAMPIONSHIP - EAST REGION - 1ST ROUND
2019,2019-03-23,2019-03-18,401123421,ncaa,1,0,130,Michigan Wolverines,Big Ten,power,2,64,57,Florida Gators,SEC,power,10,49,MEN'S BASKETBALL CHAMPIONSHIP - WEST REGION - 2ND ROUND
2019,2019-03-23,2019-03-18,401123429,ncaa,1,0,2250,Gonzaga Bulldogs,WCC,high,1,83,239,Baylor Bears,Big 12,power,9,71,MEN'S BASKETBALL CHAMPIONSHIP - WEST REGION - 2ND ROUND
2019,2019-03-23,2019-03-18,401123430,ncaa,1,0,52,Florida State Seminoles,ACC,power,4,90,93,Murray State Racers,OVC,mid,12,62,MEN'S BASKETBALL CHAMPIONSHIP - WEST REGION - 2ND ROUND
2019,2019-03-23,2019-03-18,401123432,ncaa,1,0,2509,Purdue Boilermakers,Big Ten,power,3,87,222,Villanova Wildcats,Big East,high,6,61,MEN'S BASKETBALL CHAMPIONSHIP - SOUTH REGION - 2ND ROUND
2019,2019-03-23,2019-03-18,401123433,ncaa,1,0,96,Kentucky Wildcats,SEC,power,2,62,2747,Wofford Terriers,SoCon,mid,7,56,MEN'S BASKETBALL CHAMPIONSHIP - MIDWEST REGION - 2ND ROUND
2019,2019-03-23,2019-03-18,401123434,ncaa,1,0,2305,Kansas Jayhawks,Big 12,power,4,75,2,Auburn Tigers,SEC,power,5,89,MEN'S BASKETBALL CHAMPIONSHIP - MIDWEST REGION - 2ND ROUND
2019,2019-03-23,2019-03-18,401123439,ncaa,1,0,127,Michigan State Spartans,Big Ten,power,2,70,135,Minnesota Golden Gophers,Big Ten,power,10,50,MEN'S BASKETBALL CHAMPIONSHIP - EAST REGION - 2ND ROUND
2019,2019-03-23,2019-03-18,401123440,ncaa,1,0,99,LSU Tigers,SEC,power,3,69,120,Maryland Terrapins,Big Ten,power,6,67,MEN'S BASKETBALL CHAMPIONSHIP - EAST REGION - 2ND ROUND
2019,2019-03-24,2019-03-18,401123422,ncaa,1,0,2641,Texas Tech Red Raiders,Big 12,power,3,78,2084,Buffalo Bulls,MAC,mid,6,58,MEN'S BASKETBALL CHAMPIONSHIP - WEST REGION - 2ND ROUND
2019,2019-03-24,2019-03-18,401123423,ncaa,1,0,2633,Tennessee Volunteers,SEC,power,2,83,2294,Iowa Hawkeyes,Big Ten,power,10,77,MEN'S BASKETBALL CHAMPIONSHIP - SOUTH REGION - 2ND ROUND
2019,2019-03-24,2019-03-18,401123424,ncaa,1,0,258,Virginia Cavaliers,ACC,power,1,63,201,Oklahoma Sooners,Big 12,power,9,51,MEN'S BASKETBALL CHAMPIONSHIP - SOUTH REGION - 2ND ROUND
2019,2019-03-24,2019-03-18,401123425,ncaa,1,0,248,Houston Cougars,American,high,3,74,194,Ohio State Buckeyes,Big Ten,power,11,59,MEN'S BASKETBALL CHAMPIONSHIP - MIDWEST REGION - 2ND ROUND
2019,2019-03-24,2019-03-18,401123426,ncaa,1,0,153,North Carolina Tar Heels,ACC,power,1,81,264,Washington Huskies,Pac-12,power,9,59,MEN'S BASKETBALL CHAMPIONSHIP - MIDWEST REGION - 2ND ROUND
2019,2019-03-24,2019-03-18,401123427,ncaa,1,0,150,Duke Blue Devils,ACC,power,1,77,2116,UCF Knights,American,high,9,76,MEN'S BASKETBALL CHAMPIONSHIP - EAST REGION - 2ND ROUND
2019,2019-03-24,2019-03-18,401123428,ncaa,1,0,259,Virginia Tech Hokies,ACC,power,4,67,2335,Liberty Flames,ASUN,mid,12,58,MEN'S BASKETBALL CHAMPIONSHIP - EAST REGION - 2ND ROUND
2019,2019-03-24,2019-03-18,401123431,ncaa,1,0,2483,Oregon Ducks,Pac-12,power,12,73,300,UC Irvine Anteaters,Big West,mid,13,54,MEN'S BASKETBALL CHAMPIONSHIP - SOUTH REGION - 2ND ROUND
2019,2019-03-28,2019-03-25,401123381,ncaa,1,0,258,Virginia Cavaliers,ACC,power,1,53,2483,Oregon Ducks,Pac-12,power,12,49,MEN'S BASKETBALL CHAMPIONSHIP - SOUTH REGION - SWEET 16
2019,2019-03-28,2019-03-25,401123382,ncaa,1,0,2633,Tennessee Volunteers,SEC,power,2,94,2509,Purdue Boilermakers,Big Ten,power,3,99,MEN'S BASKETBALL CHAMPIONSHIP - SOUTH REGION - SWEET 16
2019,2019-03-28,2019-03-25,401123385,ncaa,1,0,130,Michigan Wolverines,Big Ten,power,2,44,2641,Texas Tech Red Raiders,Big 12,power,3,63,MEN'S BASKETBALL CHAMPIONSHIP - WEST REGION - SWEET 16
2019,2019-03-28,2019-03-25,401123386,ncaa,1,0,2250,Gonzaga Bulldogs,WCC,high,1,72,52,Florida State Seminoles,ACC,power,4,58,MEN'S BASKETBALL CHAMPIONSHIP - WEST REGION - SWEET 16
2019,2019-03-29,2019-03-25,401123388,ncaa,1,0,150,Duke Blue Devils,ACC,power,1,75,259,Virginia Tech Hokies,ACC,power,4,73,MEN'S BASKETBALL CHAMPIONSHIP - EAST REGION - SWEET 16
2019,2019-03-29,2019-03-25,401123389,ncaa,1,0,127,Michigan State Spartans,Big Ten,power,2,80,99,LSU Tigers,SEC,power,3,63,MEN'S BASKETBALL CHAMPIONSHIP - EAST REGION - SWEET 16
2019,2019-03-29,2019-03-25,401123391,ncaa,1,0,96,Kentucky Wildcats,SEC,power,2,62,248,Houston Cougars,American,high,3,58,MEN'S BASKETBALL CHAMPIONSHIP - MIDWEST REGION - SWEET 16
2019,2019-03-29,2019-03-25,401123392,ncaa,1,0,153,North Carolina Tar Heels,ACC,power,1,80,2,Auburn Tigers,SEC,power,5,97,MEN'S BASKETBALL CHAMPIONSHIP - MIDWEST REGION - SWEET 16
2019,2019-03-30,2019-03-25,401123383,ncaa,1,0,258,Virginia Cavaliers,ACC,power,1,80,2509,Purdue Boilermakers,Big Ten,power,3,75,MEN'S BASKETBALL CHAMPIONSHIP - SOUTH REGION - ELITE 8
2019,2019-03-30,2019-03-25,401123384,ncaa,1,0,2250,Gonzaga Bulldogs,WCC,high,1,69,2641,Texas Tech Red Raiders,Big 12,power,3,75,MEN'S BASKETBALL CHAMPIONSHIP - WEST REGION - ELITE 8
2019,2019-03-31,2019-03-25,401123387,ncaa,1,0,150,Duke Blue Devils,ACC,power,1,67,127,Michigan State Spartans,Big Ten,power,2,68,MEN'S BASKETBALL CHAMPIONSHIP - EAST REGION - ELITE 8
2019,2019-03-31,2019-03-25,401123390,ncaa,1,0,96,Kentucky Wildcats,SEC,power,2,71,2,Auburn Tigers,SEC,power,5,77,MEN'S BASKETBALL CHAMPIONSHIP - MIDWEST REGION - ELITE 8
2019,2019-04-06,2019-04-01,401123375,ncaa,1,0,258,Virginia Cavaliers,ACC,power,1,63,2,Auburn Tigers,SEC,power,5,62,MEN'S BASKETBALL CHAMPIONSHIP - FINAL FOUR
2019,2019-04-06,2019-04-01,401123376,ncaa,1,0,127,Michigan State Spartans,Big Ten,power,2,51,2641,Texas Tech Red Raiders,Big 12,power,3,61,MEN'S BASKETBALL CHAMPIONSHIP - FINAL FOUR
2019,2019-04-08,2019-04-08,401123374,ncaa,1,0,258,Virginia Cavaliers,ACC,power,1,85,2641,Texas Tech Red Raiders,Big 12,power,3,77,MEN'S BASKETBALL CHAMPIONSHIP - NATIONAL CHAMPIONSHIP
