season,date,week_monday,game_id,kind,neutral,conf_game,home_id,home,home_conf,home_tier,home_rank,home_score,away_id,away,away_conf,away_tier,away_rank,away_score,notes
2018,2017-11-10,2017-11-06,400986021,reg,0,0,153,North Carolina Tar Heels,ACC,power,9,86,2460,Northern Iowa Panthers,MVC,mid,0,69,
2018,2017-11-10,2017-11-06,400986023,reg,1,0,26,UCLA Bruins,Pac-12,power,21,63,59,Georgia Tech Yellow Jackets,ACC,power,0,60,
2018,2017-11-10,2017-11-06,400986320,reg,0,0,150,Duke Blue Devils,ACC,power,1,97,2210,Elon Phoenix,CAA,mid,0,68,
2018,2017-11-10,2017-11-06,400986324,reg,0,0,127,Michigan State Spartans,Big Ten,power,2,98,2454,North Florida Ospreys,ASUN,mid,0,66,
2018,2017-11-10,2017-11-06,400986325,reg,0,0,135,Minnesota Golden Gophers,Big Ten,power,15,92,2908,South Carolina Upstate Spartans,ASUN,mid,0,77,
2018,2017-11-10,2017-11-06,400986326,reg,0,0,77,Northwestern Wildcats,Big Ten,power,19,79,2352,Loyola Maryland Greyhounds,Patriot,mid,0,75,
2018,2017-11-10,2017-11-06,400986329,reg,0,0,2509,Purdue Boilermakers,Big Ten,power,20,105,2565,SIU Edwardsville Cougars,OVC,mid,0,74,
2018,2017-11-10,2017-11-06,400986704,reg,0,0,2390,Miami Hurricanes,ACC,power,13,77,2241,Gardner-Webb Runnin' Bulldogs,Big South,mid,0,45,
2018,2017-11-10,2017-11-06,400986877,reg,0,0,2250,Gonzaga Bulldogs,WCC,high,18,97,2640,Texas Southern Tigers,SWAC,mid,0,69,
2018,2017-11-10,2017-11-06,400987146,reg,1,0,277,West Virginia Mountaineers,Big 12,power,11,65,245,Texas A&M Aggies,SEC,power,25,88,ARMED FORCES CLASSIC
2018,2017-11-10,2017-11-06,400987153,reg,0,0,96,Kentucky Wildcats,SEC,power,5,73,3084,Utah Valley Wolverines,WAC,mid,0,63,
2018,2017-11-10,2017-11-06,400987825,reg,0,0,2132,Cincinnati Bearcats,American,high,12,107,2542,Savannah State Tigers,MEAC,mid,0,77,CAYMAN ISLANDS CLASSIC - CAMPUS GAME
2018,2017-11-10,2017-11-06,400987931,reg,0,0,2724,Wichita State Shockers,American,high,7,109,140,Kansas City Roos,WAC,mid,0,57,
2018,2017-11-10,2017-11-06,400988189,reg,0,0,12,Arizona Wildcats,Pac-12,power,3,101,2464,Northern Arizona Lumberjacks,Big Sky,mid,0,67,
2018,2017-11-10,2017-11-06,400988193,reg,0,0,30,USC Trojans,Pac-12,power,10,84,2239,Cal State Fullerton Titans,Big West,mid,0,42,
2018,2017-11-10,2017-11-06,400988408,reg,0,0,2550,Seton Hall Pirates,Big East,high,23,90,161,Fairleigh Dickinson Knights,NEC,mid,0,68,NIT SEASON TIP-OFF - CAMPUS GAME
2018,2017-11-10,2017-11-06,400988411,reg,0,0,2752,Xavier Musketeers,Big East,high,17,101,2413,Morehead State Eagles,OVC,mid,0,49,
2018,2017-11-10,2017-11-06,400988413,reg,0,0,222,Villanova Wildcats,Big East,high,6,75,171,Columbia Lions,Ivy,mid,0,60,
2018,2017-11-10,2017-11-06,400988882,reg,0,0,239,Baylor Bears,Big 12,power,24,107,2110,Central Arkansas Bears,Southland,mid,0,66,HALL OF FAME CLASSIC - CAMPUS GAME
2018,2017-11-10,2017-11-06,400989174,reg,0,0,2305,Kansas Jayhawks,Big 12,power,4,92,2634,Tennessee State Tigers,OVC,mid,0,56,
2018,2017-11-11,2017-11-06,400986048,reg,0,0,150,Duke Blue Devils,ACC,power,1,99,3084,Utah Valley Wolverines,WAC,mid,0,69,
2018,2017-11-11,2017-11-06,400986049,reg,0,0,305,DePaul Blue Demons,Big East,high,0,58,87,Notre Dame Fighting Irish,ACC,power,14,72,
2018,2017-11-11,2017-11-06,400990710,reg,0,0,2608,Saint Mary's Gaels,WCC,high,22,85,2598,St. Francis (PA) Red Flash,NEC,mid,0,68,
2018,2017-11-12,2017-11-06,400986050,reg,0,0,2390,Miami Hurricanes,ACC,power,13,89,2426,Navy Midshipmen,Patriot,mid,0,55,
2018,2017-11-12,2017-11-06,400986340,reg,0,0,2509,Purdue Boilermakers,Big Ten,power,20,111,2130,Chicago State Cougars,WAC,mid,0,42,BATTLE 4 ATLANTIS - CAMPUS GAME
2018,2017-11-12,2017-11-06,400986687,reg,0,0,97,Louisville Cardinals,ACC,power,16,72,2244,George Mason Patriots,A-10,high,0,61,
2018,2017-11-12,2017-11-06,400987159,reg,0,0,96,Kentucky Wildcats,SEC,power,5,73,261,Vermont Catamounts,Am. East,mid,0,69,
2018,2017-11-12,2017-11-06,400988199,reg,0,0,12,Arizona Wildcats,Pac-12,power,3,103,2378,UMBC Retrievers,Am. East,mid,0,78,BATTLE 4 ATLANTIS - CAMPUS GAME
2018,2017-11-12,2017-11-06,400988417,reg,0,0,2550,Seton Hall Pirates,Big East,high,23,75,2405,Monmouth Hawks,MAAC,mid,0,65,NIT SEASON TIP-OFF - CAMPUS GAME
2018,2017-11-13,2017-11-13,400986052,reg,0,0,87,Notre Dame Fighting Irish,ACC,power,13,88,116,Mount St. Mary's Mountaineers,NEC,mid,0,62,MAUI ON THE MAINLAND
2018,2017-11-13,2017-11-13,400986346,reg,0,0,77,Northwestern Wildcats,Big Ten,power,20,75,2612,Saint Peter's Peacocks,MAAC,mid,0,66,BASKETBALL HALL OF FAME TIP-OFF - CAMPUS GAME
2018,2017-11-13,2017-11-13,400986347,reg,0,0,2507,Providence Friars,Big East,high,0,74,135,Minnesota Golden Gophers,Big Ten,power,14,86,GAVITT TIPOFF GAMES
2018,2017-11-13,2017-11-13,400987164,reg,0,0,57,Florida Gators,SEC,power,8,116,2241,Gardner-Webb Runnin' Bulldogs,Big South,mid,0,74,
2018,2017-11-13,2017-11-13,400987936,reg,0,0,2132,Cincinnati Bearcats,American,high,12,102,2717,Western Carolina Catamounts,SoCon,mid,0,51,
2018,2017-11-13,2017-11-13,400987940,reg,0,0,2724,Wichita State Shockers,American,high,6,81,232,Charleston Cougars,CAA,mid,0,63,
2018,2017-11-13,2017-11-13,400988204,reg,0,0,30,USC Trojans,Pac-12,power,10,75,2449,North Dakota State Bison,Summit,mid,0,65,
2018,2017-11-13,2017-11-13,400988421,reg,0,0,2752,Xavier Musketeers,Big East,high,15,101,2520,Rider Broncs,MAAC,mid,0,75,CONTINENTAL TIRE LAS VEGAS INVITATIONAL - CAMPUS GAME
2018,2017-11-13,2017-11-13,400988893,reg,0,0,239,Baylor Bears,Big 12,power,25,70,357,Texas A&M-Corpus Christi Islanders,Southland,mid,0,46,
2018,2017-11-13,2017-11-13,400997653,reg,0,0,2608,Saint Mary's Gaels,WCC,high,21,92,166,New Mexico State Aggies,WAC,mid,0,74,
2018,2017-11-14,2017-11-13,400986058,reg,1,0,127,Michigan State Spartans,Big Ten,power,2,81,150,Duke Blue Devils,ACC,power,1,88,STATE FARM CHAMPIONS CLASSIC
2018,2017-11-14,2017-11-13,400986348,reg,0,0,269,Marquette Golden Eagles,Big East,high,0,71,2509,Purdue Boilermakers,Big Ten,power,19,86,GAVITT TIPOFF GAMES
2018,2017-11-14,2017-11-13,400986878,reg,0,0,2250,Gonzaga Bulldogs,WCC,high,17,106,47,Howard Bison,MEAC,mid,0,69,
2018,2017-11-14,2017-11-13,400987167,reg,1,0,2305,Kansas Jayhawks,Big 12,power,4,65,96,Kentucky Wildcats,SEC,power,7,61,STATE FARM CHAMPIONS CLASSIC
2018,2017-11-14,2017-11-13,400988423,reg,0,0,222,Villanova Wildcats,Big East,high,5,113,2447,Nicholls Colonels,Southland,mid,0,77,
2018,2017-11-15,2017-11-13,400986059,reg,0,0,153,North Carolina Tar Heels,ACC,power,9,93,2083,Bucknell Bison,Patriot,mid,0,81,PK80 - CAMPUS GAME
2018,2017-11-15,2017-11-13,400986351,reg,0,0,135,Minnesota Golden Gophers,Big Ten,power,14,107,315,Niagara Purple Eagles,MAAC,mid,0,81,
2018,2017-11-15,2017-11-13,400986352,reg,0,0,77,Northwestern Wildcats,Big Ten,power,20,88,156,Creighton Bluejays,Big East,high,0,92,GAVITT TIPOFF GAMES
2018,2017-11-15,2017-11-13,400986353,reg,0,0,2550,Seton Hall Pirates,Big East,high,22,84,84,Indiana Hoosiers,Big Ten,power,0,68,GAVITT TIPOFF GAMES
2018,2017-11-15,2017-11-13,400988209,reg,0,0,26,UCLA Bruins,Pac-12,power,23,106,2110,Central Arkansas Bears,Southland,mid,0,101,HALL OF FAME CLASSIC - CAMPUS GAME
2018,2017-11-15,2017-11-13,400989275,reg,0,0,277,West Virginia Mountaineers,Big 12,power,24,98,44,American University Eagles,Patriot,mid,0,64,
2018,2017-11-15,2017-11-13,400992445,reg,0,0,2608,Saint Mary's Gaels,WCC,high,21,76,2239,Cal State Fullerton Titans,Big West,mid,0,57,
2018,2017-11-16,2017-11-13,400986063,reg,0,0,87,Notre Dame Fighting Irish,ACC,power,13,105,2130,Chicago State Cougars,WAC,mid,0,66,
2018,2017-11-16,2017-11-13,400986358,reg,0,0,275,Wisconsin Badgers,Big Ten,power,0,70,2752,Xavier Musketeers,Big East,high,15,80,GAVITT TIPOFF GAMES
2018,2017-11-16,2017-11-13,400986700,reg,0,0,2390,Miami Hurricanes,ACC,power,11,90,50,Florida A&M Rattlers,MEAC,mid,0,59,
2018,2017-11-16,2017-11-13,400987174,reg,0,0,57,Florida Gators,SEC,power,8,108,2454,North Florida Ospreys,ASUN,mid,0,68,
2018,2017-11-16,2017-11-13,400987948,reg,0,0,2132,Cincinnati Bearcats,American,high,12,97,2154,Coppin State Eagles,MEAC,mid,0,54,
2018,2017-11-16,2017-11-13,400988211,reg,0,0,12,Arizona Wildcats,Pac-12,power,3,91,2934,Cal State Bakersfield Roadrunners,WAC,mid,0,59,
2018,2017-11-17,2017-11-13,400986066,reg,0,0,150,Duke Blue Devils,ACC,power,1,78,2582,Southern Jaguars,SWAC,mid,0,61,
2018,2017-11-17,2017-11-13,400986067,reg,0,0,97,Louisville Cardinals,ACC,power,18,87,2437,Omaha Mavericks,Summit,mid,0,78,
2018,2017-11-17,2017-11-13,400987175,reg,0,0,245,Texas A&M Aggies,SEC,power,16,84,2540,UC Santa Barbara Gauchos,Big West,mid,0,65,LEGENDS CLASSIC - REGIONAL GAME
2018,2017-11-17,2017-11-13,400987177,reg,0,0,96,Kentucky Wildcats,SEC,power,7,78,2193,East Tennessee State Buccaneers,SoCon,mid,0,61,ADOLPH RUPP CLASSIC
2018,2017-11-17,2017-11-13,400988216,reg,0,0,26,UCLA Bruins,Pac-12,power,23,96,2569,South Carolina State Bulldogs,MEAC,mid,0,68,HALL OF FAME CLASSIC - CAMPUS GAME
2018,2017-11-17,2017-11-13,400988425,reg,1,0,222,Villanova Wildcats,Big East,high,5,104,322,Lafayette Leopards,Patriot,mid,0,57,
2018,2017-11-17,2017-11-13,400989128,reg,0,0,239,Baylor Bears,Big 12,power,25,78,2016,Alcorn State Braves,SWAC,mid,0,61,HALL OF FAME CLASSIC - CAMPUS GAME
2018,2017-11-17,2017-11-13,400989175,reg,0,0,2305,Kansas Jayhawks,Big 12,power,4,98,2571,South Dakota State Jackrabbits,Summit,mid,0,64,
2018,2017-11-18,2017-11-13,400986363,reg,1,0,77,Northwestern Wildcats,Big Ten,power,20,82,2325,La Salle Explorers,A-10,high,0,74,BASKETBALL HALL OF FAME TIP-OFF
2018,2017-11-18,2017-11-13,400986364,reg,0,0,2509,Purdue Boilermakers,Big Ten,power,19,106,2217,Fairfield Stags,MAAC,mid,0,64,
2018,2017-11-18,2017-11-13,400986879,reg,0,0,2250,Gonzaga Bulldogs,WCC,high,17,79,328,Utah State Aggies,Mountain West,high,0,66,
2018,2017-11-18,2017-11-13,400988488,reg,0,0,2550,Seton Hall Pirates,Big East,high,22,82,2885,NJIT Highlanders,ASUN,mid,0,53,
2018,2017-11-18,2017-11-13,400989276,reg,0,0,277,West Virginia Mountaineers,Big 12,power,24,111,2415,Morgan State Bears,MEAC,mid,0,48,
2018,2017-11-19,2017-11-13,400986367,reg,0,0,127,Michigan State Spartans,Big Ten,power,2,93,2619,Stony Brook Seawolves,Am. East,mid,0,71,PK80 - CAMPUS GAME
2018,2017-11-19,2017-11-13,400986371,reg,0,0,135,Minnesota Golden Gophers,Big Ten,power,14,92,2717,Western Carolina Catamounts,SoCon,mid,0,64,BARCLAYS CENTER CLASSIC - CAMPUS GAME
2018,2017-11-19,2017-11-13,400987183,reg,0,0,57,Florida Gators,SEC,power,8,70,160,New Hampshire Wildcats,Am. East,mid,0,63,PK80 - CAMPUS GAME
2018,2017-11-19,2017-11-13,400987184,reg,0,0,238,Vanderbilt Commodores,SEC,power,0,89,30,USC Trojans,Pac-12,power,10,93,
2018,2017-11-19,2017-11-13,400991802,reg,0,0,23,San José State Spartans,Mountain West,high,0,61,2608,Saint Mary's Gaels,WCC,high,21,79,
2018,2017-11-19,2017-11-13,401000129,reg,1,0,77,Northwestern Wildcats,Big Ten,power,20,49,2641,Texas Tech Red Raiders,Big 12,power,0,85,BASKETBALL HALL OF FAME TIP-OFF
2018,2017-11-20,2017-11-20,400986074,reg,1,0,2124,Chaminade Silverswords,,,0,56,87,Notre Dame Fighting Irish,ACC,power,13,83,MAUI JIM MAUI INVITATIONAL
2018,2017-11-20,2017-11-20,400986076,reg,0,0,24,Stanford Cardinal,Pac-12,power,0,72,153,North Carolina Tar Heels,ACC,power,9,96,
2018,2017-11-20,2017-11-20,400986078,reg,0,0,150,Duke Blue Devils,ACC,power,1,92,231,Furman Paladins,SoCon,mid,0,63,PK80 - CAMPUS GAME
2018,2017-11-20,2017-11-20,400986375,reg,1,0,275,Wisconsin Badgers,Big Ten,power,0,65,239,Baylor Bears,Big 12,power,22,70,HALL OF FAME CLASSIC
2018,2017-11-20,2017-11-20,400987185,reg,1,0,197,Oklahoma State Cowboys,Big 12,power,0,55,245,Texas A&M Aggies,SEC,power,16,72,PROGRESSIVE LEGENDS CLASSIC
2018,2017-11-20,2017-11-20,400987189,reg,0,0,96,Kentucky Wildcats,SEC,power,8,70,2653,Troy Trojans,Sun Belt,mid,0,62,ADOLPH RUPP CLASSIC
2018,2017-11-20,2017-11-20,400987957,reg,1,0,25,California Golden Bears,Pac-12,power,0,82,2724,Wichita State Shockers,American,high,6,92,MAUI JIM MAUI INVITATIONAL
2018,2017-11-20,2017-11-20,400987959,reg,1,0,2132,Cincinnati Bearcats,American,high,12,73,2084,Buffalo Bulls,MAC,mid,0,67,CAYMAN ISLANDS CLASSIC
2018,2017-11-20,2017-11-20,400988222,reg,1,0,156,Creighton Bluejays,Big East,high,0,100,26,UCLA Bruins,Pac-12,power,23,89,HALL OF FAME CLASSIC
2018,2017-11-20,2017-11-20,400988491,reg,0,0,2752,Xavier Musketeers,Big East,high,15,96,2261,Hampton Pirates,MEAC,mid,0,60,CONTINENTAL TIRE LAS VEGAS INVITATIONAL - CAMPUS GAME
2018,2017-11-20,2017-11-20,400989277,reg,0,0,277,West Virginia Mountaineers,Big 12,power,23,91,299,Long Beach State Beach,Big West,mid,0,62,ADVOCARE INVITATIONAL - CAMPUS GAME
2018,2017-11-21,2017-11-20,400986080,reg,0,0,97,Louisville Cardinals,ACC,power,19,84,79,Southern Illinois Salukis,MVC,mid,0,42,
2018,2017-11-21,2017-11-20,400986376,reg,0,0,135,Minnesota Golden Gophers,Big Ten,power,14,100,2010,Alabama A&M Bulldogs,SWAC,mid,0,57,
2018,2017-11-21,2017-11-20,400987190,reg,0,0,333,Alabama Crimson Tide,SEC,power,25,77,250,UT Arlington Mavericks,Sun Belt,mid,0,76,BARCLAYS CENTER CLASSIC - CAMPUS GAME
2018,2017-11-21,2017-11-20,400989176,reg,0,0,2305,Kansas Jayhawks,Big 12,power,3,114,2640,Texas Southern Tigers,SWAC,mid,0,71,HOOPHALL MIAMI INVITATIONAL - CAMPUS GAME
2018,2017-11-21,2017-11-20,400999769,reg,1,0,245,Texas A&M Aggies,SEC,power,16,98,213,Penn State Nittany Lions,Big Ten,power,0,87,PROGRESSIVE LEGENDS CLASSIC
2018,2017-11-21,2017-11-20,401000095,reg,1,0,99,LSU Tigers,SEC,power,0,53,87,Notre Dame Fighting Irish,ACC,power,13,92,MAUI JIM MAUI INVITATIONAL
2018,2017-11-21,2017-11-20,401000132,reg,1,0,26,UCLA Bruins,Pac-12,power,23,72,275,Wisconsin Badgers,Big Ten,power,0,70,HALL OF FAME CLASSIC
2018,2017-11-21,2017-11-20,401000133,reg,1,0,156,Creighton Bluejays,Big East,high,0,59,239,Baylor Bears,Big 12,power,22,65,HALL OF FAME CLASSIC
2018,2017-11-21,2017-11-20,401001765,reg,1,0,2132,Cincinnati Bearcats,American,high,12,75,257,Richmond Spiders,A-10,high,0,48,CAYMAN ISLANDS CLASSIC
2018,2017-11-21,2017-11-20,401001766,reg,1,0,2724,Wichita State Shockers,American,high,6,80,269,Marquette Golden Eagles,Big East,high,0,66,MAUI JIM MAUI INVITATIONAL
2018,2017-11-22,2017-11-20,400986081,reg,1,0,152,NC State Wolfpack,ACC,power,0,90,12,Arizona Wildcats,Pac-12,power,2,84,BAD BOY MOWERS BATTLE 4 ATLANTIS
2018,2017-11-22,2017-11-20,400986085,reg,1,0,2390,Miami Hurricanes,ACC,power,11,57,2325,La Salle Explorers,A-10,high,0,46,
2018,2017-11-22,2017-11-20,400986380,reg,1,0,2509,Purdue Boilermakers,Big Ten,power,18,75,2633,Tennessee Volunteers,SEC,power,0,78,BAD BOY MOWERS BATTLE 4 ATLANTIS
2018,2017-11-22,2017-11-20,400987192,reg,0,0,96,Kentucky Wildcats,SEC,power,8,86,2870,Purdue Fort Wayne Mastodons,Summit,mid,0,67,ADOLPH RUPP CLASSIC
2018,2017-11-22,2017-11-20,400988224,reg,0,0,30,USC Trojans,Pac-12,power,10,88,2329,Lehigh Mountain Hawks,Patriot,mid,0,63,
2018,2017-11-22,2017-11-20,400988492,reg,1,0,222,Villanova Wildcats,Big East,high,5,66,98,Western Kentucky Hilltoppers,CUSA,mid,0,58,BAD BOY MOWERS BATTLE 4 ATLANTIS
2018,2017-11-22,2017-11-20,401000099,reg,1,0,87,Notre Dame Fighting Irish,ACC,power,13,67,2724,Wichita State Shockers,American,high,6,66,MAUI JIM MAUI INVITATIONAL
2018,2017-11-22,2017-11-20,401001947,reg,1,0,2132,Cincinnati Bearcats,American,high,12,78,2751,Wyoming Cowboys,Mountain West,high,0,53,CAYMAN ISLANDS CLASSIC
2018,2017-11-23,2017-11-20,400986086,reg,1,0,153,North Carolina Tar Heels,ACC,power,9,102,2501,Portland Pilots,WCC,high,0,78,PK80 - VICTORY
2018,2017-11-23,2017-11-20,400986088,reg,1,0,150,Duke Blue Devils,ACC,power,1,99,2502,Portland State Vikings,Big Sky,mid,0,81,PK80 - MOTION
2018,2017-11-23,2017-11-20,400986381,reg,1,0,305,DePaul Blue Demons,Big East,high,0,51,127,Michigan State Spartans,Big Ten,power,4,73,PK80 - VICTORY
2018,2017-11-23,2017-11-20,400987196,reg,1,0,24,Stanford Cardinal,Pac-12,power,0,87,57,Florida Gators,SEC,power,7,108,PK80 - MOTION
2018,2017-11-23,2017-11-20,400988494,reg,1,0,2752,Xavier Musketeers,Big East,high,15,83,45,George Washington Colonials,A-10,high,0,64,CONTINENTAL TIRE LAS VEGAS INVITATIONAL
2018,2017-11-23,2017-11-20,400988495,reg,1,0,2550,Seton Hall Pirates,Big East,high,20,74,227,Rhode Island Rams,A-10,high,0,75,NIT SEASON TIP-OFF
2018,2017-11-23,2017-11-20,400989278,reg,1,0,2368,Marist Red Foxes,MAAC,mid,0,78,277,West Virginia Mountaineers,Big 12,power,23,84,ADVOCARE INVITATIONAL
2018,2017-11-23,2017-11-20,400991654,reg,1,0,108,Harvard Crimson,Ivy,mid,0,71,2608,Saint Mary's Gaels,WCC,high,21,89,WOODEN LEGACY
2018,2017-11-23,2017-11-20,401000100,reg,1,0,222,Villanova Wildcats,Big East,high,5,85,2633,Tennessee Volunteers,SEC,power,0,76,BAD BOY MOWERS BATTLE 4 ATLANTIS
2018,2017-11-23,2017-11-20,401000102,reg,1,0,98,Western Kentucky Hilltoppers,CUSA,mid,0,77,2509,Purdue Boilermakers,Big Ten,power,18,73,BAD BOY MOWERS BATTLE 4 ATLANTIS
2018,2017-11-23,2017-11-20,401000103,reg,1,0,2567,SMU Mustangs,American,high,0,66,12,Arizona Wildcats,Pac-12,power,2,60,BAD BOY MOWERS BATTLE 4 ATLANTIS
2018,2017-11-24,2017-11-20,400986089,reg,0,0,97,Louisville Cardinals,ACC,power,19,84,2598,St. Francis (PA) Red Flash,NEC,mid,0,72,
2018,2017-11-24,2017-11-20,400986383,reg,1,0,2250,Gonzaga Bulldogs,WCC,high,17,86,194,Ohio State Buckeyes,Big Ten,power,0,59,PK80 - MOTION
2018,2017-11-24,2017-11-20,400986387,reg,1,0,135,Minnesota Golden Gophers,Big Ten,power,14,69,113,UMass Minutemen,A-10,high,0,51,BARCLAYS CENTER CLASSIC
2018,2017-11-24,2017-11-20,400986850,reg,1,0,252,BYU Cougars,WCC,high,0,59,333,Alabama Crimson Tide,SEC,power,25,71,BARCLAYS CENTER CLASSIC
2018,2017-11-24,2017-11-20,400986956,reg,0,0,245,Texas A&M Aggies,SEC,power,16,81,2492,Pepperdine Waves,WCC,high,0,65,LEGENDS CLASSIC - REGIONAL GAME
2018,2017-11-24,2017-11-20,400989177,reg,0,0,2305,Kansas Jayhawks,Big 12,power,3,102,2473,Oakland Golden Grizzlies,Horizon,mid,0,59,HOOPHALL MIAMI INVITATIONAL - CAMPUS GAME
2018,2017-11-24,2017-11-20,400999677,reg,1,0,2550,Seton Hall Pirates,Big East,high,20,72,238,Vanderbilt Commodores,SEC,power,0,59,NIT SEASON TIP-OFF
2018,2017-11-24,2017-11-20,400999678,reg,1,0,265,Washington State Cougars,Pac-12,power,0,84,2608,Saint Mary's Gaels,WCC,high,21,79,WOODEN LEGACY
2018,2017-11-24,2017-11-20,400999688,reg,1,0,277,West Virginia Mountaineers,Big 12,power,23,83,2116,UCF Knights,American,high,0,45,ADVOCARE INVITATIONAL
2018,2017-11-24,2017-11-20,400999722,reg,1,0,251,Texas Longhorns,Big 12,power,0,78,150,Duke Blue Devils,ACC,power,1,85,PK80 - MOTION
2018,2017-11-24,2017-11-20,400999724,reg,1,0,2250,Gonzaga Bulldogs,WCC,high,17,105,57,Florida Gators,SEC,power,7,111,PK80 - MOTION
2018,2017-11-24,2017-11-20,400999725,reg,1,0,8,Arkansas Razorbacks,SEC,power,0,68,153,North Carolina Tar Heels,ACC,power,9,87,PK80 - VICTORY
2018,2017-11-24,2017-11-20,400999748,reg,1,0,127,Michigan State Spartans,Big Ten,power,4,77,41,UConn Huskies,American,high,0,57,PK80 - VICTORY
2018,2017-11-24,2017-11-20,401000104,reg,1,0,2509,Purdue Boilermakers,Big Ten,power,18,89,12,Arizona Wildcats,Pac-12,power,2,64,BAD BOY MOWERS BATTLE 4 ATLANTIS
2018,2017-11-24,2017-11-20,401002169,reg,1,0,222,Villanova Wildcats,Big East,high,5,64,2460,Northern Iowa Panthers,MVC,mid,0,50,BAD BOY MOWERS BATTLE 4 ATLANTIS
2018,2017-11-24,2017-11-20,401002171,reg,1,0,2752,Xavier Musketeers,Big East,high,15,86,9,Arizona State Sun Devils,Pac-12,power,0,102,CONTINENTAL TIRE LAS VEGAS INVITATIONAL
2018,2017-11-25,2017-11-20,400986392,reg,1,0,333,Alabama Crimson Tide,SEC,power,25,84,135,Minnesota Golden Gophers,Big Ten,power,14,89,BARCLAYS CENTER CLASSIC
2018,2017-11-25,2017-11-20,400986701,reg,0,0,2390,Miami Hurricanes,ACC,power,11,86,2454,North Florida Ospreys,ASUN,mid,0,65,
2018,2017-11-26,2017-11-20,400987199,reg,0,0,30,USC Trojans,Pac-12,power,10,59,245,Texas A&M Aggies,SEC,power,16,75,
2018,2017-11-26,2017-11-20,400987201,reg,0,0,96,Kentucky Wildcats,SEC,power,8,107,82,UIC Flames,Horizon,mid,0,73,ADOLPH RUPP CLASSIC
2018,2017-11-26,2017-11-20,400988231,reg,0,0,26,UCLA Bruins,Pac-12,power,23,87,300,UC Irvine Anteaters,Big West,mid,0,63,
2018,2017-11-26,2017-11-20,400999683,reg,1,0,61,Georgia Bulldogs,SEC,power,0,83,2608,Saint Mary's Gaels,WCC,high,21,81,WOODEN LEGACY
2018,2017-11-26,2017-11-20,400999692,reg,1,0,277,West Virginia Mountaineers,Big 12,power,23,83,142,Missouri Tigers,SEC,power,0,79,ADVOCARE INVITATIONAL
2018,2017-11-26,2017-11-20,401001001,reg,1,0,57,Florida Gators,SEC,power,7,84,150,Duke Blue Devils,ACC,power,1,87,PK80 - MOTION
2018,2017-11-26,2017-11-20,401001002,reg,1,0,2250,Gonzaga Bulldogs,WCC,high,17,76,251,Texas Longhorns,Big 12,power,0,71,PK80 - MOTION
2018,2017-11-26,2017-11-20,401001005,reg,1,0,127,Michigan State Spartans,Big Ten,power,4,63,153,North Carolina Tar Heels,ACC,power,9,45,PK80 - VICTORY
2018,2017-11-27,2017-11-27,400986096,reg,0,0,258,Virginia Cavaliers,ACC,power,18,49,275,Wisconsin Badgers,Big Ten,power,0,37,BIG TEN/ACC CHALLENGE
2018,2017-11-27,2017-11-27,400987973,reg,0,0,2132,Cincinnati Bearcats,American,high,11,83,2011,Alabama State Hornets,SWAC,mid,0,51,
2018,2017-11-28,2017-11-27,400986099,reg,0,0,2509,Purdue Boilermakers,Big Ten,power,0,66,97,Louisville Cardinals,ACC,power,17,57,BIG TEN/ACC CHALLENGE
2018,2017-11-28,2017-11-27,400987976,reg,0,0,2724,Wichita State Shockers,American,high,8,112,2542,Savannah State Tigers,MEAC,mid,0,66,
2018,2017-11-28,2017-11-27,400988500,reg,0,0,2752,Xavier Musketeers,Big East,high,21,76,239,Baylor Bears,Big 12,power,16,63,
2018,2017-11-28,2017-11-27,400989178,reg,0,0,2305,Kansas Jayhawks,Big 12,power,2,96,2649,Toledo Rockets,MAC,mid,0,58,HOOPHALL MIAMI INVITATIONAL - CAMPUS GAME
2018,2017-11-29,2017-11-27,400986105,reg,0,0,153,North Carolina Tar Heels,ACC,power,13,86,130,Michigan Wolverines,Big Ten,power,0,71,BIG TEN/ACC CHALLENGE
2018,2017-11-29,2017-11-27,400986106,reg,0,0,135,Minnesota Golden Gophers,Big Ten,power,12,81,2390,Miami Hurricanes,ACC,power,10,86,BIG TEN/ACC CHALLENGE
2018,2017-11-29,2017-11-27,400986108,reg,0,0,84,Indiana Hoosiers,Big Ten,power,0,81,150,Duke Blue Devils,ACC,power,1,91,BIG TEN/ACC CHALLENGE
2018,2017-11-29,2017-11-27,400986880,reg,0,0,2250,Gonzaga Bulldogs,WCC,high,15,103,2916,Incarnate Word Cardinals,Southland,mid,0,68,
2018,2017-11-29,2017-11-27,400987208,reg,0,0,333,Alabama Crimson Tide,SEC,power,24,77,2348,Louisiana Tech Bulldogs,CUSA,mid,0,74,
2018,2017-11-29,2017-11-27,400988503,reg,0,0,222,Villanova Wildcats,Big East,high,4,90,219,Pennsylvania Quakers,Ivy,mid,0,62,
2018,2017-11-29,2017-11-27,400989245,reg,0,0,2628,TCU Horned Frogs,Big 12,power,23,87,2057,Belmont Bruins,OVC,mid,0,76,
2018,2017-11-30,2017-11-27,400986109,reg,0,0,127,Michigan State Spartans,Big Ten,power,3,81,87,Notre Dame Fighting Irish,ACC,power,5,63,BIG TEN/ACC CHALLENGE
2018,2017-11-30,2017-11-27,400987209,reg,0,0,245,Texas A&M Aggies,SEC,power,9,78,292,UT Rio Grande Valley Vaqueros,WAC,mid,0,60,
2018,2017-11-30,2017-11-27,400988505,reg,1,0,2550,Seton Hall Pirates,Big East,high,0,89,2641,Texas Tech Red Raiders,Big 12,power,22,79,UNDER ARMOUR REUNION
2018,2017-11-30,2017-11-27,400989279,reg,0,0,277,West Virginia Mountaineers,Big 12,power,19,102,2885,NJIT Highlanders,ASUN,mid,0,69,
2018,2017-12-01,2017-11-27,400986110,reg,0,0,2166,Davidson Wildcats,A-10,high,0,75,153,North Carolina Tar Heels,ACC,power,13,85,
2018,2017-12-01,2017-11-27,400986881,reg,0,0,2250,Gonzaga Bulldogs,WCC,high,15,91,156,Creighton Bluejays,Big East,high,25,74,
2018,2017-12-02,2017-11-27,400986114,reg,0,0,150,Duke Blue Devils,ACC,power,1,96,233,South Dakota Coyotes,Summit,mid,0,80,
2018,2017-12-02,2017-11-27,400986115,reg,1,0,183,Syracuse Orange,ACC,power,0,60,2305,Kansas Jayhawks,Big 12,power,2,76,HOOPHALL MIAMI INVITATIONAL
2018,2017-12-02,2017-11-27,400986116,reg,1,0,2390,Miami Hurricanes,ACC,power,10,80,163,Princeton Tigers,Ivy,mid,0,52,HOOPHALL MIAMI INVITATIONAL
2018,2017-12-02,2017-11-27,400986649,reg,0,0,258,Virginia Cavaliers,ACC,power,18,75,2329,Lehigh Mountain Hawks,Patriot,mid,0,54,
2018,2017-12-02,2017-11-27,400987051,reg,0,0,9,Arizona State Sun Devils,Pac-12,power,20,75,2539,San Francisco Dons,WCC,high,0,57,
2018,2017-12-02,2017-11-27,400987214,reg,0,0,96,Kentucky Wildcats,SEC,power,7,79,108,Harvard Crimson,Ivy,mid,0,70,
2018,2017-12-02,2017-11-27,400987983,reg,0,0,2752,Xavier Musketeers,Big East,high,21,89,2132,Cincinnati Bearcats,American,high,11,76,
2018,2017-12-02,2017-11-27,400987984,reg,0,0,239,Baylor Bears,Big 12,power,16,62,2724,Wichita State Shockers,American,high,8,69,
2018,2017-12-02,2017-11-27,400987989,reg,0,0,2567,SMU Mustangs,American,high,0,72,30,USC Trojans,Pac-12,power,14,55,
2018,2017-12-02,2017-11-27,400988510,reg,0,0,2603,Saint Joseph's Hawks,A-10,high,0,53,222,Villanova Wildcats,Big East,high,4,94,
2018,2017-12-02,2017-11-27,400989246,reg,0,0,2628,TCU Horned Frogs,Big 12,power,23,92,43,Yale Bulldogs,Ivy,mid,0,66,
2018,2017-12-03,2017-11-27,400986117,reg,0,0,153,North Carolina Tar Heels,ACC,power,13,97,2655,Tulane Green Wave,American,high,0,73,
2018,2017-12-03,2017-11-27,400986118,reg,0,0,97,Louisville Cardinals,ACC,power,17,77,2550,Seton Hall Pirates,Big East,high,0,79,BILLY MINARDI CLASSIC
2018,2017-12-03,2017-11-27,400986120,reg,0,0,87,Notre Dame Fighting Irish,ACC,power,5,71,2597,St. Francis Brooklyn Terriers,NEC,mid,0,53,
2018,2017-12-03,2017-11-27,400986399,reg,0,1,127,Michigan State Spartans,Big Ten,power,3,86,158,Nebraska Cornhuskers,Big Ten,power,0,57,
2018,2017-12-03,2017-11-27,400986401,reg,0,1,135,Minnesota Golden Gophers,Big Ten,power,12,89,164,Rutgers Scarlet Knights,Big Ten,power,0,67,
2018,2017-12-03,2017-11-27,400987219,reg,0,0,333,Alabama Crimson Tide,SEC,power,24,62,2116,UCF Knights,American,high,0,65,
2018,2017-12-04,2017-12-04,400986121,reg,0,0,57,Florida Gators,SEC,power,5,66,52,Florida State Seminoles,ACC,power,0,83,
2018,2017-12-04,2017-12-04,400988954,reg,0,0,239,Baylor Bears,Big 12,power,23,84,2534,Sam Houston Bearkats,Southland,mid,0,56,
2018,2017-12-05,2017-12-04,400986122,reg,0,0,277,West Virginia Mountaineers,Big 12,power,18,68,258,Virginia Cavaliers,ACC,power,15,61,
2018,2017-12-05,2017-12-04,400986123,reg,0,0,150,Duke Blue Devils,ACC,power,1,124,2598,St. Francis (PA) Red Flash,NEC,mid,0,67,
2018,2017-12-05,2017-12-04,400986125,reg,0,0,87,Notre Dame Fighting Irish,ACC,power,9,77,2050,Ball State Cardinals,MAC,mid,0,80,
2018,2017-12-05,2017-12-04,400986406,reg,0,1,164,Rutgers Scarlet Knights,Big Ten,power,0,52,127,Michigan State Spartans,Big Ten,power,3,62,
2018,2017-12-05,2017-12-04,400986407,reg,0,1,158,Nebraska Cornhuskers,Big Ten,power,0,78,135,Minnesota Golden Gophers,Big Ten,power,14,68,
2018,2017-12-05,2017-12-04,400986702,reg,0,0,2390,Miami Hurricanes,ACC,power,10,69,104,Boston University Terriers,Patriot,mid,0,54,
2018,2017-12-05,2017-12-04,400986882,reg,1,0,2250,Gonzaga Bulldogs,WCC,high,12,72,222,Villanova Wildcats,Big East,high,4,88,JIMMY V CLASSIC
2018,2017-12-05,2017-12-04,400987221,reg,1,0,12,Arizona Wildcats,Pac-12,power,0,67,245,Texas A&M Aggies,SEC,power,7,64,VALLEY OF THE SUN SHOWCASE
2018,2017-12-05,2017-12-04,400987994,reg,0,0,2724,Wichita State Shockers,American,high,6,95,2571,South Dakota State Jackrabbits,Summit,mid,0,85,
2018,2017-12-05,2017-12-04,400987995,reg,0,0,2628,TCU Horned Frogs,Big 12,power,20,94,2567,SMU Mustangs,American,high,0,83,
2018,2017-12-05,2017-12-04,400989269,reg,0,0,2641,Texas Tech Red Raiders,Big 12,power,0,82,2440,Nevada Wolf Pack,Mountain West,high,22,76,
2018,2017-12-06,2017-12-04,400986127,reg,0,0,153,North Carolina Tar Heels,ACC,power,11,104,2717,Western Carolina Catamounts,SoCon,mid,0,61,
2018,2017-12-06,2017-12-04,400987227,reg,0,0,57,Florida Gators,SEC,power,5,59,2350,Loyola Chicago Ramblers,MVC,mid,0,65,
2018,2017-12-06,2017-12-04,400988249,reg,0,0,2305,Kansas Jayhawks,Big 12,power,2,65,264,Washington Huskies,Pac-12,power,0,74,JAYHAWK SHOOTOUT
2018,2017-12-06,2017-12-04,400988516,reg,0,0,2752,Xavier Musketeers,Big East,high,13,96,2309,Kent State Golden Flashes,MAC,mid,0,70,
2018,2017-12-07,2017-12-04,400986412,reg,0,0,2509,Purdue Boilermakers,Big Ten,power,21,80,2674,Valparaiso Beacons,MVC,mid,0,50,
2018,2017-12-08,2017-12-04,400988254,reg,1,0,9,Arizona State Sun Devils,Pac-12,power,16,82,2599,St. John's Red Storm,Big East,high,0,70,BASKETBALL HALL OF FAME CLASSIC
2018,2017-12-08,2017-12-04,400988256,reg,1,0,30,USC Trojans,Pac-12,power,25,83,201,Oklahoma Sooners,Big 12,power,0,85,BASKETBALL HALL OF FAME CLASSIC
2018,2017-12-09,2017-12-04,400986132,reg,0,1,103,Boston College Eagles,ACC,power,0,89,150,Duke Blue Devils,ACC,power,1,84,
2018,2017-12-09,2017-12-04,400986414,reg,0,0,8,Arkansas Razorbacks,SEC,power,0,95,135,Minnesota Golden Gophers,Big Ten,power,14,79,
2018,2017-12-09,2017-12-04,400986423,reg,0,0,127,Michigan State Spartans,Big Ten,power,3,88,253,Southern Utah Thunderbirds,Big Sky,mid,0,63,
2018,2017-12-09,2017-12-04,400986695,reg,0,0,48,Delaware Blue Hens,CAA,mid,0,68,87,Notre Dame Fighting Irish,ACC,power,9,92,
2018,2017-12-09,2017-12-04,400986697,reg,0,0,221,Pittsburgh Panthers,ACC,power,0,60,277,West Virginia Mountaineers,Big 12,power,18,69,
2018,2017-12-09,2017-12-04,400987230,reg,0,0,245,Texas A&M Aggies,SEC,power,7,73,2504,Prairie View A&M Panthers,SWAC,mid,0,53,
2018,2017-12-09,2017-12-04,400987231,reg,0,0,2633,Tennessee Volunteers,SEC,power,24,81,288,Lipscomb Bisons,ASUN,mid,0,71,
2018,2017-12-09,2017-12-04,400987236,reg,1,0,96,Kentucky Wildcats,SEC,power,8,93,2405,Monmouth Hawks,MAAC,mid,0,76,CITI HOOPS CLASSIC
2018,2017-12-09,2017-12-04,400987238,reg,1,0,57,Florida Gators,SEC,power,5,66,2132,Cincinnati Bearcats,American,high,17,60,NEVER FORGET TRIBUTE CLASSIC
2018,2017-12-09,2017-12-04,400988001,reg,0,0,197,Oklahoma State Cowboys,Big 12,power,0,66,2724,Wichita State Shockers,American,high,6,78,
2018,2017-12-09,2017-12-04,400988260,reg,0,0,2752,Xavier Musketeers,Big East,high,13,96,38,Colorado Buffaloes,Pac-12,power,0,69,
2018,2017-12-09,2017-12-04,400988523,reg,0,0,2550,Seton Hall Pirates,Big East,high,19,90,2670,VCU Rams,A-10,high,0,67,NEVER FORGET TRIBUTE CLASSIC
2018,2017-12-09,2017-12-04,400989129,reg,0,0,239,Baylor Bears,Big 12,power,23,105,3090,Randall University Saints,,,0,82,
2018,2017-12-09,2017-12-04,400991765,reg,1,0,2628,TCU Horned Frogs,Big 12,power,20,84,2440,Nevada Wolf Pack,Mountain West,high,22,80,BASKETBALL HALL OF FAME CLASSIC
2018,2017-12-10,2017-12-04,400986425,reg,0,0,2509,Purdue Boilermakers,Big Ten,power,21,86,85,IUPUI Jaguars,Horizon,mid,0,61,
2018,2017-12-10,2017-12-04,400986883,reg,0,0,264,Washington Huskies,Pac-12,power,0,70,2250,Gonzaga Bulldogs,WCC,high,12,97,
2018,2017-12-10,2017-12-04,400988262,reg,0,0,2305,Kansas Jayhawks,Big 12,power,2,85,9,Arizona State Sun Devils,Pac-12,power,16,95,
2018,2017-12-10,2017-12-04,400988524,reg,0,0,222,Villanova Wildcats,Big East,high,4,77,2325,La Salle Explorers,A-10,high,0,68,
2018,2017-12-12,2017-12-11,400987241,reg,0,0,2132,Cincinnati Bearcats,American,high,25,65,344,Mississippi State Bulldogs,SEC,power,0,50,
2018,2017-12-12,2017-12-11,400988526,reg,0,0,2550,Seton Hall Pirates,Big East,high,15,84,2612,Saint Peter's Peacocks,MAAC,mid,0,61,
2018,2017-12-13,2017-12-11,400987242,reg,0,0,245,Texas A&M Aggies,SEC,power,9,113,2542,Savannah State Tigers,MEAC,mid,0,66,
2018,2017-12-13,2017-12-11,400988008,reg,0,0,218,Temple Owls,American,high,0,67,222,Villanova Wildcats,Big East,high,1,87,
2018,2017-12-13,2017-12-11,400989270,reg,0,0,2641,Texas Tech Red Raiders,Big 12,power,24,82,338,Kennesaw State Owls,ASUN,mid,0,53,
2018,2017-12-14,2017-12-11,400989130,reg,0,0,239,Baylor Bears,Big 12,power,21,99,2640,Texas Southern Tigers,SWAC,mid,0,68,
2018,2017-12-16,2017-12-11,400986141,reg,0,0,96,Kentucky Wildcats,SEC,power,8,93,259,Virginia Tech Hokies,ACC,power,0,86,
2018,2017-12-16,2017-12-11,400986142,reg,1,0,52,Florida State Seminoles,ACC,power,19,70,197,Oklahoma State Cowboys,Big 12,power,0,71,METROPCS ORANGE BOWL CLASSIC
2018,2017-12-16,2017-12-11,400986143,reg,1,0,57,Florida Gators,SEC,power,22,69,228,Clemson Tigers,ACC,power,0,71,METROPCS ORANGE BOWL CLASSIC
2018,2017-12-16,2017-12-11,400986144,reg,0,0,258,Virginia Cavaliers,ACC,power,16,80,2166,Davidson Wildcats,A-10,high,0,60,
2018,2017-12-16,2017-12-11,400986146,reg,1,0,87,Notre Dame Fighting Irish,ACC,power,18,77,84,Indiana Hoosiers,Big Ten,power,0,80,CROSSROADS CLASSIC
2018,2017-12-16,2017-12-11,400986438,reg,1,0,2473,Oakland Golden Grizzlies,Horizon,mid,0,73,127,Michigan State Spartans,Big Ten,power,2,86,HITACHI COLLEGE BASKETBALL SHOWCASE
2018,2017-12-16,2017-12-11,400986439,reg,0,0,158,Nebraska Cornhuskers,Big Ten,power,0,72,2305,Kansas Jayhawks,Big 12,power,13,73,SHELTER INSURANCE SHOWCASE
2018,2017-12-16,2017-12-11,400986441,reg,1,0,2086,Butler Bulldogs,Big East,high,0,67,2509,Purdue Boilermakers,Big Ten,power,17,82,CROSSROADS CLASSIC
2018,2017-12-16,2017-12-11,400986442,reg,0,0,164,Rutgers Scarlet Knights,Big Ten,power,0,71,2550,Seton Hall Pirates,Big East,high,15,65,GARDEN STATE HARDWOOD CLASSIC
2018,2017-12-16,2017-12-11,400986703,reg,0,0,45,George Washington Colonials,A-10,high,0,50,2390,Miami Hurricanes,ACC,power,6,59,
2018,2017-12-16,2017-12-11,400986884,reg,0,0,2250,Gonzaga Bulldogs,WCC,high,12,89,155,North Dakota Fighting Hawks,Big Sky,mid,0,83,
2018,2017-12-16,2017-12-11,400988012,reg,0,0,26,UCLA Bruins,Pac-12,power,0,63,2132,Cincinnati Bearcats,American,high,25,77,
2018,2017-12-16,2017-12-11,400988013,reg,0,0,2724,Wichita State Shockers,American,high,3,83,201,Oklahoma Sooners,Big 12,power,0,91,
2018,2017-12-16,2017-12-11,400988271,reg,0,0,167,New Mexico Lobos,Mountain West,high,0,73,12,Arizona Wildcats,Pac-12,power,23,89,
2018,2017-12-16,2017-12-11,400988528,reg,0,0,2752,Xavier Musketeers,Big East,high,10,68,2193,East Tennessee State Buccaneers,SoCon,mid,0,66,
2018,2017-12-16,2017-12-11,400989271,reg,0,0,2641,Texas Tech Red Raiders,Big 12,power,24,73,242,Rice Owls,CUSA,mid,0,53,
2018,2017-12-17,2017-12-11,400986147,reg,0,0,2633,Tennessee Volunteers,SEC,power,20,73,153,North Carolina Tar Heels,ACC,power,7,78,
2018,2017-12-17,2017-12-11,400987252,reg,0,0,9,Arizona State Sun Devils,Pac-12,power,5,76,238,Vanderbilt Commodores,SEC,power,0,64,
2018,2017-12-17,2017-12-11,400989131,reg,0,0,239,Baylor Bears,Big 12,power,21,118,2542,Savannah State Tigers,MEAC,mid,0,86,
2018,2017-12-18,2017-12-18,400986149,reg,0,0,52,Florida State Seminoles,ACC,power,24,69,2127,Charleston Southern Buccaneers,Big South,mid,0,58,
2018,2017-12-18,2017-12-18,400986445,reg,0,0,127,Michigan State Spartans,Big Ten,power,2,107,2277,Houston Christian Huskies,Southland,mid,0,62,
2018,2017-12-18,2017-12-18,400986885,reg,0,0,2250,Gonzaga Bulldogs,WCC,high,12,101,85,IUPUI Jaguars,Horizon,mid,0,71,
2018,2017-12-18,2017-12-18,400988274,reg,0,0,12,Arizona Wildcats,Pac-12,power,18,83,2449,North Dakota State Bison,Summit,mid,0,53,
2018,2017-12-18,2017-12-18,400988532,reg,0,0,156,Creighton Bluejays,Big East,high,25,90,250,UT Arlington Mavericks,Sun Belt,mid,0,81,
2018,2017-12-18,2017-12-18,400989179,reg,0,0,2305,Kansas Jayhawks,Big 12,power,14,109,2437,Omaha Mavericks,Summit,mid,0,64,
2018,2017-12-18,2017-12-18,400989248,reg,0,0,2628,TCU Horned Frogs,Big 12,power,15,91,2640,Texas Southern Tigers,SWAC,mid,0,72,
2018,2017-12-19,2017-12-18,400986650,reg,0,0,258,Virginia Cavaliers,ACC,power,13,78,2542,Savannah State Tigers,MEAC,mid,0,47,
2018,2017-12-19,2017-12-18,400987253,reg,0,0,245,Texas A&M Aggies,SEC,power,8,64,94,Northern Kentucky Norse,Horizon,mid,0,58,
2018,2017-12-19,2017-12-18,400988021,reg,0,0,2132,Cincinnati Bearcats,American,high,20,77,2029,Arkansas-Pine Bluff Golden Lions,SWAC,mid,0,49,
2018,2017-12-19,2017-12-18,400988023,reg,0,0,2724,Wichita State Shockers,American,high,11,89,2032,Arkansas State Red Wolves,Sun Belt,mid,0,80,
2018,2017-12-19,2017-12-18,400988275,reg,0,0,9,Arizona State Sun Devils,Pac-12,power,3,95,2344,Longwood Lancers,Big South,mid,0,61,
2018,2017-12-19,2017-12-18,400988533,reg,0,0,2752,Xavier Musketeers,Big East,high,9,81,276,Marshall Thundering Herd,CUSA,mid,0,77,
2018,2017-12-19,2017-12-18,400988983,reg,0,0,201,Oklahoma Sooners,Big 12,power,17,105,2466,Northwestern State Demons,Southland,mid,0,68,
2018,2017-12-19,2017-12-18,400989272,reg,0,0,2641,Texas Tech Red Raiders,Big 12,power,21,90,2226,Florida Atlantic Owls,CUSA,mid,0,54,
2018,2017-12-20,2017-12-18,400986156,reg,0,0,150,Duke Blue Devils,ACC,power,4,104,339,Evansville Purple Aces,MVC,mid,0,40,
2018,2017-12-20,2017-12-18,400986157,reg,0,0,153,North Carolina Tar Heels,ACC,power,5,75,2747,Wofford Terriers,SoCon,mid,0,79,
2018,2017-12-20,2017-12-18,400987260,reg,0,0,2633,Tennessee Volunteers,SEC,power,21,66,231,Furman Paladins,SoCon,mid,0,61,
2018,2017-12-20,2017-12-18,400988537,reg,0,0,2550,Seton Hall Pirates,Big East,high,23,89,2681,Wagner Seahawks,NEC,mid,0,68,
2018,2017-12-20,2017-12-18,400988538,reg,0,0,156,Creighton Bluejays,Big East,high,25,116,2908,South Carolina Upstate Spartans,ASUN,mid,0,62,
2018,2017-12-20,2017-12-18,400989132,reg,0,0,239,Baylor Bears,Big 12,power,18,80,2582,Southern Jaguars,SWAC,mid,0,60,
2018,2017-12-20,2017-12-18,400989280,reg,0,0,277,West Virginia Mountaineers,Big 12,power,10,77,2154,Coppin State Eagles,MEAC,mid,0,38,
2018,2017-12-21,2017-12-18,400986159,reg,0,0,52,Florida State Seminoles,ACC,power,24,98,2572,Southern Miss Golden Eagles,CUSA,mid,0,45,
2018,2017-12-21,2017-12-18,400986454,reg,0,0,127,Michigan State Spartans,Big Ten,power,2,102,299,Long Beach State Beach,Big West,mid,0,60,
2018,2017-12-21,2017-12-18,400986455,reg,0,0,2509,Purdue Boilermakers,Big Ten,power,16,97,2634,Tennessee State Tigers,OVC,mid,0,48,
2018,2017-12-21,2017-12-18,400986886,reg,0,0,21,San Diego State Aztecs,Mountain West,high,0,72,2250,Gonzaga Bulldogs,WCC,high,12,70,
2018,2017-12-21,2017-12-18,400987264,reg,0,0,245,Texas A&M Aggies,SEC,power,8,89,2084,Buffalo Bulls,MAC,mid,0,73,
2018,2017-12-21,2017-12-18,400988030,reg,0,0,2132,Cincinnati Bearcats,American,high,20,81,325,Cleveland State Vikings,Horizon,mid,0,62,
2018,2017-12-21,2017-12-18,400988033,reg,0,0,12,Arizona Wildcats,Pac-12,power,18,73,41,UConn Huskies,American,high,0,58,
2018,2017-12-21,2017-12-18,400988284,reg,1,0,24,Stanford Cardinal,Pac-12,power,0,54,2305,Kansas Jayhawks,Big 12,power,14,75,
2018,2017-12-22,2017-12-18,400986459,reg,0,0,201,Oklahoma Sooners,Big 12,power,17,104,77,Northwestern Wildcats,Big Ten,power,0,78,
2018,2017-12-22,2017-12-18,400986651,reg,0,0,258,Virginia Cavaliers,ACC,power,13,82,2261,Hampton Pirates,MEAC,mid,0,48,
2018,2017-12-22,2017-12-18,400986939,reg,0,0,9,Arizona State Sun Devils,Pac-12,power,3,104,279,Pacific Tigers,WCC,high,0,65,
2018,2017-12-22,2017-12-18,400988034,reg,0,0,2724,Wichita State Shockers,American,high,11,75,526,Florida Gulf Coast Eagles,ASUN,mid,0,65,
2018,2017-12-22,2017-12-18,400988543,reg,1,0,222,Villanova Wildcats,Big East,high,1,95,2275,Hofstra Pride,CAA,mid,0,71,
2018,2017-12-22,2017-12-18,400988544,reg,0,0,2460,Northern Iowa Panthers,MVC,mid,0,67,2752,Xavier Musketeers,Big East,high,9,77,
2018,2017-12-22,2017-12-18,400988992,reg,0,0,2641,Texas Tech Red Raiders,Big 12,power,21,74,2000,Abilene Christian Wildcats,Southland,mid,0,47,
2018,2017-12-22,2017-12-18,400989249,reg,0,0,2628,TCU Horned Frogs,Big 12,power,15,86,2729,William & Mary Tribe,CAA,mid,0,75,
2018,2017-12-23,2017-12-18,400986162,reg,0,0,62,Hawai'i Rainbow Warriors,Big West,mid,0,57,2390,Miami Hurricanes,ACC,power,6,75,HAWAIIAN AIRLINES DIAMOND HEAD CLASSIC
2018,2017-12-23,2017-12-18,400986163,reg,0,0,154,Wake Forest Demon Deacons,ACC,power,0,60,2633,Tennessee Volunteers,SEC,power,21,79,
2018,2017-12-23,2017-12-18,400986164,reg,1,0,153,North Carolina Tar Heels,ACC,power,5,86,194,Ohio State Buckeyes,Big Ten,power,0,72,CBS SPORTS CLASSIC
2018,2017-12-23,2017-12-18,400987273,reg,1,0,96,Kentucky Wildcats,SEC,power,7,75,26,UCLA Bruins,Pac-12,power,0,83,CBS SPORTS CLASSIC
2018,2017-12-23,2017-12-18,400988546,reg,0,0,2550,Seton Hall Pirates,Big East,high,23,74,2363,Manhattan Jaspers,MAAC,mid,0,62,
2018,2017-12-23,2017-12-18,400989281,reg,0,0,277,West Virginia Mountaineers,Big 12,power,10,86,2230,Fordham Rams,A-10,high,0,69,
2018,2017-12-23,2017-12-18,400999696,reg,1,0,2390,Miami Hurricanes,ACC,power,6,54,166,New Mexico State Aggies,WAC,mid,0,63,HAWAIIAN AIRLINES DIAMOND HEAD CLASSIC
2018,2017-12-25,2017-12-25,400999701,reg,1,0,2390,Miami Hurricanes,ACC,power,15,84,2393,Middle Tennessee Blue Raiders,CUSA,mid,0,81,HAWAIIAN AIRLINES DIAMOND HEAD CLASSIC
2018,2017-12-27,2017-12-25,400988548,reg,0,1,305,DePaul Blue Demons,Big East,high,0,85,222,Villanova Wildcats,Big East,high,1,103,
2018,2017-12-27,2017-12-25,400988549,reg,0,1,269,Marquette Golden Eagles,Big East,high,0,87,2752,Xavier Musketeers,Big East,high,6,91,
2018,2017-12-28,2017-12-25,400986887,reg,0,1,2250,Gonzaga Bulldogs,WCC,high,20,81,279,Pacific Tigers,WCC,high,0,48,
2018,2017-12-28,2017-12-25,400988550,reg,0,1,2550,Seton Hall Pirates,Big East,high,23,90,156,Creighton Bluejays,Big East,high,25,84,
2018,2017-12-29,2017-12-25,400986170,reg,0,0,96,Kentucky Wildcats,SEC,power,16,90,97,Louisville Cardinals,ACC,power,0,61,
2018,2017-12-29,2017-12-25,400986470,reg,0,0,127,Michigan State Spartans,Big Ten,power,2,111,325,Cleveland State Vikings,Horizon,mid,0,61,
2018,2017-12-29,2017-12-25,400989133,reg,0,1,2641,Texas Tech Red Raiders,Big 12,power,22,77,239,Baylor Bears,Big 12,power,18,53,
2018,2017-12-29,2017-12-25,400989180,reg,0,1,251,Texas Longhorns,Big 12,power,0,86,2305,Kansas Jayhawks,Big 12,power,11,92,
2018,2017-12-29,2017-12-25,400989232,reg,0,1,197,Oklahoma State Cowboys,Big 12,power,0,79,277,West Virginia Mountaineers,Big 12,power,7,85,
2018,2017-12-30,2017-12-25,400986171,reg,0,1,150,Duke Blue Devils,ACC,power,4,100,52,Florida State Seminoles,ACC,power,24,93,
2018,2017-12-30,2017-12-25,400986172,reg,0,1,258,Virginia Cavaliers,ACC,power,9,59,103,Boston College Eagles,ACC,power,0,58,
2018,2017-12-30,2017-12-25,400986173,reg,0,1,221,Pittsburgh Panthers,ACC,power,0,53,2390,Miami Hurricanes,ACC,power,15,67,
2018,2017-12-30,2017-12-25,400986174,reg,0,1,153,North Carolina Tar Heels,ACC,power,13,73,154,Wake Forest Demon Deacons,ACC,power,0,69,
2018,2017-12-30,2017-12-25,400986478,reg,0,0,2509,Purdue Boilermakers,Big Ten,power,14,98,288,Lipscomb Bisons,ASUN,mid,0,66,
2018,2017-12-30,2017-12-25,400986888,reg,0,1,2250,Gonzaga Bulldogs,WCC,high,20,101,2541,Santa Clara Broncos,WCC,high,0,52,
2018,2017-12-30,2017-12-25,400987279,reg,0,1,8,Arkansas Razorbacks,SEC,power,0,95,2633,Tennessee Volunteers,SEC,power,19,93,
2018,2017-12-30,2017-12-25,400987282,reg,0,1,333,Alabama Crimson Tide,SEC,power,0,79,245,Texas A&M Aggies,SEC,power,5,57,
2018,2017-12-30,2017-12-25,400988040,reg,0,1,41,UConn Huskies,American,high,0,62,2724,Wichita State Shockers,American,high,8,72,
2018,2017-12-30,2017-12-25,400988292,reg,0,1,12,Arizona Wildcats,Pac-12,power,17,84,9,Arizona State Sun Devils,Pac-12,power,3,78,
2018,2017-12-30,2017-12-25,400988552,reg,0,1,2752,Xavier Musketeers,Big East,high,6,77,305,DePaul Blue Demons,Big East,high,0,72,
2018,2017-12-30,2017-12-25,400988553,reg,0,1,2086,Butler Bulldogs,Big East,high,0,101,222,Villanova Wildcats,Big East,high,1,93,
2018,2017-12-30,2017-12-25,400989217,reg,0,1,2628,TCU Horned Frogs,Big 12,power,10,89,201,Oklahoma Sooners,Big 12,power,12,90,
2018,2017-12-31,2017-12-25,400986480,reg,0,0,127,Michigan State Spartans,Big Ten,power,2,108,2542,Savannah State Tigers,MEAC,mid,0,52,
2018,2017-12-31,2017-12-25,400987284,reg,0,1,96,Kentucky Wildcats,SEC,power,16,66,61,Georgia Bulldogs,SEC,power,0,61,
2018,2017-12-31,2017-12-25,400988043,reg,0,1,2132,Cincinnati Bearcats,American,high,21,82,235,Memphis Tigers,American,high,0,48,
2018,2017-12-31,2017-12-25,400988555,reg,0,1,2550,Seton Hall Pirates,Big East,high,23,75,2599,St. John's Red Storm,Big East,high,0,70,
2018,2017-12-31,2017-12-25,400988556,reg,0,1,156,Creighton Bluejays,Big East,high,25,83,2507,Providence Friars,Big East,high,0,64,
2018,2018-01-01,2018-01-01,400989201,reg,0,1,2306,Kansas State Wildcats,Big 12,power,0,69,277,West Virginia Mountaineers,Big 12,power,6,77,
2018,2018-01-02,2018-01-01,400987285,reg,0,1,344,Mississippi State Bulldogs,SEC,power,0,78,8,Arkansas Razorbacks,SEC,power,22,75,
2018,2018-01-02,2018-01-01,400987286,reg,0,1,2633,Tennessee Volunteers,SEC,power,23,84,2,Auburn Tigers,SEC,power,0,94,
2018,2018-01-02,2018-01-01,400987287,reg,0,1,245,Texas A&M Aggies,SEC,power,11,66,57,Florida Gators,SEC,power,0,83,
2018,2018-01-02,2018-01-01,400988557,reg,0,1,2752,Xavier Musketeers,Big East,high,5,86,2086,Butler Bulldogs,Big East,high,0,79,
2018,2018-01-02,2018-01-01,400989134,reg,0,1,239,Baylor Bears,Big 12,power,0,78,2628,TCU Horned Frogs,Big 12,power,16,81,
2018,2018-01-02,2018-01-01,400989181,reg,0,1,2305,Kansas Jayhawks,Big 12,power,10,73,2641,Texas Tech Red Raiders,Big 12,power,18,85,
2018,2018-01-03,2018-01-01,400986179,reg,0,1,52,Florida State Seminoles,ACC,power,24,81,153,North Carolina Tar Heels,ACC,power,12,80,
2018,2018-01-03,2018-01-01,400986181,reg,0,1,103,Boston College Eagles,ACC,power,0,70,228,Clemson Tigers,ACC,power,25,74,
2018,2018-01-03,2018-01-01,400986183,reg,0,1,59,Georgia Tech Yellow Jackets,ACC,power,0,64,2390,Miami Hurricanes,ACC,power,15,54,
2018,2018-01-03,2018-01-01,400986485,reg,0,1,2509,Purdue Boilermakers,Big Ten,power,13,82,164,Rutgers Scarlet Knights,Big Ten,power,0,51,
2018,2018-01-03,2018-01-01,400986645,reg,0,1,259,Virginia Tech Hokies,ACC,power,0,52,258,Virginia Cavaliers,ACC,power,8,78,
2018,2018-01-03,2018-01-01,400987290,reg,0,1,99,LSU Tigers,SEC,power,0,71,96,Kentucky Wildcats,SEC,power,17,74,
2018,2018-01-03,2018-01-01,400989218,reg,0,1,201,Oklahoma Sooners,Big 12,power,7,109,197,Oklahoma State Cowboys,Big 12,power,0,89,
2018,2018-01-04,2018-01-01,400986487,reg,0,1,127,Michigan State Spartans,Big Ten,power,1,91,120,Maryland Terrapins,Big Ten,power,0,61,
2018,2018-01-04,2018-01-01,400986889,reg,0,1,2492,Pepperdine Waves,WCC,high,0,59,2250,Gonzaga Bulldogs,WCC,high,19,89,
2018,2018-01-04,2018-01-01,400988049,reg,0,1,2724,Wichita State Shockers,American,high,9,81,248,Houston Cougars,American,high,0,63,
2018,2018-01-04,2018-01-01,400988050,reg,0,1,218,Temple Owls,American,high,0,53,2132,Cincinnati Bearcats,American,high,19,55,
2018,2018-01-04,2018-01-01,400988298,reg,0,1,38,Colorado Buffaloes,Pac-12,power,0,90,9,Arizona State Sun Devils,Pac-12,power,4,81,
2018,2018-01-04,2018-01-01,400988299,reg,0,1,254,Utah Utes,Pac-12,power,0,82,12,Arizona Wildcats,Pac-12,power,14,94,
2018,2018-01-06,2018-01-01,400986184,reg,0,1,228,Clemson Tigers,ACC,power,25,74,97,Louisville Cardinals,ACC,power,0,69,
2018,2018-01-06,2018-01-01,400986185,reg,0,1,258,Virginia Cavaliers,ACC,power,8,61,153,North Carolina Tar Heels,ACC,power,12,49,
2018,2018-01-06,2018-01-01,400986186,reg,0,1,152,NC State Wolfpack,ACC,power,0,96,150,Duke Blue Devils,ACC,power,2,85,
2018,2018-01-06,2018-01-01,400986491,reg,0,1,2509,Purdue Boilermakers,Big Ten,power,13,74,158,Nebraska Cornhuskers,Big Ten,power,0,62,
2018,2018-01-06,2018-01-01,400986890,reg,0,1,2351,Loyola Marymount Lions,WCC,high,0,66,2250,Gonzaga Bulldogs,WCC,high,19,85,
2018,2018-01-06,2018-01-01,400987294,reg,0,1,245,Texas A&M Aggies,SEC,power,11,68,99,LSU Tigers,SEC,power,0,69,
2018,2018-01-06,2018-01-01,400987295,reg,0,1,2633,Tennessee Volunteers,SEC,power,23,76,96,Kentucky Wildcats,SEC,power,17,65,
2018,2018-01-06,2018-01-01,400987296,reg,0,1,2,Auburn Tigers,SEC,power,0,88,8,Arkansas Razorbacks,SEC,power,22,77,
2018,2018-01-06,2018-01-01,400988303,reg,0,1,38,Colorado Buffaloes,Pac-12,power,0,80,12,Arizona Wildcats,Pac-12,power,14,77,
2018,2018-01-06,2018-01-01,400988562,reg,0,1,2507,Providence Friars,Big East,high,0,81,2752,Xavier Musketeers,Big East,high,5,72,
2018,2018-01-06,2018-01-01,400988564,reg,0,1,2086,Butler Bulldogs,Big East,high,0,87,2550,Seton Hall Pirates,Big East,high,21,90,
2018,2018-01-06,2018-01-01,400988565,reg,0,1,222,Villanova Wildcats,Big East,high,3,100,269,Marquette Golden Eagles,Big East,high,0,90,
2018,2018-01-06,2018-01-01,400989182,reg,0,1,2628,TCU Horned Frogs,Big 12,power,16,84,2305,Kansas Jayhawks,Big 12,power,10,88,
2018,2018-01-06,2018-01-01,400989202,reg,0,1,2641,Texas Tech Red Raiders,Big 12,power,18,74,2306,Kansas State Wildcats,Big 12,power,0,58,
2018,2018-01-06,2018-01-01,400989219,reg,0,1,277,West Virginia Mountaineers,Big 12,power,6,89,201,Oklahoma Sooners,Big 12,power,7,76,
2018,2018-01-07,2018-01-01,400986190,reg,0,1,2390,Miami Hurricanes,ACC,power,15,80,52,Florida State Seminoles,ACC,power,24,74,
2018,2018-01-07,2018-01-01,400986494,reg,0,1,194,Ohio State Buckeyes,Big Ten,power,0,80,127,Michigan State Spartans,Big Ten,power,1,64,
2018,2018-01-07,2018-01-01,400988055,reg,0,1,2724,Wichita State Shockers,American,high,9,95,58,South Florida Bulls,American,high,0,57,
2018,2018-01-07,2018-01-01,400988056,reg,0,1,2132,Cincinnati Bearcats,American,high,19,76,2567,SMU Mustangs,American,high,0,56,
2018,2018-01-07,2018-01-01,400988306,reg,0,1,254,Utah Utes,Pac-12,power,0,77,9,Arizona State Sun Devils,Pac-12,power,4,80,
2018,2018-01-09,2018-01-08,400986191,reg,0,1,153,North Carolina Tar Heels,ACC,power,20,96,103,Boston College Eagles,ACC,power,0,66,
2018,2018-01-09,2018-01-08,400986192,reg,0,1,258,Virginia Cavaliers,ACC,power,3,68,183,Syracuse Orange,ACC,power,0,61,
2018,2018-01-09,2018-01-08,400986497,reg,0,1,130,Michigan Wolverines,Big Ten,power,0,69,2509,Purdue Boilermakers,Big Ten,power,5,70,
2018,2018-01-09,2018-01-08,400987299,reg,0,1,238,Vanderbilt Commodores,SEC,power,0,84,2633,Tennessee Volunteers,SEC,power,24,92,
2018,2018-01-09,2018-01-08,400987301,reg,0,1,96,Kentucky Wildcats,SEC,power,21,74,245,Texas A&M Aggies,SEC,power,0,73,
2018,2018-01-09,2018-01-08,400987302,reg,0,1,2,Auburn Tigers,SEC,power,22,85,145,Ole Miss Rebels,SEC,power,0,70,
2018,2018-01-09,2018-01-08,400988567,reg,0,1,156,Creighton Bluejays,Big East,high,25,85,2086,Butler Bulldogs,Big East,high,0,74,
2018,2018-01-09,2018-01-08,400988568,reg,0,1,269,Marquette Golden Eagles,Big East,high,0,84,2550,Seton Hall Pirates,Big East,high,13,64,
2018,2018-01-09,2018-01-08,400989136,reg,0,1,277,West Virginia Mountaineers,Big 12,power,2,57,239,Baylor Bears,Big 12,power,0,54,
2018,2018-01-09,2018-01-08,400989161,reg,0,1,2305,Kansas Jayhawks,Big 12,power,12,83,66,Iowa State Cyclones,Big 12,power,0,78,
2018,2018-01-09,2018-01-08,400989220,reg,0,1,201,Oklahoma Sooners,Big 12,power,9,75,2641,Texas Tech Red Raiders,Big 12,power,8,65,
2018,2018-01-10,2018-01-08,400986193,reg,0,1,221,Pittsburgh Panthers,ACC,power,0,52,150,Duke Blue Devils,ACC,power,7,87,
2018,2018-01-10,2018-01-08,400986195,reg,0,1,52,Florida State Seminoles,ACC,power,23,69,97,Louisville Cardinals,ACC,power,0,73,
2018,2018-01-10,2018-01-08,400986499,reg,0,1,127,Michigan State Spartans,Big Ten,power,4,76,164,Rutgers Scarlet Knights,Big Ten,power,0,72,
2018,2018-01-10,2018-01-08,400988569,reg,0,1,222,Villanova Wildcats,Big East,high,1,89,2752,Xavier Musketeers,Big East,high,10,65,
2018,2018-01-10,2018-01-08,400989250,reg,0,1,251,Texas Longhorns,Big 12,power,0,99,2628,TCU Horned Frogs,Big 12,power,16,98,
2018,2018-01-11,2018-01-08,400986197,reg,0,1,152,NC State Wolfpack,ACC,power,0,78,228,Clemson Tigers,ACC,power,19,77,
2018,2018-01-11,2018-01-08,400986891,reg,0,1,2250,Gonzaga Bulldogs,WCC,high,15,103,2501,Portland Pilots,WCC,high,0,57,
2018,2018-01-11,2018-01-08,400988061,reg,0,1,151,East Carolina Pirates,American,high,0,60,2724,Wichita State Shockers,American,high,5,95,
2018,2018-01-11,2018-01-08,400988310,reg,0,1,12,Arizona Wildcats,Pac-12,power,17,62,204,Oregon State Beavers,Pac-12,power,0,53,
2018,2018-01-11,2018-01-08,400988311,reg,0,1,9,Arizona State Sun Devils,Pac-12,power,11,72,2483,Oregon Ducks,Pac-12,power,0,76,
2018,2018-01-13,2018-01-08,400986198,reg,0,1,150,Duke Blue Devils,ACC,power,7,89,154,Wake Forest Demon Deacons,ACC,power,0,71,
2018,2018-01-13,2018-01-08,400986200,reg,0,1,228,Clemson Tigers,ACC,power,19,72,2390,Miami Hurricanes,ACC,power,18,63,
2018,2018-01-13,2018-01-08,400986202,reg,0,1,87,Notre Dame Fighting Irish,ACC,power,0,68,153,North Carolina Tar Heels,ACC,power,20,69,
2018,2018-01-13,2018-01-08,400986504,reg,0,1,127,Michigan State Spartans,Big Ten,power,4,72,130,Michigan Wolverines,Big Ten,power,0,82,
2018,2018-01-13,2018-01-08,400986505,reg,0,1,135,Minnesota Golden Gophers,Big Ten,power,0,47,2509,Purdue Boilermakers,Big Ten,power,5,81,
2018,2018-01-13,2018-01-08,400986607,reg,0,1,52,Florida State Seminoles,ACC,power,23,101,183,Syracuse Orange,ACC,power,0,90,
2018,2018-01-13,2018-01-08,400986892,reg,0,1,2539,San Francisco Dons,WCC,high,0,65,2250,Gonzaga Bulldogs,WCC,high,15,75,
2018,2018-01-13,2018-01-08,400987306,reg,0,1,2633,Tennessee Volunteers,SEC,power,24,75,245,Texas A&M Aggies,SEC,power,0,62,
2018,2018-01-13,2018-01-08,400987309,reg,0,1,238,Vanderbilt Commodores,SEC,power,0,67,96,Kentucky Wildcats,SEC,power,21,74,
2018,2018-01-13,2018-01-08,400987311,reg,0,1,344,Mississippi State Bulldogs,SEC,power,0,68,2,Auburn Tigers,SEC,power,22,76,
2018,2018-01-13,2018-01-08,400988064,reg,0,1,58,South Florida Bulls,American,high,0,55,2132,Cincinnati Bearcats,American,high,14,78,
2018,2018-01-13,2018-01-08,400988065,reg,0,1,202,Tulsa Golden Hurricane,American,high,0,69,2724,Wichita State Shockers,American,high,5,72,
2018,2018-01-13,2018-01-08,400988314,reg,0,1,12,Arizona Wildcats,Pac-12,power,17,90,2483,Oregon Ducks,Pac-12,power,0,83,
2018,2018-01-13,2018-01-08,400988316,reg,0,1,9,Arizona State Sun Devils,Pac-12,power,11,77,204,Oregon State Beavers,Pac-12,power,0,75,
2018,2018-01-13,2018-01-08,400988572,reg,0,1,2550,Seton Hall Pirates,Big East,high,13,74,46,Georgetown Hoyas,Big East,high,0,61,
2018,2018-01-13,2018-01-08,400988573,reg,0,1,2752,Xavier Musketeers,Big East,high,10,92,156,Creighton Bluejays,Big East,high,25,70,
2018,2018-01-13,2018-01-08,400988574,reg,0,1,2599,St. John's Red Storm,Big East,high,0,71,222,Villanova Wildcats,Big East,high,1,78,
2018,2018-01-13,2018-01-08,400989183,reg,0,1,2305,Kansas Jayhawks,Big 12,power,12,73,2306,Kansas State Wildcats,Big 12,power,0,72,
2018,2018-01-13,2018-01-08,400989221,reg,0,1,201,Oklahoma Sooners,Big 12,power,9,102,2628,TCU Horned Frogs,Big 12,power,16,97,
2018,2018-01-13,2018-01-08,400989273,reg,0,1,2641,Texas Tech Red Raiders,Big 12,power,8,72,277,West Virginia Mountaineers,Big 12,power,2,71,
2018,2018-01-14,2018-01-08,400986204,reg,0,1,258,Virginia Cavaliers,ACC,power,3,68,152,NC State Wolfpack,ACC,power,0,51,
2018,2018-01-15,2018-01-15,400986205,reg,0,1,2390,Miami Hurricanes,ACC,power,25,75,150,Duke Blue Devils,ACC,power,5,83,
2018,2018-01-15,2018-01-15,400986508,reg,0,1,130,Michigan Wolverines,Big Ten,power,23,68,120,Maryland Terrapins,Big Ten,power,0,67,
2018,2018-01-15,2018-01-15,400989184,reg,0,1,277,West Virginia Mountaineers,Big 12,power,6,66,2305,Kansas Jayhawks,Big 12,power,10,71,
2018,2018-01-16,2018-01-15,400986208,reg,0,1,153,North Carolina Tar Heels,ACC,power,15,87,228,Clemson Tigers,ACC,power,20,79,
2018,2018-01-16,2018-01-15,400986511,reg,0,1,2509,Purdue Boilermakers,Big Ten,power,3,78,275,Wisconsin Badgers,Big Ten,power,0,50,
2018,2018-01-16,2018-01-15,400987315,reg,0,1,2579,South Carolina Gamecocks,SEC,power,0,76,96,Kentucky Wildcats,SEC,power,18,68,
2018,2018-01-16,2018-01-15,400988067,reg,0,1,2116,UCF Knights,American,high,0,38,2132,Cincinnati Bearcats,American,high,12,49,
2018,2018-01-16,2018-01-15,400989204,reg,0,1,2306,Kansas State Wildcats,Big 12,power,0,87,201,Oklahoma Sooners,Big 12,power,4,69,
2018,2018-01-17,2018-01-15,400986512,reg,0,1,77,Northwestern Wildcats,Big Ten,power,0,65,194,Ohio State Buckeyes,Big Ten,power,22,71,
2018,2018-01-17,2018-01-15,400987317,reg,0,1,142,Missouri Tigers,SEC,power,0,59,2633,Tennessee Volunteers,SEC,power,21,55,
2018,2018-01-17,2018-01-15,400987319,reg,0,1,333,Alabama Crimson Tide,SEC,power,0,76,2,Auburn Tigers,SEC,power,17,71,
2018,2018-01-17,2018-01-15,400988071,reg,0,1,2724,Wichita State Shockers,American,high,7,78,2567,SMU Mustangs,American,high,0,83,
2018,2018-01-17,2018-01-15,400988320,reg,0,1,25,California Golden Bears,Pac-12,power,0,58,12,Arizona Wildcats,Pac-12,power,14,79,
2018,2018-01-17,2018-01-15,400988321,reg,0,1,24,Stanford Cardinal,Pac-12,power,0,86,9,Arizona State Sun Devils,Pac-12,power,16,77,
2018,2018-01-17,2018-01-15,400988577,reg,0,1,46,Georgetown Hoyas,Big East,high,0,56,222,Villanova Wildcats,Big East,high,1,88,
2018,2018-01-17,2018-01-15,400988578,reg,0,1,156,Creighton Bluejays,Big East,high,0,80,2550,Seton Hall Pirates,Big East,high,19,63,
2018,2018-01-17,2018-01-15,400988579,reg,0,1,2752,Xavier Musketeers,Big East,high,11,88,2599,St. John's Red Storm,Big East,high,0,82,
2018,2018-01-17,2018-01-15,400989162,reg,0,1,2628,TCU Horned Frogs,Big 12,power,24,96,66,Iowa State Cyclones,Big 12,power,0,73,
2018,2018-01-17,2018-01-15,400989262,reg,0,1,251,Texas Longhorns,Big 12,power,0,67,2641,Texas Tech Red Raiders,Big 12,power,8,58,
2018,2018-01-18,2018-01-15,400986210,reg,0,1,59,Georgia Tech Yellow Jackets,ACC,power,0,48,258,Virginia Cavaliers,ACC,power,2,64,
2018,2018-01-18,2018-01-15,400986514,reg,0,1,158,Nebraska Cornhuskers,Big Ten,power,0,72,130,Michigan Wolverines,Big Ten,power,23,52,
2018,2018-01-18,2018-01-15,400986893,reg,0,1,2250,Gonzaga Bulldogs,WCC,high,13,71,2608,Saint Mary's Gaels,WCC,high,0,74,
2018,2018-01-19,2018-01-15,400986517,reg,0,1,127,Michigan State Spartans,Big Ten,power,9,85,84,Indiana Hoosiers,Big Ten,power,0,57,
2018,2018-01-20,2018-01-15,400986212,reg,0,1,153,North Carolina Tar Heels,ACC,power,15,80,59,Georgia Tech Yellow Jackets,ACC,power,0,66,
2018,2018-01-20,2018-01-15,400986213,reg,0,1,228,Clemson Tigers,ACC,power,20,67,87,Notre Dame Fighting Irish,ACC,power,0,58,
2018,2018-01-20,2018-01-15,400986214,reg,0,1,150,Duke Blue Devils,ACC,power,5,81,221,Pittsburgh Panthers,ACC,power,0,54,
2018,2018-01-20,2018-01-15,400986518,reg,0,1,2294,Iowa Hawkeyes,Big Ten,power,0,64,2509,Purdue Boilermakers,Big Ten,power,3,87,
2018,2018-01-20,2018-01-15,400986520,reg,1,1,135,Minnesota Golden Gophers,Big Ten,power,0,49,194,Ohio State Buckeyes,Big Ten,power,22,67,
2018,2018-01-20,2018-01-15,400986894,reg,0,1,2541,Santa Clara Broncos,WCC,high,0,60,2250,Gonzaga Bulldogs,WCC,high,13,75,
2018,2018-01-20,2018-01-15,400987320,reg,0,1,2579,South Carolina Gamecocks,SEC,power,0,63,2633,Tennessee Volunteers,SEC,power,21,70,
2018,2018-01-20,2018-01-15,400987322,reg,0,1,2,Auburn Tigers,SEC,power,17,79,61,Georgia Bulldogs,SEC,power,0,65,
2018,2018-01-20,2018-01-15,400987324,reg,0,1,96,Kentucky Wildcats,SEC,power,18,64,57,Florida Gators,SEC,power,0,66,
2018,2018-01-20,2018-01-15,400988073,reg,0,0,41,UConn Huskies,American,high,0,61,222,Villanova Wildcats,Big East,high,1,81,
2018,2018-01-20,2018-01-15,400988074,reg,0,1,248,Houston Cougars,American,high,0,73,2724,Wichita State Shockers,American,high,7,59,
2018,2018-01-20,2018-01-15,400988075,reg,0,1,2132,Cincinnati Bearcats,American,high,12,86,151,East Carolina Pirates,American,high,0,60,
2018,2018-01-20,2018-01-15,400988326,reg,0,1,24,Stanford Cardinal,Pac-12,power,0,71,12,Arizona Wildcats,Pac-12,power,14,73,
2018,2018-01-20,2018-01-15,400988330,reg,0,1,25,California Golden Bears,Pac-12,power,0,73,9,Arizona State Sun Devils,Pac-12,power,16,81,
2018,2018-01-20,2018-01-15,400988582,reg,0,1,2550,Seton Hall Pirates,Big East,high,19,64,2752,Xavier Musketeers,Big East,high,11,73,
2018,2018-01-20,2018-01-15,400989139,reg,0,1,2305,Kansas Jayhawks,Big 12,power,10,70,239,Baylor Bears,Big 12,power,0,67,
2018,2018-01-20,2018-01-15,400989163,reg,0,1,66,Iowa State Cyclones,Big 12,power,0,70,2641,Texas Tech Red Raiders,Big 12,power,8,52,
2018,2018-01-20,2018-01-15,400989205,reg,0,1,2306,Kansas State Wildcats,Big 12,power,0,73,2628,TCU Horned Frogs,Big 12,power,24,68,
2018,2018-01-20,2018-01-15,400989222,reg,0,1,197,Oklahoma State Cowboys,Big 12,power,0,83,201,Oklahoma Sooners,Big 12,power,4,81,
2018,2018-01-20,2018-01-15,400989263,reg,0,1,277,West Virginia Mountaineers,Big 12,power,6,86,251,Texas Longhorns,Big 12,power,0,51,
2018,2018-01-21,2018-01-15,400986216,reg,0,1,152,NC State Wolfpack,ACC,power,0,81,2390,Miami Hurricanes,ACC,power,25,86,
2018,2018-01-21,2018-01-15,400986217,reg,0,1,154,Wake Forest Demon Deacons,ACC,power,0,49,258,Virginia Cavaliers,ACC,power,2,59,
2018,2018-01-21,2018-01-15,400986521,reg,0,1,130,Michigan Wolverines,Big Ten,power,23,62,164,Rutgers Scarlet Knights,Big Ten,power,0,47,
2018,2018-01-22,2018-01-22,400986218,reg,0,1,259,Virginia Tech Hokies,ACC,power,0,80,153,North Carolina Tar Heels,ACC,power,10,69,
2018,2018-01-22,2018-01-22,400986522,reg,0,1,194,Ohio State Buckeyes,Big Ten,power,13,64,158,Nebraska Cornhuskers,Big Ten,power,0,59,
2018,2018-01-22,2018-01-22,400986523,reg,0,1,356,Illinois Fighting Illini,Big Ten,power,0,74,127,Michigan State Spartans,Big Ten,power,6,87,
2018,2018-01-22,2018-01-22,400989251,reg,0,1,2628,TCU Horned Frogs,Big 12,power,0,82,277,West Virginia Mountaineers,Big 12,power,7,73,
2018,2018-01-23,2018-01-22,400986219,reg,0,1,258,Virginia Cavaliers,ACC,power,2,61,228,Clemson Tigers,ACC,power,18,36,
2018,2018-01-23,2018-01-22,400986220,reg,0,1,154,Wake Forest Demon Deacons,ACC,power,0,70,150,Duke Blue Devils,ACC,power,4,84,
2018,2018-01-23,2018-01-22,400987331,reg,0,1,2633,Tennessee Volunteers,SEC,power,22,67,238,Vanderbilt Commodores,SEC,power,0,62,
2018,2018-01-23,2018-01-22,400988584,reg,0,1,222,Villanova Wildcats,Big East,high,1,89,2507,Providence Friars,Big East,high,0,69,
2018,2018-01-23,2018-01-22,400989185,reg,0,1,201,Oklahoma Sooners,Big 12,power,12,85,2305,Kansas Jayhawks,Big 12,power,5,80,
2018,2018-01-23,2018-01-22,400989234,reg,0,1,2641,Texas Tech Red Raiders,Big 12,power,14,75,197,Oklahoma State Cowboys,Big 12,power,0,70,
2018,2018-01-24,2018-01-22,400987332,reg,0,1,57,Florida Gators,SEC,power,20,72,2579,South Carolina Gamecocks,SEC,power,0,77,
2018,2018-01-24,2018-01-22,400987333,reg,0,1,142,Missouri Tigers,SEC,power,0,73,2,Auburn Tigers,SEC,power,19,91,
2018,2018-01-24,2018-01-22,400988080,reg,0,1,2132,Cincinnati Bearcats,American,high,9,75,218,Temple Owls,American,high,0,42,
2018,2018-01-24,2018-01-22,400988586,reg,0,1,2752,Xavier Musketeers,Big East,high,8,89,269,Marquette Golden Eagles,Big East,high,0,70,
2018,2018-01-24,2018-01-22,400989870,reg,0,1,2230,Fordham Rams,A-10,high,0,58,227,Rhode Island Rams,A-10,high,24,78,
2018,2018-01-24,2018-01-22,400991772,reg,0,1,2751,Wyoming Cowboys,Mountain West,high,0,104,2440,Nevada Wolf Pack,Mountain West,high,23,103,
2018,2018-01-25,2018-01-22,400986529,reg,0,1,194,Ohio State Buckeyes,Big Ten,power,13,79,213,Penn State Nittany Lions,Big Ten,power,0,82,
2018,2018-01-25,2018-01-22,400986530,reg,0,1,2509,Purdue Boilermakers,Big Ten,power,3,92,130,Michigan Wolverines,Big Ten,power,25,88,
2018,2018-01-25,2018-01-22,400986867,reg,0,1,2608,Saint Mary's Gaels,WCC,high,16,75,252,BYU Cougars,WCC,high,0,62,
2018,2018-01-25,2018-01-22,400986895,reg,0,1,2501,Portland Pilots,WCC,high,0,79,2250,Gonzaga Bulldogs,WCC,high,15,95,
2018,2018-01-25,2018-01-22,400988082,reg,0,1,2724,Wichita State Shockers,American,high,17,81,2116,UCF Knights,American,high,0,62,
2018,2018-01-25,2018-01-22,400988333,reg,0,1,12,Arizona Wildcats,Pac-12,power,11,80,38,Colorado Buffaloes,Pac-12,power,0,71,
2018,2018-01-25,2018-01-22,400988334,reg,0,1,9,Arizona State Sun Devils,Pac-12,power,21,77,254,Utah Utes,Pac-12,power,0,80,
2018,2018-01-26,2018-01-22,400986531,reg,0,1,127,Michigan State Spartans,Big Ten,power,6,76,275,Wisconsin Badgers,Big Ten,power,0,61,
2018,2018-01-27,2018-01-22,400986225,reg,0,1,153,North Carolina Tar Heels,ACC,power,10,91,152,NC State Wolfpack,ACC,power,0,95,
2018,2018-01-27,2018-01-22,400986226,reg,0,1,150,Duke Blue Devils,ACC,power,4,63,258,Virginia Cavaliers,ACC,power,2,65,
2018,2018-01-27,2018-01-22,400986896,reg,0,1,2250,Gonzaga Bulldogs,WCC,high,15,82,2539,San Francisco Dons,WCC,high,0,73,
2018,2018-01-27,2018-01-22,400986986,reg,0,1,2608,Saint Mary's Gaels,WCC,high,16,72,2501,Portland Pilots,WCC,high,0,55,
2018,2018-01-27,2018-01-22,400987334,reg,0,0,2305,Kansas Jayhawks,Big 12,power,5,79,245,Texas A&M Aggies,SEC,power,0,68,BIG 12/SEC CHALLENGE
2018,2018-01-27,2018-01-22,400987335,reg,0,0,66,Iowa State Cyclones,Big 12,power,0,45,2633,Tennessee Volunteers,SEC,power,22,68,BIG 12/SEC CHALLENGE
2018,2018-01-27,2018-01-22,400987336,reg,0,0,2579,South Carolina Gamecocks,SEC,power,0,63,2641,Texas Tech Red Raiders,Big 12,power,14,70,BIG 12/SEC CHALLENGE
2018,2018-01-27,2018-01-22,400987339,reg,0,0,277,West Virginia Mountaineers,Big 12,power,7,76,96,Kentucky Wildcats,SEC,power,0,83,BIG 12/SEC CHALLENGE
2018,2018-01-27,2018-01-22,400987342,reg,0,1,2,Auburn Tigers,SEC,power,19,95,99,LSU Tigers,SEC,power,0,70,
2018,2018-01-27,2018-01-22,400987343,reg,0,0,57,Florida Gators,SEC,power,20,81,239,Baylor Bears,Big 12,power,0,60,BIG 12/SEC CHALLENGE
2018,2018-01-27,2018-01-22,400987344,reg,0,0,333,Alabama Crimson Tide,SEC,power,0,80,201,Oklahoma Sooners,Big 12,power,12,73,BIG 12/SEC CHALLENGE
2018,2018-01-27,2018-01-22,400988084,reg,0,1,235,Memphis Tigers,American,high,0,48,2132,Cincinnati Bearcats,American,high,9,62,
2018,2018-01-27,2018-01-22,400988336,reg,0,1,12,Arizona Wildcats,Pac-12,power,11,74,254,Utah Utes,Pac-12,power,0,73,
2018,2018-01-27,2018-01-22,400988338,reg,0,1,9,Arizona State Sun Devils,Pac-12,power,21,80,38,Colorado Buffaloes,Pac-12,power,0,66,
2018,2018-01-27,2018-01-22,400989850,reg,0,1,227,Rhode Island Rams,A-10,high,24,61,2184,Duquesne Dukes,A-10,high,0,58,
2018,2018-01-28,2018-01-22,400986230,reg,0,1,59,Georgia Tech Yellow Jackets,ACC,power,0,70,228,Clemson Tigers,ACC,power,18,72,
2018,2018-01-28,2018-01-22,400986534,reg,0,1,120,Maryland Terrapins,Big Ten,power,0,68,127,Michigan State Spartans,Big Ten,power,6,74,
2018,2018-01-28,2018-01-22,400986535,reg,0,1,84,Indiana Hoosiers,Big Ten,power,0,67,2509,Purdue Boilermakers,Big Ten,power,3,74,
2018,2018-01-28,2018-01-22,400988087,reg,0,1,2724,Wichita State Shockers,American,high,17,90,202,Tulsa Golden Hurricane,American,high,0,71,
2018,2018-01-28,2018-01-22,400988590,reg,0,1,269,Marquette Golden Eagles,Big East,high,0,82,222,Villanova Wildcats,Big East,high,1,85,
2018,2018-01-29,2018-01-29,400986231,reg,0,1,150,Duke Blue Devils,ACC,power,4,88,87,Notre Dame Fighting Irish,ACC,power,0,66,
2018,2018-01-29,2018-01-29,400986536,reg,0,1,130,Michigan Wolverines,Big Ten,power,24,58,77,Northwestern Wildcats,Big Ten,power,0,47,
2018,2018-01-29,2018-01-29,400989186,reg,0,1,2306,Kansas State Wildcats,Big 12,power,0,56,2305,Kansas Jayhawks,Big 12,power,7,70,
2018,2018-01-30,2018-01-29,400986232,reg,0,1,228,Clemson Tigers,ACC,power,20,82,153,North Carolina Tar Heels,ACC,power,19,78,
2018,2018-01-30,2018-01-29,400986538,reg,0,1,194,Ohio State Buckeyes,Big Ten,power,17,71,84,Indiana Hoosiers,Big Ten,power,0,56,
2018,2018-01-30,2018-01-29,400987346,reg,0,1,145,Ole Miss Rebels,SEC,power,0,70,2,Auburn Tigers,SEC,power,11,79,
2018,2018-01-30,2018-01-29,400987347,reg,0,1,96,Kentucky Wildcats,SEC,power,21,83,238,Vanderbilt Commodores,SEC,power,0,81,
2018,2018-01-30,2018-01-29,400987348,reg,0,1,61,Georgia Bulldogs,SEC,power,0,72,57,Florida Gators,SEC,power,23,60,
2018,2018-01-30,2018-01-29,400988592,reg,0,1,2599,St. John's Red Storm,Big East,high,0,68,2752,Xavier Musketeers,Big East,high,6,73,
2018,2018-01-30,2018-01-29,400989141,reg,0,1,201,Oklahoma Sooners,Big 12,power,12,98,239,Baylor Bears,Big 12,power,0,96,
2018,2018-01-30,2018-01-29,400990096,reg,0,1,113,UMass Minutemen,A-10,high,0,83,227,Rhode Island Rams,A-10,high,22,85,
2018,2018-01-31,2018-01-29,400986234,reg,0,1,258,Virginia Cavaliers,ACC,power,2,74,97,Louisville Cardinals,ACC,power,0,64,
2018,2018-01-31,2018-01-29,400986541,reg,0,1,127,Michigan State Spartans,Big Ten,power,5,76,213,Penn State Nittany Lions,Big Ten,power,0,68,
2018,2018-01-31,2018-01-29,400986542,reg,0,1,2509,Purdue Boilermakers,Big Ten,power,3,75,120,Maryland Terrapins,Big Ten,power,0,67,
2018,2018-01-31,2018-01-29,400987350,reg,0,1,2633,Tennessee Volunteers,SEC,power,18,84,99,LSU Tigers,SEC,power,0,61,
2018,2018-01-31,2018-01-29,400988090,reg,0,1,2132,Cincinnati Bearcats,American,high,8,80,248,Houston Cougars,American,high,0,70,
2018,2018-01-31,2018-01-29,400988342,reg,0,1,265,Washington State Cougars,Pac-12,power,0,72,12,Arizona Wildcats,Pac-12,power,9,100,
2018,2018-01-31,2018-01-29,400989165,reg,0,1,66,Iowa State Cyclones,Big 12,power,0,93,277,West Virginia Mountaineers,Big 12,power,15,77,
2018,2018-01-31,2018-01-29,400989264,reg,0,1,2641,Texas Tech Red Raiders,Big 12,power,10,73,251,Texas Longhorns,Big 12,power,0,71,
2018,2018-02-01,2018-01-29,400986897,reg,0,1,2250,Gonzaga Bulldogs,WCC,high,14,69,301,San Diego Toreros,WCC,high,0,59,
2018,2018-02-01,2018-01-29,400987061,reg,0,1,2608,Saint Mary's Gaels,WCC,high,13,79,2539,San Francisco Dons,WCC,high,0,43,
2018,2018-02-01,2018-01-29,400988093,reg,0,1,218,Temple Owls,American,high,0,81,2724,Wichita State Shockers,American,high,16,79,
2018,2018-02-01,2018-01-29,400988344,reg,0,1,264,Washington Huskies,Pac-12,power,0,68,9,Arizona State Sun Devils,Pac-12,power,25,64,
2018,2018-02-01,2018-01-29,400988595,reg,0,1,222,Villanova Wildcats,Big East,high,1,98,156,Creighton Bluejays,Big East,high,0,78,
2018,2018-02-02,2018-01-29,400989927,reg,0,1,2670,VCU Rams,A-10,high,0,68,227,Rhode Island Rams,A-10,high,22,81,
2018,2018-02-03,2018-01-29,400986238,reg,0,0,2599,St. John's Red Storm,Big East,high,0,81,150,Duke Blue Devils,ACC,power,4,77,
2018,2018-02-03,2018-01-29,400986240,reg,0,1,154,Wake Forest Demon Deacons,ACC,power,0,67,228,Clemson Tigers,ACC,power,20,75,
2018,2018-02-03,2018-01-29,400986241,reg,0,1,183,Syracuse Orange,ACC,power,0,44,258,Virginia Cavaliers,ACC,power,2,59,
2018,2018-02-03,2018-01-29,400986242,reg,0,1,153,North Carolina Tar Heels,ACC,power,19,96,221,Pittsburgh Panthers,ACC,power,0,65,
2018,2018-02-03,2018-01-29,400986544,reg,0,1,130,Michigan Wolverines,Big Ten,power,24,76,135,Minnesota Golden Gophers,Big Ten,power,0,73,
2018,2018-02-03,2018-01-29,400986545,reg,0,1,84,Indiana Hoosiers,Big Ten,power,0,60,127,Michigan State Spartans,Big Ten,power,5,63,
2018,2018-02-03,2018-01-29,400986546,reg,0,1,164,Rutgers Scarlet Knights,Big Ten,power,0,76,2509,Purdue Boilermakers,Big Ten,power,3,78,
2018,2018-02-03,2018-01-29,400986870,reg,0,1,2250,Gonzaga Bulldogs,WCC,high,14,68,252,BYU Cougars,WCC,high,0,60,
2018,2018-02-03,2018-01-29,400987005,reg,0,1,301,San Diego Toreros,WCC,high,0,62,2608,Saint Mary's Gaels,WCC,high,13,65,
2018,2018-02-03,2018-01-29,400987354,reg,0,1,142,Missouri Tigers,SEC,power,0,69,96,Kentucky Wildcats,SEC,power,21,60,
2018,2018-02-03,2018-01-29,400987356,reg,0,1,2633,Tennessee Volunteers,SEC,power,18,94,145,Ole Miss Rebels,SEC,power,0,61,
2018,2018-02-03,2018-01-29,400987358,reg,0,1,2,Auburn Tigers,SEC,power,11,93,238,Vanderbilt Commodores,SEC,power,0,81,
2018,2018-02-03,2018-01-29,400987359,reg,0,1,57,Florida Gators,SEC,power,23,50,333,Alabama Crimson Tide,SEC,power,0,68,
2018,2018-02-03,2018-01-29,400988095,reg,0,1,41,UConn Huskies,American,high,0,57,2132,Cincinnati Bearcats,American,high,8,65,
2018,2018-02-03,2018-01-29,400988350,reg,0,1,264,Washington Huskies,Pac-12,power,0,78,12,Arizona Wildcats,Pac-12,power,9,75,
2018,2018-02-03,2018-01-29,400988598,reg,0,1,2752,Xavier Musketeers,Big East,high,6,96,46,Georgetown Hoyas,Big East,high,0,91,
2018,2018-02-03,2018-01-29,400989187,reg,0,1,2305,Kansas Jayhawks,Big 12,power,7,79,197,Oklahoma State Cowboys,Big 12,power,0,84,
2018,2018-02-03,2018-01-29,400989206,reg,0,1,277,West Virginia Mountaineers,Big 12,power,15,89,2306,Kansas State Wildcats,Big 12,power,0,51,
2018,2018-02-03,2018-01-29,400989223,reg,0,1,251,Texas Longhorns,Big 12,power,0,79,201,Oklahoma Sooners,Big 12,power,12,74,
2018,2018-02-03,2018-01-29,400989252,reg,0,1,2628,TCU Horned Frogs,Big 12,power,0,71,2641,Texas Tech Red Raiders,Big 12,power,10,83,
2018,2018-02-04,2018-01-29,400986549,reg,0,1,194,Ohio State Buckeyes,Big Ten,power,17,75,356,Illinois Fighting Illini,Big Ten,power,0,67,
2018,2018-02-04,2018-01-29,400988351,reg,0,1,265,Washington State Cougars,Pac-12,power,0,78,9,Arizona State Sun Devils,Pac-12,power,25,88,
2018,2018-02-04,2018-01-29,400988599,reg,0,1,222,Villanova Wildcats,Big East,high,1,92,2550,Seton Hall Pirates,Big East,high,0,76,
2018,2018-02-05,2018-02-05,400989224,reg,0,1,201,Oklahoma Sooners,Big 12,power,17,73,277,West Virginia Mountaineers,Big 12,power,19,75,
2018,2018-02-06,2018-02-05,400986551,reg,0,1,2294,Iowa Hawkeyes,Big Ten,power,0,93,127,Michigan State Spartans,Big Ten,power,4,96,
2018,2018-02-06,2018-02-05,400986552,reg,0,1,77,Northwestern Wildcats,Big Ten,power,0,61,130,Michigan Wolverines,Big Ten,power,20,52,
2018,2018-02-06,2018-02-05,400987360,reg,0,1,96,Kentucky Wildcats,SEC,power,24,59,2633,Tennessee Volunteers,SEC,power,15,61,
2018,2018-02-06,2018-02-05,400988100,reg,0,1,2132,Cincinnati Bearcats,American,high,6,77,2116,UCF Knights,American,high,0,40,
2018,2018-02-06,2018-02-05,400988101,reg,0,1,235,Memphis Tigers,American,high,0,65,2724,Wichita State Shockers,American,high,22,85,
2018,2018-02-06,2018-02-05,400988600,reg,0,1,2086,Butler Bulldogs,Big East,high,0,93,2752,Xavier Musketeers,Big East,high,5,98,
2018,2018-02-06,2018-02-05,400989188,reg,0,1,2305,Kansas Jayhawks,Big 12,power,10,71,2628,TCU Horned Frogs,Big 12,power,0,64,
2018,2018-02-07,2018-02-05,400986246,reg,0,1,52,Florida State Seminoles,ACC,power,0,55,258,Virginia Cavaliers,ACC,power,2,59,
2018,2018-02-07,2018-02-05,400986247,reg,0,1,2390,Miami Hurricanes,ACC,power,25,87,154,Wake Forest Demon Deacons,ACC,power,0,81,
2018,2018-02-07,2018-02-05,400986554,reg,0,1,2509,Purdue Boilermakers,Big Ten,power,3,63,194,Ohio State Buckeyes,Big Ten,power,14,64,
2018,2018-02-07,2018-02-05,400987366,reg,0,1,2,Auburn Tigers,SEC,power,8,80,245,Texas A&M Aggies,SEC,power,0,81,
2018,2018-02-07,2018-02-05,400988603,reg,0,1,222,Villanova Wildcats,Big East,high,1,75,2599,St. John's Red Storm,Big East,high,0,79,
2018,2018-02-07,2018-02-05,400989166,reg,0,1,2641,Texas Tech Red Raiders,Big 12,power,7,76,66,Iowa State Cyclones,Big 12,power,0,58,
2018,2018-02-07,2018-02-05,400991773,reg,0,1,2440,Nevada Wolf Pack,Mountain West,high,23,78,2439,UNLV Rebels,Mountain West,high,0,86,
2018,2018-02-08,2018-02-05,400986249,reg,0,1,228,Clemson Tigers,ACC,power,16,72,221,Pittsburgh Panthers,ACC,power,0,48,
2018,2018-02-08,2018-02-05,400986251,reg,0,1,153,North Carolina Tar Heels,ACC,power,21,82,150,Duke Blue Devils,ACC,power,9,78,
2018,2018-02-08,2018-02-05,400986898,reg,0,1,279,Pacific Tigers,WCC,high,0,61,2250,Gonzaga Bulldogs,WCC,high,12,71,
2018,2018-02-08,2018-02-05,400986922,reg,0,1,2351,Loyola Marymount Lions,WCC,high,0,62,2608,Saint Mary's Gaels,WCC,high,11,83,
2018,2018-02-08,2018-02-05,400988355,reg,0,1,12,Arizona Wildcats,Pac-12,power,13,74,26,UCLA Bruins,Pac-12,power,0,82,
2018,2018-02-09,2018-02-05,400989793,reg,0,1,227,Rhode Island Rams,A-10,high,18,72,2166,Davidson Wildcats,A-10,high,0,59,
2018,2018-02-10,2018-02-05,400986252,reg,0,1,152,NC State Wolfpack,ACC,power,0,89,153,North Carolina Tar Heels,ACC,power,21,96,
2018,2018-02-10,2018-02-05,400986253,reg,0,1,103,Boston College Eagles,ACC,power,0,72,2390,Miami Hurricanes,ACC,power,25,70,
2018,2018-02-10,2018-02-05,400986255,reg,0,1,258,Virginia Cavaliers,ACC,power,2,60,259,Virginia Tech Hokies,ACC,power,0,61,
2018,2018-02-10,2018-02-05,400986558,reg,0,1,127,Michigan State Spartans,Big Ten,power,4,68,2509,Purdue Boilermakers,Big Ten,power,3,65,
2018,2018-02-10,2018-02-05,400986559,reg,0,1,194,Ohio State Buckeyes,Big Ten,power,14,82,2294,Iowa Hawkeyes,Big Ten,power,0,64,
2018,2018-02-10,2018-02-05,400986899,reg,0,1,2608,Saint Mary's Gaels,WCC,high,11,65,2250,Gonzaga Bulldogs,WCC,high,12,78,
2018,2018-02-10,2018-02-05,400987367,reg,0,1,333,Alabama Crimson Tide,SEC,power,0,78,2633,Tennessee Volunteers,SEC,power,15,50,
2018,2018-02-10,2018-02-05,400987371,reg,0,1,245,Texas A&M Aggies,SEC,power,0,85,96,Kentucky Wildcats,SEC,power,24,74,
2018,2018-02-10,2018-02-05,400987372,reg,0,1,61,Georgia Bulldogs,SEC,power,0,61,2,Auburn Tigers,SEC,power,8,78,
2018,2018-02-10,2018-02-05,400988107,reg,0,1,2724,Wichita State Shockers,American,high,22,95,41,UConn Huskies,American,high,0,74,
2018,2018-02-10,2018-02-05,400988361,reg,0,1,12,Arizona Wildcats,Pac-12,power,13,81,30,USC Trojans,Pac-12,power,0,67,
2018,2018-02-10,2018-02-05,400988606,reg,0,1,222,Villanova Wildcats,Big East,high,1,86,2086,Butler Bulldogs,Big East,high,0,75,
2018,2018-02-10,2018-02-05,400988607,reg,0,1,156,Creighton Bluejays,Big East,high,0,71,2752,Xavier Musketeers,Big East,high,5,72,
2018,2018-02-10,2018-02-05,400989144,reg,0,1,239,Baylor Bears,Big 12,power,0,80,2305,Kansas Jayhawks,Big 12,power,10,64,
2018,2018-02-10,2018-02-05,400989167,reg,0,1,66,Iowa State Cyclones,Big 12,power,0,88,201,Oklahoma Sooners,Big 12,power,17,80,
2018,2018-02-10,2018-02-05,400989208,reg,0,1,2306,Kansas State Wildcats,Big 12,power,0,47,2641,Texas Tech Red Raiders,Big 12,power,7,66,
2018,2018-02-10,2018-02-05,400989236,reg,0,1,277,West Virginia Mountaineers,Big 12,power,19,85,197,Oklahoma State Cowboys,Big 12,power,0,88,
2018,2018-02-10,2018-02-05,400991774,reg,0,1,2440,Nevada Wolf Pack,Mountain West,high,23,83,21,San Diego State Aztecs,Mountain West,high,0,58,
2018,2018-02-11,2018-02-05,400986257,reg,0,1,59,Georgia Tech Yellow Jackets,ACC,power,0,69,150,Duke Blue Devils,ACC,power,9,80,
2018,2018-02-11,2018-02-05,400986562,reg,0,1,275,Wisconsin Badgers,Big Ten,power,0,72,130,Michigan Wolverines,Big Ten,power,20,83,
2018,2018-02-11,2018-02-05,400988110,reg,0,1,2567,SMU Mustangs,American,high,0,51,2132,Cincinnati Bearcats,American,high,6,76,
2018,2018-02-12,2018-02-12,400986258,reg,0,1,153,North Carolina Tar Heels,ACC,power,14,83,87,Notre Dame Fighting Irish,ACC,power,0,66,
2018,2018-02-12,2018-02-12,400989254,reg,0,1,277,West Virginia Mountaineers,Big 12,power,20,82,2628,TCU Horned Frogs,Big 12,power,0,66,
2018,2018-02-13,2018-02-12,400986260,reg,0,1,2390,Miami Hurricanes,ACC,power,0,50,258,Virginia Cavaliers,ACC,power,1,59,
2018,2018-02-13,2018-02-12,400986564,reg,0,1,135,Minnesota Golden Gophers,Big Ten,power,0,57,127,Michigan State Spartans,Big Ten,power,2,87,
2018,2018-02-13,2018-02-12,400987374,reg,0,1,2633,Tennessee Volunteers,SEC,power,18,70,2579,South Carolina Gamecocks,SEC,power,0,67,
2018,2018-02-13,2018-02-12,400987375,reg,0,1,142,Missouri Tigers,SEC,power,0,62,245,Texas A&M Aggies,SEC,power,21,58,
2018,2018-02-13,2018-02-12,400989168,reg,0,1,66,Iowa State Cyclones,Big 12,power,0,77,2305,Kansas Jayhawks,Big 12,power,13,83,
2018,2018-02-13,2018-02-12,400989225,reg,0,1,2641,Texas Tech Red Raiders,Big 12,power,7,88,201,Oklahoma Sooners,Big 12,power,23,78,
2018,2018-02-13,2018-02-12,400989983,reg,0,1,227,Rhode Island Rams,A-10,high,16,85,257,Richmond Spiders,A-10,high,0,67,
2018,2018-02-14,2018-02-12,400986261,reg,0,1,150,Duke Blue Devils,ACC,power,12,74,259,Virginia Tech Hokies,ACC,power,0,52,
2018,2018-02-14,2018-02-12,400986318,reg,0,1,52,Florida State Seminoles,ACC,power,0,81,228,Clemson Tigers,ACC,power,11,79,
2018,2018-02-14,2018-02-12,400986567,reg,0,1,130,Michigan Wolverines,Big Ten,power,22,74,2294,Iowa Hawkeyes,Big Ten,power,0,59,
2018,2018-02-14,2018-02-12,400987379,reg,0,1,2,Auburn Tigers,SEC,power,10,76,96,Kentucky Wildcats,SEC,power,0,66,
2018,2018-02-14,2018-02-12,400988612,reg,0,1,2507,Providence Friars,Big East,high,0,76,222,Villanova Wildcats,Big East,high,3,71,
2018,2018-02-14,2018-02-12,400988614,reg,0,1,2752,Xavier Musketeers,Big East,high,4,102,2550,Seton Hall Pirates,Big East,high,0,90,
2018,2018-02-14,2018-02-12,400991721,reg,0,1,68,Boise State Broncos,Mountain West,high,0,72,2440,Nevada Wolf Pack,Mountain West,high,24,77,
2018,2018-02-15,2018-02-12,400986569,reg,0,1,275,Wisconsin Badgers,Big Ten,power,0,57,2509,Purdue Boilermakers,Big Ten,power,6,53,
2018,2018-02-15,2018-02-12,400986570,reg,0,1,213,Penn State Nittany Lions,Big Ten,power,0,79,194,Ohio State Buckeyes,Big Ten,power,8,56,
2018,2018-02-15,2018-02-12,400986900,reg,0,1,2250,Gonzaga Bulldogs,WCC,high,9,76,2351,Loyola Marymount Lions,WCC,high,0,46,
2018,2018-02-15,2018-02-12,400987059,reg,0,1,2539,San Francisco Dons,WCC,high,0,70,2608,Saint Mary's Gaels,WCC,high,15,63,
2018,2018-02-15,2018-02-12,400988114,reg,0,1,2724,Wichita State Shockers,American,high,19,93,218,Temple Owls,American,high,0,86,
2018,2018-02-15,2018-02-12,400988116,reg,0,1,248,Houston Cougars,American,high,0,67,2132,Cincinnati Bearcats,American,high,5,62,
2018,2018-02-15,2018-02-12,400988366,reg,0,1,9,Arizona State Sun Devils,Pac-12,power,25,70,12,Arizona Wildcats,Pac-12,power,17,77,
2018,2018-02-16,2018-02-12,400989947,reg,0,1,179,St. Bonaventure Bonnies,A-10,high,0,77,227,Rhode Island Rams,A-10,high,16,74,
2018,2018-02-17,2018-02-12,400986267,reg,0,1,97,Louisville Cardinals,ACC,power,0,76,153,North Carolina Tar Heels,ACC,power,14,93,
2018,2018-02-17,2018-02-12,400986571,reg,0,1,77,Northwestern Wildcats,Big Ten,power,0,60,127,Michigan State Spartans,Big Ten,power,2,65,
2018,2018-02-17,2018-02-12,400986901,reg,0,1,2250,Gonzaga Bulldogs,WCC,high,9,81,2492,Pepperdine Waves,WCC,high,0,67,
2018,2018-02-17,2018-02-12,400986989,reg,0,1,2501,Portland Pilots,WCC,high,0,61,2608,Saint Mary's Gaels,WCC,high,15,73,
2018,2018-02-17,2018-02-12,400987381,reg,0,1,2579,South Carolina Gamecocks,SEC,power,0,84,2,Auburn Tigers,SEC,power,10,75,
2018,2018-02-17,2018-02-12,400987384,reg,0,1,61,Georgia Bulldogs,SEC,power,0,73,2633,Tennessee Volunteers,SEC,power,18,62,
2018,2018-02-17,2018-02-12,400987385,reg,0,1,8,Arkansas Razorbacks,SEC,power,0,94,245,Texas A&M Aggies,SEC,power,21,75,
2018,2018-02-17,2018-02-12,400988616,reg,0,1,2752,Xavier Musketeers,Big East,high,4,79,222,Villanova Wildcats,Big East,high,3,95,
2018,2018-02-17,2018-02-12,400989146,reg,0,1,239,Baylor Bears,Big 12,power,0,59,2641,Texas Tech Red Raiders,Big 12,power,7,57,
2018,2018-02-17,2018-02-12,400989189,reg,0,1,2305,Kansas Jayhawks,Big 12,power,13,77,277,West Virginia Mountaineers,Big 12,power,20,69,
2018,2018-02-17,2018-02-12,400989226,reg,0,1,201,Oklahoma Sooners,Big 12,power,23,66,251,Texas Longhorns,Big 12,power,0,77,
2018,2018-02-17,2018-02-12,400991775,reg,0,1,328,Utah State Aggies,Mountain West,high,0,87,2440,Nevada Wolf Pack,Mountain West,high,24,93,
2018,2018-02-18,2018-02-12,400986268,reg,0,1,228,Clemson Tigers,ACC,power,11,57,150,Duke Blue Devils,ACC,power,12,66,
2018,2018-02-18,2018-02-12,400986575,reg,0,1,130,Michigan Wolverines,Big Ten,power,22,74,194,Ohio State Buckeyes,Big Ten,power,8,62,
2018,2018-02-18,2018-02-12,400986576,reg,0,1,2509,Purdue Boilermakers,Big Ten,power,6,76,213,Penn State Nittany Lions,Big Ten,power,0,73,
2018,2018-02-18,2018-02-12,400988121,reg,0,1,2132,Cincinnati Bearcats,American,high,5,72,2724,Wichita State Shockers,American,high,19,76,
2018,2018-02-19,2018-02-19,400989190,reg,0,1,2305,Kansas Jayhawks,Big 12,power,8,104,201,Oklahoma Sooners,Big 12,power,0,74,
2018,2018-02-20,2018-02-19,400986579,reg,0,1,127,Michigan State Spartans,Big Ten,power,2,81,356,Illinois Fighting Illini,Big Ten,power,0,61,
2018,2018-02-20,2018-02-19,400986581,reg,0,1,194,Ohio State Buckeyes,Big Ten,power,16,79,164,Rutgers Scarlet Knights,Big Ten,power,0,52,
2018,2018-02-20,2018-02-19,400989147,reg,0,1,239,Baylor Bears,Big 12,power,0,60,277,West Virginia Mountaineers,Big 12,power,21,71,
2018,2018-02-20,2018-02-19,400990077,reg,0,1,2325,La Salle Explorers,A-10,high,0,93,227,Rhode Island Rams,A-10,high,18,95,
2018,2018-02-21,2018-02-19,400986272,reg,0,1,258,Virginia Cavaliers,ACC,power,1,65,59,Georgia Tech Yellow Jackets,ACC,power,0,54,
2018,2018-02-21,2018-02-19,400986273,reg,0,1,259,Virginia Tech Hokies,ACC,power,0,65,228,Clemson Tigers,ACC,power,15,58,
2018,2018-02-21,2018-02-19,400986274,reg,0,1,183,Syracuse Orange,ACC,power,0,74,153,North Carolina Tar Heels,ACC,power,10,78,
2018,2018-02-21,2018-02-19,400986275,reg,0,1,150,Duke Blue Devils,ACC,power,5,82,97,Louisville Cardinals,ACC,power,0,56,
2018,2018-02-21,2018-02-19,400986582,reg,0,1,213,Penn State Nittany Lions,Big Ten,power,0,63,130,Michigan Wolverines,Big Ten,power,17,72,
2018,2018-02-21,2018-02-19,400987392,reg,0,1,2633,Tennessee Volunteers,SEC,power,19,62,57,Florida Gators,SEC,power,0,57,
2018,2018-02-21,2018-02-19,400987394,reg,0,1,2,Auburn Tigers,SEC,power,12,90,333,Alabama Crimson Tide,SEC,power,0,71,
2018,2018-02-21,2018-02-19,400988124,reg,0,1,2724,Wichita State Shockers,American,high,13,93,2655,Tulane Green Wave,American,high,0,86,
2018,2018-02-21,2018-02-19,400988620,reg,0,1,46,Georgetown Hoyas,Big East,high,0,77,2752,Xavier Musketeers,Big East,high,4,89,
2018,2018-02-21,2018-02-19,400988623,reg,0,1,222,Villanova Wildcats,Big East,high,3,93,305,DePaul Blue Demons,Big East,high,0,62,
2018,2018-02-21,2018-02-19,400989238,reg,0,1,197,Oklahoma State Cowboys,Big 12,power,0,79,2641,Texas Tech Red Raiders,Big 12,power,6,71,
2018,2018-02-21,2018-02-19,400991776,reg,0,1,2440,Nevada Wolf Pack,Mountain West,high,20,80,23,San José State Spartans,Mountain West,high,0,67,
2018,2018-02-22,2018-02-19,400986585,reg,0,1,356,Illinois Fighting Illini,Big Ten,power,0,86,2509,Purdue Boilermakers,Big Ten,power,9,93,
2018,2018-02-22,2018-02-19,400986902,reg,0,1,301,San Diego Toreros,WCC,high,0,72,2250,Gonzaga Bulldogs,WCC,high,6,77,
2018,2018-02-22,2018-02-19,400986971,reg,0,1,2608,Saint Mary's Gaels,WCC,high,22,75,2492,Pepperdine Waves,WCC,high,0,61,
2018,2018-02-22,2018-02-19,400988126,reg,0,1,2132,Cincinnati Bearcats,American,high,11,77,41,UConn Huskies,American,high,0,52,
2018,2018-02-22,2018-02-19,400988127,reg,0,1,235,Memphis Tigers,American,high,0,91,248,Houston Cougars,American,high,23,85,
2018,2018-02-22,2018-02-19,400988375,reg,0,1,204,Oregon State Beavers,Pac-12,power,0,65,12,Arizona Wildcats,Pac-12,power,14,75,
2018,2018-02-23,2018-02-19,400986586,reg,0,1,84,Indiana Hoosiers,Big Ten,power,0,78,194,Ohio State Buckeyes,Big Ten,power,16,80,
2018,2018-02-23,2018-02-19,400989833,reg,0,1,227,Rhode Island Rams,A-10,high,18,81,2168,Dayton Flyers,A-10,high,0,56,
2018,2018-02-24,2018-02-19,400986280,reg,0,1,221,Pittsburgh Panthers,ACC,power,0,37,258,Virginia Cavaliers,ACC,power,1,66,
2018,2018-02-24,2018-02-19,400986281,reg,0,1,150,Duke Blue Devils,ACC,power,5,60,183,Syracuse Orange,ACC,power,0,44,
2018,2018-02-24,2018-02-19,400986319,reg,0,1,228,Clemson Tigers,ACC,power,15,75,59,Georgia Tech Yellow Jackets,ACC,power,0,67,
2018,2018-02-24,2018-02-19,400986587,reg,0,1,120,Maryland Terrapins,Big Ten,power,0,61,130,Michigan Wolverines,Big Ten,power,17,85,
2018,2018-02-24,2018-02-19,400986876,reg,0,1,252,BYU Cougars,WCC,high,0,65,2250,Gonzaga Bulldogs,WCC,high,6,79,
2018,2018-02-24,2018-02-19,400987093,reg,0,1,2608,Saint Mary's Gaels,WCC,high,22,67,2541,Santa Clara Broncos,WCC,high,0,40,
2018,2018-02-24,2018-02-19,400987395,reg,0,1,145,Ole Miss Rebels,SEC,power,0,65,2633,Tennessee Volunteers,SEC,power,19,73,
2018,2018-02-24,2018-02-19,400987399,reg,0,1,57,Florida Gators,SEC,power,0,72,2,Auburn Tigers,SEC,power,12,66,
2018,2018-02-24,2018-02-19,400988129,reg,0,1,2567,SMU Mustangs,American,high,0,78,2724,Wichita State Shockers,American,high,13,84,
2018,2018-02-24,2018-02-19,400988382,reg,0,1,2483,Oregon Ducks,Pac-12,power,0,98,12,Arizona Wildcats,Pac-12,power,14,93,
2018,2018-02-24,2018-02-19,400988627,reg,0,1,156,Creighton Bluejays,Big East,high,0,89,222,Villanova Wildcats,Big East,high,3,83,
2018,2018-02-24,2018-02-19,400989171,reg,0,1,277,West Virginia Mountaineers,Big 12,power,21,85,66,Iowa State Cyclones,Big 12,power,0,70,
2018,2018-02-24,2018-02-19,400989191,reg,0,1,2641,Texas Tech Red Raiders,Big 12,power,6,72,2305,Kansas Jayhawks,Big 12,power,8,74,
2018,2018-02-24,2018-02-19,400992684,reg,0,1,2393,Middle Tennessee Blue Raiders,CUSA,mid,24,79,5,UAB Blazers,CUSA,mid,0,54,
2018,2018-02-25,2018-02-19,400986282,reg,0,1,152,NC State Wolfpack,ACC,power,0,92,52,Florida State Seminoles,ACC,power,25,72,
2018,2018-02-25,2018-02-19,400986589,reg,0,1,275,Wisconsin Badgers,Big Ten,power,0,63,127,Michigan State Spartans,Big Ten,power,2,68,
2018,2018-02-25,2018-02-19,400986590,reg,0,1,2509,Purdue Boilermakers,Big Ten,power,9,84,135,Minnesota Golden Gophers,Big Ten,power,0,60,
2018,2018-02-25,2018-02-19,400988130,reg,0,1,2132,Cincinnati Bearcats,American,high,11,82,202,Tulsa Golden Hurricane,American,high,0,74,
2018,2018-02-25,2018-02-19,400988133,reg,0,1,248,Houston Cougars,American,high,23,109,151,East Carolina Pirates,American,high,0,58,
2018,2018-02-25,2018-02-19,400991741,reg,0,1,2440,Nevada Wolf Pack,Mountain West,high,20,92,36,Colorado State Rams,Mountain West,high,0,83,
2018,2018-02-26,2018-02-26,400986283,reg,0,1,259,Virginia Tech Hokies,ACC,power,0,64,150,Duke Blue Devils,ACC,power,5,63,
2018,2018-02-26,2018-02-26,400989192,reg,0,1,2305,Kansas Jayhawks,Big 12,power,6,80,251,Texas Longhorns,Big 12,power,0,70,
2018,2018-02-26,2018-02-26,400989274,reg,0,1,277,West Virginia Mountaineers,Big 12,power,20,84,2641,Texas Tech Red Raiders,Big 12,power,12,74,
2018,2018-02-27,2018-02-26,400986284,reg,0,1,153,North Carolina Tar Heels,ACC,power,9,88,2390,Miami Hurricanes,ACC,power,0,91,
2018,2018-02-27,2018-02-26,400987402,reg,0,1,344,Mississippi State Bulldogs,SEC,power,0,54,2633,Tennessee Volunteers,SEC,power,16,76,
2018,2018-02-27,2018-02-26,400987403,reg,0,1,8,Arkansas Razorbacks,SEC,power,0,91,2,Auburn Tigers,SEC,power,14,82,
2018,2018-02-27,2018-02-26,400989973,reg,0,1,227,Rhode Island Rams,A-10,high,17,48,2603,Saint Joseph's Hawks,A-10,high,0,78,
2018,2018-02-28,2018-02-26,400986285,reg,0,1,228,Clemson Tigers,ACC,power,18,76,52,Florida State Seminoles,ACC,power,0,63,
2018,2018-02-28,2018-02-26,400987407,reg,0,1,96,Kentucky Wildcats,SEC,power,23,96,145,Ole Miss Rebels,SEC,power,0,78,
2018,2018-02-28,2018-02-26,400988135,reg,0,1,2567,SMU Mustangs,American,high,0,56,248,Houston Cougars,American,high,25,69,
2018,2018-02-28,2018-02-26,400988630,reg,0,1,2752,Xavier Musketeers,Big East,high,3,84,2507,Providence Friars,Big East,high,0,74,
2018,2018-02-28,2018-02-26,400988631,reg,0,1,2550,Seton Hall Pirates,Big East,high,0,68,222,Villanova Wildcats,Big East,high,4,69,
2018,2018-02-28,2018-02-26,400991777,reg,0,1,2439,UNLV Rebels,Mountain West,high,0,75,2440,Nevada Wolf Pack,Mountain West,high,21,101,
2018,2018-03-01,2018-02-26,400986307,reg,0,1,97,Louisville Cardinals,ACC,power,0,66,258,Virginia Cavaliers,ACC,power,1,67,
2018,2018-03-01,2018-02-26,400988136,reg,0,1,2116,UCF Knights,American,high,0,71,2724,Wichita State Shockers,American,high,11,75,
2018,2018-03-01,2018-02-26,400988139,reg,0,1,2655,Tulane Green Wave,American,high,0,49,2132,Cincinnati Bearcats,American,high,10,78,
2018,2018-03-01,2018-02-26,400988388,reg,0,1,12,Arizona Wildcats,Pac-12,power,19,75,24,Stanford Cardinal,Pac-12,power,0,67,
2018,2018-03-01,2018-02-26,400992688,reg,0,1,2393,Middle Tennessee Blue Raiders,CUSA,mid,24,82,98,Western Kentucky Hilltoppers,CUSA,mid,0,64,
2018,2018-03-01,2018-02-26,401020033,reg,1,1,130,Michigan Wolverines,Big Ten,power,15,77,2294,Iowa Hawkeyes,Big Ten,power,0,71,BIG TEN MEN'S TOURNAMENT - 2ND ROUND
2018,2018-03-02,2018-02-26,400989799,reg,0,1,2166,Davidson Wildcats,A-10,high,0,63,227,Rhode Island Rams,A-10,high,17,61,
2018,2018-03-02,2018-02-26,401020036,reg,1,1,127,Michigan State Spartans,Big Ten,power,2,63,275,Wisconsin Badgers,Big Ten,power,0,60,BIG TEN MEN'S TOURNAMENT - QUARTERFINAL
2018,2018-03-02,2018-02-26,401020037,reg,1,1,158,Nebraska Cornhuskers,Big Ten,power,0,58,130,Michigan Wolverines,Big Ten,power,15,77,BIG TEN MEN'S TOURNAMENT - QUARTERFINAL
2018,2018-03-02,2018-02-26,401020038,reg,1,1,194,Ohio State Buckeyes,Big Ten,power,13,68,213,Penn State Nittany Lions,Big Ten,power,0,69,BIG TEN MEN'S TOURNAMENT - QUARTERFINAL
2018,2018-03-02,2018-02-26,401020039,reg,1,1,2509,Purdue Boilermakers,Big Ten,power,8,82,164,Rutgers Scarlet Knights,Big Ten,power,0,75,BIG TEN MEN'S TOURNAMENT - QUARTERFINAL
2018,2018-03-03,2018-02-26,400986290,reg,0,1,183,Syracuse Orange,ACC,power,0,55,228,Clemson Tigers,ACC,power,18,52,
2018,2018-03-03,2018-02-26,400986292,reg,0,1,258,Virginia Cavaliers,ACC,power,1,62,87,Notre Dame Fighting Irish,ACC,power,0,57,
2018,2018-03-03,2018-02-26,400986293,reg,0,1,150,Duke Blue Devils,ACC,power,5,74,153,North Carolina Tar Heels,ACC,power,9,64,
2018,2018-03-03,2018-02-26,400987410,reg,0,1,57,Florida Gators,SEC,power,0,80,96,Kentucky Wildcats,SEC,power,23,67,
2018,2018-03-03,2018-02-26,400987411,reg,0,1,2633,Tennessee Volunteers,SEC,power,16,66,61,Georgia Bulldogs,SEC,power,0,61,
2018,2018-03-03,2018-02-26,400987413,reg,0,1,2,Auburn Tigers,SEC,power,14,79,2579,South Carolina Gamecocks,SEC,power,0,70,
2018,2018-03-03,2018-02-26,400988390,reg,0,1,12,Arizona Wildcats,Pac-12,power,19,66,25,California Golden Bears,Pac-12,power,0,54,
2018,2018-03-03,2018-02-26,400988633,reg,0,1,305,DePaul Blue Demons,Big East,high,0,62,2752,Xavier Musketeers,Big East,high,3,65,
2018,2018-03-03,2018-02-26,400988637,reg,0,1,222,Villanova Wildcats,Big East,high,4,97,46,Georgetown Hoyas,Big East,high,0,73,
2018,2018-03-03,2018-02-26,400989193,reg,0,1,197,Oklahoma State Cowboys,Big 12,power,0,82,2305,Kansas Jayhawks,Big 12,power,6,64,
2018,2018-03-03,2018-02-26,400989255,reg,0,1,2641,Texas Tech Red Raiders,Big 12,power,12,79,2628,TCU Horned Frogs,Big 12,power,0,75,
2018,2018-03-03,2018-02-26,400989265,reg,0,1,251,Texas Longhorns,Big 12,power,0,87,277,West Virginia Mountaineers,Big 12,power,20,79,
2018,2018-03-03,2018-02-26,400991778,reg,0,1,21,San Diego State Aztecs,Mountain West,high,0,79,2440,Nevada Wolf Pack,Mountain West,high,21,74,
2018,2018-03-03,2018-02-26,400992696,reg,0,1,2393,Middle Tennessee Blue Raiders,CUSA,mid,24,67,276,Marshall Thundering Herd,CUSA,mid,0,76,
2018,2018-03-03,2018-02-26,401020040,reg,1,1,127,Michigan State Spartans,Big Ten,power,2,64,130,Michigan Wolverines,Big Ten,power,15,75,BIG TEN MEN'S TOURNAMENT - SEMIFINAL
2018,2018-03-03,2018-02-26,401020041,reg,1,1,2509,Purdue Boilermakers,Big Ten,power,8,78,213,Penn State Nittany Lions,Big Ten,power,0,70,BIG TEN MEN'S TOURNAMENT - SEMIFINAL
2018,2018-03-03,2018-02-26,401020611,reg,1,1,2608,Saint Mary's Gaels,WCC,high,22,69,2492,Pepperdine Waves,WCC,high,0,66,WEST COAST CONFERENCE MEN'S TOURNAMENT - QUARTERFINAL
2018,2018-03-03,2018-02-26,401020612,reg,1,1,2250,Gonzaga Bulldogs,WCC,high,7,83,2351,Loyola Marymount Lions,WCC,high,0,69,WEST COAST CONFERENCE MEN'S TOURNAMENT - QUARTERFINAL
2018,2018-03-04,2018-02-26,400988140,reg,0,1,2724,Wichita State Shockers,American,high,11,61,2132,Cincinnati Bearcats,American,high,10,62,
2018,2018-03-04,2018-02-26,400988144,reg,0,1,248,Houston Cougars,American,high,25,81,41,UConn Huskies,American,high,0,71,
2018,2018-03-04,2018-02-26,401020042,reg,1,1,2509,Purdue Boilermakers,Big Ten,power,8,66,130,Michigan Wolverines,Big Ten,power,15,75,BIG TEN MEN'S TOURNAMENT - FINAL
2018,2018-03-05,2018-03-05,401020616,reg,1,1,2250,Gonzaga Bulldogs,WCC,high,6,88,2539,San Francisco Dons,WCC,high,0,60,WEST COAST CONFERENCE MEN'S TOURNAMENT - SEMIFINAL
2018,2018-03-05,2018-03-05,401020617,reg,1,1,2608,Saint Mary's Gaels,WCC,high,20,72,252,BYU Cougars,WCC,high,0,85,WEST COAST CONFERENCE MEN'S TOURNAMENT - SEMIFINAL
2018,2018-03-06,2018-03-05,401020618,reg,1,1,2250,Gonzaga Bulldogs,WCC,high,6,74,252,BYU Cougars,WCC,high,0,54,WEST COAST CONFERENCE MEN'S TOURNAMENT - FINAL
2018,2018-03-07,2018-03-05,401019991,reg,1,1,153,North Carolina Tar Heels,ACC,power,12,78,183,Syracuse Orange,ACC,power,0,59,NEW YORK LIFE ACC MEN'S TOURNAMENT - 2ND ROUND
2018,2018-03-08,2018-03-05,401019992,reg,1,1,258,Virginia Cavaliers,ACC,power,1,75,97,Louisville Cardinals,ACC,power,0,58,NEW YORK LIFE ACC MEN'S TOURNAMENT - QUARTERFINAL
2018,2018-03-08,2018-03-05,401019993,reg,1,1,228,Clemson Tigers,ACC,power,19,90,103,Boston College Eagles,ACC,power,0,82,NEW YORK LIFE ACC MEN'S TOURNAMENT - QUARTERFINAL
2018,2018-03-08,2018-03-05,401019994,reg,1,1,150,Duke Blue Devils,ACC,power,5,88,87,Notre Dame Fighting Irish,ACC,power,0,70,NEW YORK LIFE ACC MEN'S TOURNAMENT - QUARTERFINAL
2018,2018-03-08,2018-03-05,401019995,reg,1,1,2390,Miami Hurricanes,ACC,power,24,65,153,North Carolina Tar Heels,ACC,power,12,82,NEW YORK LIFE ACC MEN'S TOURNAMENT - QUARTERFINAL
2018,2018-03-08,2018-03-05,401020047,reg,1,1,12,Arizona Wildcats,Pac-12,power,15,83,38,Colorado Buffaloes,Pac-12,power,0,67,PAC-12 MEN'S TOURNAMENT - QUARTERFINAL
2018,2018-03-08,2018-03-05,401020057,reg,1,1,2305,Kansas Jayhawks,Big 12,power,9,82,197,Oklahoma State Cowboys,Big 12,power,0,68,PHILLIPS 66 BIG 12 MEN'S CHAMPIONSHIP - QUARTERFINAL
2018,2018-03-08,2018-03-05,401020058,reg,1,1,2641,Texas Tech Red Raiders,Big 12,power,14,73,251,Texas Longhorns,Big 12,power,0,69,PHILLIPS 66 BIG 12 MEN'S CHAMPIONSHIP - QUARTERFINAL
2018,2018-03-08,2018-03-05,401020059,reg,1,1,277,West Virginia Mountaineers,Big 12,power,18,78,239,Baylor Bears,Big 12,power,0,65,PHILLIPS 66 BIG 12 MEN'S CHAMPIONSHIP - QUARTERFINAL
2018,2018-03-08,2018-03-05,401020065,reg,1,1,2752,Xavier Musketeers,Big East,high,3,88,2599,St. John's Red Storm,Big East,high,0,60,BIG EAST MEN'S CHAMPIONSHIP - QUARTERFINAL
2018,2018-03-08,2018-03-05,401020067,reg,1,1,222,Villanova Wildcats,Big East,high,2,94,269,Marquette Golden Eagles,Big East,high,0,70,BIG EAST MEN'S CHAMPIONSHIP - QUARTERFINAL
2018,2018-03-08,2018-03-05,401020571,reg,1,1,2440,Nevada Wolf Pack,Mountain West,high,22,79,2439,UNLV Rebels,Mountain West,high,0,74,MOUNTAIN WEST MEN'S CHAMPIONSHIP - QUARTERFINAL
2018,2018-03-09,2018-03-05,401019978,reg,1,1,2132,Cincinnati Bearcats,American,high,8,61,2567,SMU Mustangs,American,high,0,51,AARON'S AMERICAN ATHLETIC CONFERENCE MEN'S CHAMPIONSHIP - QUARTERFINAL
2018,2018-03-09,2018-03-05,401019980,reg,1,1,2724,Wichita State Shockers,American,high,11,89,218,Temple Owls,American,high,0,81,AARON'S AMERICAN ATHLETIC CONFERENCE MEN'S CHAMPIONSHIP - QUARTERFINAL
2018,2018-03-09,2018-03-05,401019981,reg,1,1,248,Houston Cougars,American,high,21,84,2116,UCF Knights,American,high,0,56,AARON'S AMERICAN ATHLETIC CONFERENCE MEN'S CHAMPIONSHIP - QUARTERFINAL
2018,2018-03-09,2018-03-05,401019996,reg,1,1,258,Virginia Cavaliers,ACC,power,1,64,228,Clemson Tigers,ACC,power,19,58,NEW YORK LIFE ACC MEN'S TOURNAMENT - SEMIFINAL
2018,2018-03-09,2018-03-05,401019997,reg,1,1,150,Duke Blue Devils,ACC,power,5,69,153,North Carolina Tar Heels,ACC,power,12,74,NEW YORK LIFE ACC MEN'S TOURNAMENT - SEMIFINAL
2018,2018-03-09,2018-03-05,401020006,reg,1,1,2,Auburn Tigers,SEC,power,16,63,333,Alabama Crimson Tide,SEC,power,0,81,SEC MEN'S TOURNAMENT - QUARTERFINAL
2018,2018-03-09,2018-03-05,401020008,reg,1,1,2633,Tennessee Volunteers,SEC,power,13,62,344,Mississippi State Bulldogs,SEC,power,0,59,SEC MEN'S TOURNAMENT - QUARTERFINAL
2018,2018-03-09,2018-03-05,401020009,reg,1,1,57,Florida Gators,SEC,power,23,72,8,Arkansas Razorbacks,SEC,power,0,80,SEC MEN'S TOURNAMENT - QUARTERFINAL
2018,2018-03-09,2018-03-05,401020051,reg,1,1,12,Arizona Wildcats,Pac-12,power,15,78,26,UCLA Bruins,Pac-12,power,0,67,PAC-12 MEN'S TOURNAMENT - SEMIFINAL
2018,2018-03-09,2018-03-05,401020060,reg,1,1,2305,Kansas Jayhawks,Big 12,power,9,83,2306,Kansas State Wildcats,Big 12,power,0,67,PHILLIPS 66 BIG 12 MEN'S CHAMPIONSHIP - SEMIFINAL
2018,2018-03-09,2018-03-05,401020061,reg,1,1,2641,Texas Tech Red Raiders,Big 12,power,14,63,277,West Virginia Mountaineers,Big 12,power,18,66,PHILLIPS 66 BIG 12 MEN'S CHAMPIONSHIP - SEMIFINAL
2018,2018-03-09,2018-03-05,401020069,reg,1,1,2752,Xavier Musketeers,Big East,high,3,72,2507,Providence Friars,Big East,high,0,75,BIG EAST MEN'S CHAMPIONSHIP - SEMIFINAL
2018,2018-03-09,2018-03-05,401020070,reg,1,1,222,Villanova Wildcats,Big East,high,2,87,2086,Butler Bulldogs,Big East,high,0,68,BIG EAST MEN'S CHAMPIONSHIP - SEMIFINAL
2018,2018-03-09,2018-03-05,401020078,reg,1,1,227,Rhode Island Rams,A-10,high,25,76,2670,VCU Rams,A-10,high,0,67,ATLANTIC 10 MEN'S CHAMPIONSHIP - QUARTERFINAL
2018,2018-03-09,2018-03-05,401020575,reg,1,1,2440,Nevada Wolf Pack,Mountain West,high,22,73,21,San Diego State Aztecs,Mountain West,high,0,90,MOUNTAIN WEST MEN'S CHAMPIONSHIP - SEMIFINAL
2018,2018-03-10,2018-03-05,401019982,reg,1,1,2132,Cincinnati Bearcats,American,high,8,70,235,Memphis Tigers,American,high,0,60,AARON'S AMERICAN ATHLETIC CONFERENCE MEN'S CHAMPIONSHIP - SEMIFINAL
2018,2018-03-10,2018-03-05,401019983,reg,1,1,2724,Wichita State Shockers,American,high,11,74,248,Houston Cougars,American,high,21,77,AARON'S AMERICAN ATHLETIC CONFERENCE MEN'S CHAMPIONSHIP - SEMIFINAL
2018,2018-03-10,2018-03-05,401019998,reg,1,1,258,Virginia Cavaliers,ACC,power,1,71,153,North Carolina Tar Heels,ACC,power,12,63,NEW YORK LIFE ACC MEN'S TOURNAMENT - FINAL
2018,2018-03-10,2018-03-05,401020011,reg,1,1,2633,Tennessee Volunteers,SEC,power,13,84,8,Arkansas Razorbacks,SEC,power,0,66,SEC MEN'S TOURNAMENT - SEMIFINAL
2018,2018-03-10,2018-03-05,401020053,reg,1,1,12,Arizona Wildcats,Pac-12,power,15,75,30,USC Trojans,Pac-12,power,0,61,PAC-12 MEN'S TOURNAMENT - FINAL
2018,2018-03-10,2018-03-05,401020062,reg,1,1,2305,Kansas Jayhawks,Big 12,power,9,81,277,West Virginia Mountaineers,Big 12,power,18,70,PHILLIPS 66 BIG 12 MEN'S CHAMPIONSHIP - FINAL
2018,2018-03-10,2018-03-05,401020071,reg,1,1,222,Villanova Wildcats,Big East,high,2,76,2507,Providence Friars,Big East,high,0,66,BIG EAST MEN'S CHAMPIONSHIP - FINAL
2018,2018-03-10,2018-03-05,401020082,reg,1,1,227,Rhode Island Rams,A-10,high,25,90,2603,Saint Joseph's Hawks,A-10,high,0,87,ATLANTIC 10 MEN'S CHAMPIONSHIP - SEMIFINAL
2018,2018-03-11,2018-03-05,401019984,reg,1,1,2132,Cincinnati Bearcats,American,high,8,56,248,Houston Cougars,American,high,21,55,AARON'S AMERICAN ATHLETIC CONFERENCE MEN'S CHAMPIONSHIP - FINAL
2018,2018-03-11,2018-03-05,401020012,reg,1,1,2633,Tennessee Volunteers,SEC,power,13,72,96,Kentucky Wildcats,SEC,power,0,77,SEC MEN'S TOURNAMENT - FINAL
2018,2018-03-11,2018-03-05,401020084,reg,1,1,227,Rhode Island Rams,A-10,high,25,57,2166,Davidson Wildcats,A-10,high,0,58,ATLANTIC 10 MEN'S CHAMPIONSHIP - FINAL
2018,2018-03-13,2018-03-12,401025841,ncaa,1,0,26,UCLA Bruins,Pac-12,power,11,58,179,St. Bonaventure Bonnies,A-10,high,11,65,MEN'S BASKETBALL CHAMPIONSHIP - EAST REGION - FIRST FOUR
2018,2018-03-13,2018-03-12,401025856,ncaa,1,0,2515,Radford Highlanders,Big South,mid,16,71,112358,Long Island University Sharks,NEC,mid,16,61,MEN'S BASKETBALL CHAMPIONSHIP - EAST REGION - FIRST FOUR
2018,2018-03-14,2018-03-12,401025854,ncaa,1,0,9,Arizona State Sun Devils,Pac-12,power,11,56,183,Syracuse Orange,ACC,power,11,60,MEN'S BASKETBALL CHAMPIONSHIP - MIDWEST REGION - FIRST FOUR
2018,2018-03-14,2018-03-12,401025855,ncaa,1,0,2428,North Carolina Central Eagles,MEAC,mid,16,46,2640,Texas Southern Tigers,SWAC,mid,16,64,MEN'S BASKETBALL CHAMPIONSHIP - WEST REGION - FIRST FOUR
2018,2018-03-15,2018-03-12,401025814,ncaa,1,0,96,Kentucky Wildcats,SEC,power,5,78,2166,Davidson Wildcats,A-10,high,12,73,MEN'S BASKETBALL CHAMPIONSHIP - SOUTH REGION - 1ST ROUND
2018,2018-03-15,2018-03-12,401025815,ncaa,1,0,2390,Miami Hurricanes,ACC,power,6,62,2350,Loyola Chicago Ramblers,MVC,mid,11,64,MEN'S BASKETBALL CHAMPIONSHIP - SOUTH REGION - 1ST ROUND
2018,2018-03-15,2018-03-12,401025816,ncaa,1,0,222,Villanova Wildcats,Big East,high,1,87,2515,Radford Highlanders,Big South,mid,16,61,MEN'S BASKETBALL CHAMPIONSHIP - EAST REGION - 1ST ROUND
2018,2018-03-15,2018-03-12,401025818,ncaa,1,0,12,Arizona Wildcats,Pac-12,power,4,68,2084,Buffalo Bulls,MAC,mid,13,89,MEN'S BASKETBALL CHAMPIONSHIP - SOUTH REGION - 1ST ROUND
2018,2018-03-15,2018-03-12,401025819,ncaa,1,0,57,Florida Gators,SEC,power,6,77,179,St. Bonaventure Bonnies,A-10,high,11,62,MEN'S BASKETBALL CHAMPIONSHIP - EAST REGION - 1ST ROUND
2018,2018-03-15,2018-03-12,401025823,ncaa,1,0,2305,Kansas Jayhawks,Big 12,power,1,76,219,Pennsylvania Quakers,Ivy,mid,16,60,MEN'S BASKETBALL CHAMPIONSHIP - MIDWEST REGION - 1ST ROUND
2018,2018-03-15,2018-03-12,401025825,ncaa,1,0,227,Rhode Island Rams,A-10,high,7,83,201,Oklahoma Sooners,Big 12,power,10,78,MEN'S BASKETBALL CHAMPIONSHIP - MIDWEST REGION - 1ST ROUND
2018,2018-03-15,2018-03-12,401025829,ncaa,1,0,248,Houston Cougars,American,high,6,67,21,San Diego State Aztecs,Mountain West,high,11,65,MEN'S BASKETBALL CHAMPIONSHIP - WEST REGION - 1ST ROUND
2018,2018-03-15,2018-03-12,401025831,ncaa,1,0,2633,Tennessee Volunteers,SEC,power,3,73,2750,Wright State Raiders,Horizon,mid,14,47,MEN'S BASKETBALL CHAMPIONSHIP - SOUTH REGION - 1ST ROUND
2018,2018-03-15,2018-03-12,401025832,ncaa,1,0,259,Virginia Tech Hokies,ACC,power,8,83,333,Alabama Crimson Tide,SEC,power,9,86,MEN'S BASKETBALL CHAMPIONSHIP - EAST REGION - 1ST ROUND
2018,2018-03-15,2018-03-12,401025833,ncaa,1,0,2641,Texas Tech Red Raiders,Big 12,power,3,70,2617,Stephen F. Austin Lumberjacks,Southland,mid,14,60,MEN'S BASKETBALL CHAMPIONSHIP - EAST REGION - 1ST ROUND
2018,2018-03-15,2018-03-12,401025834,ncaa,1,0,2550,Seton Hall Pirates,Big East,high,8,94,152,NC State Wolfpack,ACC,power,9,83,MEN'S BASKETBALL CHAMPIONSHIP - MIDWEST REGION - 1ST ROUND
2018,2018-03-15,2018-03-12,401025836,ncaa,1,0,150,Duke Blue Devils,ACC,power,2,89,314,Iona Gaels,MAAC,mid,15,67,MEN'S BASKETBALL CHAMPIONSHIP - MIDWEST REGION - 1ST ROUND
2018,2018-03-15,2018-03-12,401025838,ncaa,1,0,130,Michigan Wolverines,Big Ten,power,3,61,149,Montana Grizzlies,Big Sky,mid,14,47,MEN'S BASKETBALL CHAMPIONSHIP - WEST REGION - 1ST ROUND
2018,2018-03-15,2018-03-12,401025840,ncaa,1,0,2250,Gonzaga Bulldogs,WCC,high,4,68,2430,UNC Greensboro Spartans,SoCon,mid,13,64,MEN'S BASKETBALL CHAMPIONSHIP - WEST REGION - 1ST ROUND
2018,2018-03-15,2018-03-12,401025853,ncaa,1,0,194,Ohio State Buckeyes,Big Ten,power,5,81,2571,South Dakota State Jackrabbits,Summit,mid,12,73,MEN'S BASKETBALL CHAMPIONSHIP - WEST REGION - 1ST ROUND
2018,2018-03-16,2018-03-12,401025813,ncaa,1,0,258,Virginia Cavaliers,ACC,power,1,54,2378,UMBC Retrievers,Am. East,mid,16,74,MEN'S BASKETBALL CHAMPIONSHIP - SOUTH REGION - 1ST ROUND
2018,2018-03-16,2018-03-12,401025817,ncaa,1,0,2440,Nevada Wolf Pack,Mountain West,high,7,87,251,Texas Longhorns,Big 12,power,10,83,MEN'S BASKETBALL CHAMPIONSHIP - SOUTH REGION - 1ST ROUND
2018,2018-03-16,2018-03-12,401025820,ncaa,1,0,2132,Cincinnati Bearcats,American,high,2,68,2247,Georgia State Panthers,Sun Belt,mid,15,53,MEN'S BASKETBALL CHAMPIONSHIP - SOUTH REGION - 1ST ROUND
2018,2018-03-16,2018-03-12,401025821,ncaa,1,0,277,West Virginia Mountaineers,Big 12,power,5,85,93,Murray State Racers,OVC,mid,12,68,MEN'S BASKETBALL CHAMPIONSHIP - EAST REGION - 1ST ROUND
2018,2018-03-16,2018-03-12,401025822,ncaa,1,0,2724,Wichita State Shockers,American,high,4,75,276,Marshall Thundering Herd,CUSA,mid,13,81,MEN'S BASKETBALL CHAMPIONSHIP - EAST REGION - 1ST ROUND
2018,2018-03-16,2018-03-12,401025824,ncaa,1,0,2628,TCU Horned Frogs,Big 12,power,6,52,183,Syracuse Orange,ACC,power,11,57,MEN'S BASKETBALL CHAMPIONSHIP - MIDWEST REGION - 1ST ROUND
2018,2018-03-16,2018-03-12,401025826,ncaa,1,0,2752,Xavier Musketeers,Big East,high,1,102,2640,Texas Southern Tigers,SWAC,mid,16,83,MEN'S BASKETBALL CHAMPIONSHIP - WEST REGION - 1ST ROUND
2018,2018-03-16,2018-03-12,401025827,ncaa,1,0,8,Arkansas Razorbacks,SEC,power,7,62,2086,Butler Bulldogs,Big East,high,10,79,MEN'S BASKETBALL CHAMPIONSHIP - EAST REGION - 1ST ROUND
2018,2018-03-16,2018-03-12,401025828,ncaa,1,0,2509,Purdue Boilermakers,Big Ten,power,2,74,2239,Cal State Fullerton Titans,Big West,mid,15,48,MEN'S BASKETBALL CHAMPIONSHIP - EAST REGION - 1ST ROUND
2018,2018-03-16,2018-03-12,401025830,ncaa,1,0,156,Creighton Bluejays,Big East,high,8,59,2306,Kansas State Wildcats,Big 12,power,9,69,MEN'S BASKETBALL CHAMPIONSHIP - SOUTH REGION - 1ST ROUND
2018,2018-03-16,2018-03-12,401025835,ncaa,1,0,127,Michigan State Spartans,Big Ten,power,3,82,2083,Bucknell Bison,Patriot,mid,14,78,MEN'S BASKETBALL CHAMPIONSHIP - MIDWEST REGION - 1ST ROUND
2018,2018-03-16,2018-03-12,401025837,ncaa,1,0,142,Missouri Tigers,SEC,power,8,54,52,Florida State Seminoles,ACC,power,9,67,MEN'S BASKETBALL CHAMPIONSHIP - WEST REGION - 1ST ROUND
2018,2018-03-16,2018-03-12,401025839,ncaa,1,0,153,North Carolina Tar Heels,ACC,power,2,84,288,Lipscomb Bisons,ASUN,mid,15,66,MEN'S BASKETBALL CHAMPIONSHIP - WEST REGION - 1ST ROUND
2018,2018-03-16,2018-03-12,401025850,ncaa,1,0,245,Texas A&M Aggies,SEC,power,7,73,2507,Providence Friars,Big East,high,10,69,MEN'S BASKETBALL CHAMPIONSHIP - WEST REGION - 1ST ROUND
2018,2018-03-16,2018-03-12,401025851,ncaa,1,0,228,Clemson Tigers,ACC,power,5,79,166,New Mexico State Aggies,WAC,mid,12,68,MEN'S BASKETBALL CHAMPIONSHIP - MIDWEST REGION - 1ST ROUND
2018,2018-03-16,2018-03-12,401025852,ncaa,1,0,2,Auburn Tigers,SEC,power,4,62,232,Charleston Cougars,CAA,mid,13,58,MEN'S BASKETBALL CHAMPIONSHIP - MIDWEST REGION - 1ST ROUND
2018,2018-03-17,2018-03-12,401025857,ncaa,1,0,2633,Tennessee Volunteers,SEC,power,3,62,2350,Loyola Chicago Ramblers,MVC,mid,11,63,MEN'S BASKETBALL CHAMPIONSHIP - SOUTH REGION - 2ND ROUND
2018,2018-03-17,2018-03-12,401025858,ncaa,1,0,96,Kentucky Wildcats,SEC,power,5,95,2084,Buffalo Bulls,MAC,mid,13,75,MEN'S BASKETBALL CHAMPIONSHIP - SOUTH REGION - 2ND ROUND
2018,2018-03-17,2018-03-12,401025862,ncaa,1,0,222,Villanova Wildcats,Big East,high,1,81,333,Alabama Crimson Tide,SEC,power,9,58,MEN'S BASKETBALL CHAMPIONSHIP - EAST REGION - 2ND ROUND
2018,2018-03-17,2018-03-12,401025863,ncaa,1,0,2641,Texas Tech Red Raiders,Big 12,power,3,69,57,Florida Gators,SEC,power,6,66,MEN'S BASKETBALL CHAMPIONSHIP - EAST REGION - 2ND ROUND
2018,2018-03-17,2018-03-12,401025868,ncaa,1,0,130,Michigan Wolverines,Big Ten,power,3,64,248,Houston Cougars,American,high,6,63,MEN'S BASKETBALL CHAMPIONSHIP - WEST REGION - 2ND ROUND
2018,2018-03-17,2018-03-12,401025869,ncaa,1,0,2250,Gonzaga Bulldogs,WCC,high,4,90,194,Ohio State Buckeyes,Big Ten,power,5,84,MEN'S BASKETBALL CHAMPIONSHIP - WEST REGION - 2ND ROUND
2018,2018-03-17,2018-03-12,401025870,ncaa,1,0,150,Duke Blue Devils,ACC,power,2,87,227,Rhode Island Rams,A-10,high,7,62,MEN'S BASKETBALL CHAMPIONSHIP - MIDWEST REGION - 2ND ROUND
2018,2018-03-17,2018-03-12,401025871,ncaa,1,0,2305,Kansas Jayhawks,Big 12,power,1,83,2550,Seton Hall Pirates,Big East,high,8,79,MEN'S BASKETBALL CHAMPIONSHIP - MIDWEST REGION - 2ND ROUND
2018,2018-03-18,2018-03-12,401025860,ncaa,1,0,2306,Kansas State Wildcats,Big 12,power,9,50,2378,UMBC Retrievers,Am. East,mid,16,43,MEN'S BASKETBALL CHAMPIONSHIP - SOUTH REGION - 2ND ROUND
2018,2018-03-18,2018-03-12,401025861,ncaa,1,0,2132,Cincinnati Bearcats,American,high,2,73,2440,Nevada Wolf Pack,Mountain West,high,7,75,MEN'S BASKETBALL CHAMPIONSHIP - SOUTH REGION - 2ND ROUND
2018,2018-03-18,2018-03-12,401025864,ncaa,1,0,2509,Purdue Boilermakers,Big Ten,power,2,76,2086,Butler Bulldogs,Big East,high,10,73,MEN'S BASKETBALL CHAMPIONSHIP - EAST REGION - 2ND ROUND
2018,2018-03-18,2018-03-12,401025865,ncaa,1,0,277,West Virginia Mountaineers,Big 12,power,5,94,276,Marshall Thundering Herd,CUSA,mid,13,71,MEN'S BASKETBALL CHAMPIONSHIP - EAST REGION - 2ND ROUND
2018,2018-03-18,2018-03-12,401025866,ncaa,1,0,153,North Carolina Tar Heels,ACC,power,2,65,245,Texas A&M Aggies,SEC,power,7,86,MEN'S BASKETBALL CHAMPIONSHIP - WEST REGION - 2ND ROUND
2018,2018-03-18,2018-03-12,401025867,ncaa,1,0,2752,Xavier Musketeers,Big East,high,1,70,52,Florida State Seminoles,ACC,power,9,75,MEN'S BASKETBALL CHAMPIONSHIP - WEST REGION - 2ND ROUND
2018,2018-03-18,2018-03-12,401025872,ncaa,1,0,2,Auburn Tigers,SEC,power,4,53,228,Clemson Tigers,ACC,power,5,84,MEN'S BASKETBALL CHAMPIONSHIP - MIDWEST REGION - 2ND ROUND
2018,2018-03-18,2018-03-12,401025873,ncaa,1,0,127,Michigan State Spartans,Big Ten,power,3,53,183,Syracuse Orange,ACC,power,11,55,MEN'S BASKETBALL CHAMPIONSHIP - MIDWEST REGION - 2ND ROUND
2018,2018-03-22,2018-03-19,401025874,ncaa,1,0,2250,Gonzaga Bulldogs,WCC,high,4,60,52,Florida State Seminoles,ACC,power,9,75,MEN'S BASKETBALL CHAMPIONSHIP - WEST REGION - SWEET 16
2018,2018-03-22,2018-03-19,401025875,ncaa,1,0,130,Michigan Wolverines,Big Ten,power,3,99,245,Texas A&M Aggies,SEC,power,7,72,MEN'S BASKETBALL CHAMPIONSHIP - WEST REGION - SWEET 16
2018,2018-03-22,2018-03-19,401025876,ncaa,1,0,2440,Nevada Wolf Pack,Mountain West,high,7,68,2350,Loyola Chicago Ramblers,MVC,mid,11,69,MEN'S BASKETBALL CHAMPIONSHIP - SOUTH REGION - SWEET 16
2018,2018-03-22,2018-03-19,401025877,ncaa,1,0,96,Kentucky Wildcats,SEC,power,5,58,2306,Kansas State Wildcats,Big 12,power,9,61,MEN'S BASKETBALL CHAMPIONSHIP - SOUTH REGION - SWEET 16
2018,2018-03-23,2018-03-19,401025878,ncaa,1,0,2509,Purdue Boilermakers,Big Ten,power,2,65,2641,Texas Tech Red Raiders,Big 12,power,3,78,MEN'S BASKETBALL CHAMPIONSHIP - EAST REGION - SWEET 16
2018,2018-03-23,2018-03-19,401025879,ncaa,1,0,222,Villanova Wildcats,Big East,high,1,90,277,West Virginia Mountaineers,Big 12,power,5,78,MEN'S BASKETBALL CHAMPIONSHIP - EAST REGION - SWEET 16
2018,2018-03-23,2018-03-19,401025880,ncaa,1,0,2305,Kansas Jayhawks,Big 12,power,1,80,228,Clemson Tigers,ACC,power,5,76,MEN'S BASKETBALL CHAMPIONSHIP - MIDWEST REGION - SWEET 16
2018,2018-03-23,2018-03-19,401025881,ncaa,1,0,150,Duke Blue Devils,ACC,power,2,69,183,Syracuse Orange,ACC,power,11,65,MEN'S BASKETBALL CHAMPIONSHIP - MIDWEST REGION - SWEET 16
2018,2018-03-24,2018-03-19,401025884,ncaa,1,0,2306,Kansas State Wildcats,Big 12,power,9,62,2350,Loyola Chicago Ramblers,MVC,mid,11,78,MEN'S BASKETBALL CHAMPIONSHIP - SOUTH REGION - ELITE 8
2018,2018-03-24,2018-03-19,401025885,ncaa,1,0,130,Michigan Wolverines,Big Ten,power,3,58,52,Florida State Seminoles,ACC,power,9,54,MEN'S BASKETBALL CHAMPIONSHIP - WEST REGION - ELITE 8
2018,2018-03-25,2018-03-19,401025882,ncaa,1,0,2305,Kansas Jayhawks,Big 12,power,1,85,150,Duke Blue Devils,ACC,power,2,81,MEN'S BASKETBALL CHAMPIONSHIP - MIDWEST REGION - ELITE 8
2018,2018-03-25,2018-03-19,401025883,ncaa,1,0,222,Villanova Wildcats,Big East,high,1,71,2641,Texas Tech Red Raiders,Big 12,power,3,59,MEN'S BASKETBALL CHAMPIONSHIP - EAST REGION - ELITE 8
2018,2018-03-31,2018-03-26,401025886,ncaa,1,0,222,Villanova Wildcats,Big East,high,1,95,2305,Kansas Jayhawks,Big 12,power,1,79,MEN'S BASKETBALL CHAMPIONSHIP - FINAL FOUR
2018,2018-03-31,2018-03-26,401025887,ncaa,1,0,130,Michigan Wolverines,Big Ten,power,3,69,2350,Loyola Chicago Ramblers,MVC,mid,11,57,MEN'S BASKETBALL CHAMPIONSHIP - FINAL FOUR
2018,2018-04-02,2018-04-02,401025888,ncaa,1,0,222,Villanova Wildcats,Big East,high,1,79,130,Michigan Wolverines,Big Ten,power,3,62,MEN'S BASKETBALL CHAMPIONSHIP - NATIONAL CHAMPIONSHIP
