season,date,week_monday,game_id,kind,neutral,conf_game,home_id,home,home_conf,home_tier,home_rank,home_score,away_id,away,away_conf,away_tier,away_rank,away_score,notes
2017,2016-11-11,2016-11-07,400910679,reg,0,0,96,Kentucky Wildcats,SEC,power,2,87,2617,Stephen F. Austin Lumberjacks,Southland,mid,0,64,
2017,2016-11-11,2016-11-07,400911020,reg,0,0,251,Texas Longhorns,Big 12,power,21,78,2916,Incarnate Word Cardinals,Southland,mid,0,73,
2017,2016-11-11,2016-11-07,400914921,reg,0,0,275,Wisconsin Badgers,Big Ten,power,9,79,2110,Central Arkansas Bears,Southland,mid,0,47,MAUI JIM MAUI ON THE MAINLAND
2017,2016-11-11,2016-11-07,400915018,reg,0,0,120,Maryland Terrapins,Big Ten,power,25,62,44,American University Eagles,Patriot,mid,0,56,
2017,2016-11-11,2016-11-07,400915062,reg,1,0,127,Michigan State Spartans,Big Ten,power,12,63,12,Arizona Wildcats,Pac-12,power,10,65,ARMED FORCES CLASSIC
2017,2016-11-11,2016-11-07,400915117,reg,1,0,2305,Kansas Jayhawks,Big 12,power,3,99,84,Indiana Hoosiers,Big Ten,power,11,103,ARMED FORCES CLASSIC
2017,2016-11-11,2016-11-07,400915182,reg,0,0,2509,Purdue Boilermakers,Big Ten,power,15,109,2377,McNeese Cowboys,Southland,mid,0,65,
2017,2016-11-11,2016-11-07,400915212,reg,0,0,183,Syracuse Orange,ACC,power,19,83,2142,Colgate Raiders,Patriot,mid,0,55,
2017,2016-11-11,2016-11-07,400915214,reg,0,0,150,Duke Blue Devils,ACC,power,1,94,2368,Marist Red Foxes,MAAC,mid,0,49,NAISMITH MEMORIAL HALL OF FAME TIP-OFF - CAMPUS GAME
2017,2016-11-11,2016-11-07,400915215,reg,0,0,97,Louisville Cardinals,ACC,power,13,78,339,Evansville Purple Aces,MVC,mid,0,47,
2017,2016-11-11,2016-11-07,400915217,reg,0,0,2430,UNC Greensboro Spartans,SoCon,mid,0,51,258,Virginia Cavaliers,ACC,power,8,76,
2017,2016-11-11,2016-11-07,400915219,reg,0,0,2655,Tulane Green Wave,American,high,0,75,153,North Carolina Tar Heels,ACC,power,6,95,
2017,2016-11-11,2016-11-07,400915485,reg,0,0,26,UCLA Bruins,Pac-12,power,16,119,279,Pacific Tigers,WCC,high,0,80,
2017,2016-11-11,2016-11-07,400915488,reg,0,0,2483,Oregon Ducks,Pac-12,power,5,91,349,Army Black Knights,Patriot,mid,0,77,MAUI JIM MAUI ON THE MAINLAND
2017,2016-11-11,2016-11-07,400915704,reg,0,0,2608,Saint Mary's Gaels,WCC,high,17,81,2440,Nevada Wolf Pack,Mountain West,high,0,63,
2017,2016-11-11,2016-11-07,400915705,reg,0,0,2250,Gonzaga Bulldogs,WCC,high,14,92,3084,Utah Valley Wolverines,WAC,mid,0,69,
2017,2016-11-11,2016-11-07,400916117,reg,0,0,277,West Virginia Mountaineers,Big 12,power,20,87,116,Mount St. Mary's Mountaineers,NEC,mid,0,59,
2017,2016-11-11,2016-11-07,400916122,reg,0,0,66,Iowa State Cyclones,Big 12,power,24,113,2542,Savannah State Tigers,MEAC,mid,0,71,
2017,2016-11-11,2016-11-07,400916467,reg,0,0,41,UConn Huskies,American,high,18,58,2681,Wagner Seahawks,NEC,mid,0,67,
2017,2016-11-11,2016-11-07,400917464,reg,0,0,156,Creighton Bluejays,Big East,high,22,89,140,Kansas City Roos,WAC,mid,0,82,
2017,2016-11-11,2016-11-07,400918290,reg,0,0,222,Villanova Wildcats,Big East,high,4,88,322,Lafayette Leopards,Patriot,mid,0,48,
2017,2016-11-11,2016-11-07,400918291,reg,0,0,2752,Xavier Musketeers,Big East,high,7,84,2329,Lehigh Mountain Hawks,Patriot,mid,0,81,
2017,2016-11-11,2016-11-07,400918430,reg,0,0,227,Rhode Island Rams,A-10,high,23,84,159,Dartmouth Big Green,Ivy,mid,0,61,
2017,2016-11-12,2016-11-07,400915222,reg,0,0,150,Duke Blue Devils,ACC,power,1,96,2253,Grand Canyon Lopes,WAC,mid,0,61,NAISMITH MEMORIAL HALL OF FAME TIP-OFF - CAMPUS GAME
2017,2016-11-13,2016-11-07,400910680,reg,0,0,96,Kentucky Wildcats,SEC,power,2,93,2099,Canisius Golden Griffins,MAAC,mid,0,69,BLUEGRASS SHOWCASE
2017,2016-11-13,2016-11-07,400915226,reg,0,0,153,North Carolina Tar Heels,ACC,power,6,97,236,Chattanooga Mocs,SoCon,mid,0,57,MAUI JIM MAUI ON THE MAINLAND
2017,2016-11-13,2016-11-07,400915495,reg,0,0,26,UCLA Bruins,Pac-12,power,16,102,2463,Cal State Northridge Matadors,Big West,mid,0,87,
2017,2016-11-14,2016-11-14,400911021,reg,0,0,251,Texas Longhorns,Big 12,power,23,80,2433,UL Monroe Warhawks,Sun Belt,mid,0,59,LEGENDS CLASSIC - REGIONAL GAME
2017,2016-11-14,2016-11-14,400915183,reg,0,0,2509,Purdue Boilermakers,Big Ten,power,15,76,222,Villanova Wildcats,Big East,high,3,79,GAVITT TIPOFF GAMES
2017,2016-11-14,2016-11-14,400915229,reg,0,0,97,Louisville Cardinals,ACC,power,12,91,2729,William & Mary Tribe,CAA,mid,0,58,
2017,2016-11-14,2016-11-14,400916127,reg,0,0,66,Iowa State Cyclones,Big 12,power,20,73,116,Mount St. Mary's Mountaineers,NEC,mid,0,55,
2017,2016-11-14,2016-11-14,400916128,reg,0,0,277,West Virginia Mountaineers,Big 12,power,19,107,2400,Mississippi Valley State Delta Devils,SWAC,mid,0,66,
2017,2016-11-14,2016-11-14,400916480,reg,0,0,2132,Cincinnati Bearcats,American,high,24,74,399,Albany Great Danes,Am. East,mid,0,51,NAISMITH MEMORIAL HALL OF FAME TIP-OFF - CAMPUS GAME
2017,2016-11-14,2016-11-14,400917005,reg,0,0,2752,Xavier Musketeers,Big East,high,11,86,2084,Buffalo Bulls,MAC,mid,0,53,
2017,2016-11-14,2016-11-14,400917389,reg,0,0,227,Rhode Island Rams,A-10,high,21,107,2368,Marist Red Foxes,MAAC,mid,0,65,NAISMITH MEMORIAL HALL OF FAME TIP-OFF - CAMPUS GAME
2017,2016-11-14,2016-11-14,400919921,reg,0,0,2250,Gonzaga Bulldogs,WCC,high,14,69,21,San Diego State Aztecs,Mountain West,high,0,48,
2017,2016-11-15,2016-11-14,400910681,reg,1,0,127,Michigan State Spartans,Big Ten,power,13,48,96,Kentucky Wildcats,SEC,power,2,69,STATE FARM CHAMPIONS CLASSIC
2017,2016-11-15,2016-11-14,400914922,reg,0,0,156,Creighton Bluejays,Big East,high,22,79,275,Wisconsin Badgers,Big Ten,power,9,67,GAVITT TIPOFF GAMES
2017,2016-11-15,2016-11-14,400915231,reg,0,0,153,North Carolina Tar Heels,ACC,power,5,93,299,Long Beach State Beach,Big West,mid,0,67,
2017,2016-11-15,2016-11-14,400915232,reg,0,0,183,Syracuse Orange,ACC,power,18,90,107,Holy Cross Crusaders,Patriot,mid,0,46,BROOKLYN HOOPS HOLIDAY INVITATIONAL
2017,2016-11-15,2016-11-14,400915233,reg,0,0,258,Virginia Cavaliers,ACC,power,8,72,2597,St. Francis Brooklyn Terriers,NEC,mid,0,32,EMERALD COAST CLASSIC - CAMPUS GAME
2017,2016-11-15,2016-11-14,400915236,reg,1,0,2305,Kansas Jayhawks,Big 12,power,7,77,150,Duke Blue Devils,ACC,power,1,75,STATE FARM CHAMPIONS CLASSIC
2017,2016-11-15,2016-11-14,400915497,reg,0,0,239,Baylor Bears,Big 12,power,0,66,2483,Oregon Ducks,Pac-12,power,4,49,
2017,2016-11-15,2016-11-14,400915499,reg,0,0,12,Arizona Wildcats,Pac-12,power,10,78,2934,Cal State Bakersfield Roadrunners,WAC,mid,0,66,
2017,2016-11-16,2016-11-14,400915118,reg,0,0,84,Indiana Hoosiers,Big Ten,power,6,100,2349,UMass Lowell River Hawks,Am. East,mid,0,78,INDIANA CLASSIC
2017,2016-11-16,2016-11-14,400915503,reg,0,0,25,California Golden Bears,Pac-12,power,25,75,300,UC Irvine Anteaters,Big West,mid,0,65,
2017,2016-11-16,2016-11-14,400915722,reg,0,0,2608,Saint Mary's Gaels,WCC,high,17,110,2504,Prairie View A&M Panthers,SWAC,mid,0,72,
2017,2016-11-16,2016-11-14,400918431,reg,0,0,227,Rhode Island Rams,A-10,high,21,79,225,Brown Bears,Ivy,mid,0,72,NAISMITH MEMORIAL HALL OF FAME TIP-OFF - CAMPUS GAME
2017,2016-11-17,2016-11-14,400910742,reg,1,0,142,Missouri Tigers,SEC,power,0,82,2752,Xavier Musketeers,Big East,high,11,83,TIRE PROS INVITATIONAL
2017,2016-11-17,2016-11-14,400914923,reg,0,0,275,Wisconsin Badgers,Big Ten,power,9,69,2130,Chicago State Cougars,WAC,mid,0,51,
2017,2016-11-17,2016-11-14,400915241,reg,0,0,97,Louisville Cardinals,ACC,power,12,88,299,Long Beach State Beach,Big West,mid,0,56,BATTLE 4 ATLANTIS - CAMPUS GAME
2017,2016-11-17,2016-11-14,400915506,reg,0,0,2483,Oregon Ducks,Pac-12,power,4,76,2674,Valparaiso Beacons,Horizon,mid,0,54,
2017,2016-11-17,2016-11-14,400915509,reg,0,0,26,UCLA Bruins,Pac-12,power,16,88,301,San Diego Toreros,WCC,high,0,68,
2017,2016-11-17,2016-11-14,400918974,reg,1,0,222,Villanova Wildcats,Big East,high,3,76,2711,Western Michigan Broncos,MAC,mid,0,65,GILDAN CHARLESTON CLASSIC
2017,2016-11-18,2016-11-14,400915063,reg,0,0,127,Michigan State Spartans,Big Ten,power,13,100,2400,Mississippi Valley State Delta Devils,SWAC,mid,0,53,
2017,2016-11-18,2016-11-14,400915184,reg,0,0,2509,Purdue Boilermakers,Big Ten,power,15,64,2247,Georgia State Panthers,Sun Belt,mid,0,56,CANCUN CHALLENGE - CAMPUS GAME
2017,2016-11-18,2016-11-14,400915247,reg,0,0,183,Syracuse Orange,ACC,power,18,71,2405,Monmouth Hawks,MAAC,mid,0,50,BROOKLYN HOOPS HOLIDAY INVITATIONAL
2017,2016-11-18,2016-11-14,400915511,reg,0,0,12,Arizona Wildcats,Pac-12,power,10,95,2529,Sacred Heart Pioneers,NEC,mid,0,65,CONTINENTAL TIRE LAS VEGAS INVITATIONAL - CAMPUS GAME
2017,2016-11-18,2016-11-14,400915727,reg,0,0,2250,Gonzaga Bulldogs,WCC,high,14,109,2803,Bryant Bulldogs,NEC,mid,0,70,
2017,2016-11-18,2016-11-14,400916135,reg,0,0,2305,Kansas Jayhawks,Big 12,power,7,86,2561,Siena Saints,MAAC,mid,0,65,CBE HALL OF FAME CLASSIC - CAMPUS GAME
2017,2016-11-18,2016-11-14,400919643,reg,1,0,156,Creighton Bluejays,Big East,high,22,103,265,Washington State Cougars,Pac-12,power,0,77,PARADISE JAM
2017,2016-11-18,2016-11-14,400926406,reg,1,0,154,Wake Forest Demon Deacons,ACC,power,0,77,222,Villanova Wildcats,Big East,high,3,96,GILDAN CHARLESTON CLASSIC
2017,2016-11-18,2016-11-14,400926407,reg,1,0,2752,Xavier Musketeers,Big East,high,11,83,228,Clemson Tigers,ACC,power,0,77,TIRE PROS INVITATIONAL
2017,2016-11-19,2016-11-14,400915119,reg,0,0,84,Indiana Hoosiers,Big Ten,power,6,87,2335,Liberty Flames,Big South,mid,0,48,INDIANA CLASSIC
2017,2016-11-19,2016-11-14,400915167,reg,1,0,150,Duke Blue Devils,ACC,power,1,78,213,Penn State Nittany Lions,Big Ten,power,0,68,NAISMITH MEMORIAL HALL OF FAME TIP-OFF
2017,2016-11-19,2016-11-14,400915245,reg,0,0,62,Hawai'i Rainbow Warriors,Big West,mid,0,68,153,North Carolina Tar Heels,ACC,power,5,83,
2017,2016-11-19,2016-11-14,400915730,reg,0,0,2168,Dayton Flyers,A-10,high,0,57,2608,Saint Mary's Gaels,WCC,high,17,61,
2017,2016-11-19,2016-11-14,400916488,reg,1,0,227,Rhode Island Rams,A-10,high,21,76,2132,Cincinnati Bearcats,American,high,24,71,NAISMITH MEMORIAL HALL OF FAME TIP-OFF
2017,2016-11-20,2016-11-14,400910682,reg,0,0,96,Kentucky Wildcats,SEC,power,2,93,2184,Duquesne Dukes,A-10,high,0,59,BLUEGRASS SHOWCASE
2017,2016-11-20,2016-11-14,400915064,reg,0,0,127,Michigan State Spartans,Big Ten,power,13,78,526,Florida Gulf Coast Eagles,ASUN,mid,0,77,BATTLE 4 ATLANTIS - CAMPUS GAME
2017,2016-11-20,2016-11-14,400915252,reg,0,0,258,Virginia Cavaliers,ACC,power,8,62,43,Yale Bulldogs,Ivy,mid,0,38,
2017,2016-11-20,2016-11-14,400915515,reg,0,0,26,UCLA Bruins,Pac-12,power,16,114,299,Long Beach State Beach,Big West,mid,0,77,
2017,2016-11-20,2016-11-14,400916137,reg,0,0,277,West Virginia Mountaineers,Big 12,power,19,100,160,New Hampshire Wildcats,Am. East,mid,0,41,NIT SEASON TIP-OFF - CAMPUS GAME
2017,2016-11-20,2016-11-14,400916138,reg,0,0,66,Iowa State Cyclones,Big 12,power,20,130,2643,The Citadel Bulldogs,SoCon,mid,0,63,
2017,2016-11-20,2016-11-14,400926515,reg,1,0,2460,Northern Iowa Panthers,MVC,mid,0,59,2752,Xavier Musketeers,Big East,high,11,67,TIRE PROS INVITATIONAL
2017,2016-11-20,2016-11-14,400926517,reg,1,0,156,Creighton Bluejays,Big East,high,22,112,152,NC State Wolfpack,ACC,power,0,94,PARADISE JAM
2017,2016-11-20,2016-11-14,400926521,reg,1,0,2116,UCF Knights,American,high,0,57,222,Villanova Wildcats,Big East,high,3,67,GILDAN CHARLESTON CLASSIC
2017,2016-11-20,2016-11-14,400926563,reg,1,0,150,Duke Blue Devils,ACC,power,1,75,227,Rhode Island Rams,A-10,high,21,65,NAISMITH MEMORIAL HALL OF FAME TIP-OFF
2017,2016-11-20,2016-11-14,400926564,reg,1,0,213,Penn State Nittany Lions,Big Ten,power,0,50,2132,Cincinnati Bearcats,American,high,24,71,NAISMITH MEMORIAL HALL OF FAME TIP-OFF
2017,2016-11-21,2016-11-21,400910794,reg,1,0,275,Wisconsin Badgers,Big Ten,power,16,74,2633,Tennessee Volunteers,SEC,power,0,62,MAUI JIM MAUI INVITATIONAL
2017,2016-11-21,2016-11-21,400911023,reg,1,0,77,Northwestern Wildcats,Big Ten,power,0,77,251,Texas Longhorns,Big 12,power,22,58,LEGENDS CLASSIC
2017,2016-11-21,2016-11-21,400915255,reg,0,0,2124,Chaminade Silverswords,,,0,61,153,North Carolina Tar Heels,ACC,power,4,104,MAUI JIM MAUI INVITATIONAL
2017,2016-11-21,2016-11-21,400915516,reg,1,0,2483,Oregon Ducks,Pac-12,power,13,61,46,Georgetown Hoyas,Big East,high,0,65,MAUI JIM MAUI INVITATIONAL
2017,2016-11-21,2016-11-21,400915517,reg,0,0,12,Arizona Wildcats,Pac-12,power,8,71,2458,Northern Colorado Bears,Big Sky,mid,0,55,CONTINENTAL TIRE LAS VEGAS INVITATIONAL - CAMPUS GAME
2017,2016-11-21,2016-11-21,400916142,reg,1,0,2305,Kansas Jayhawks,Big 12,power,5,83,5,UAB Blazers,CUSA,mid,0,63,CBE HALL OF FAME CLASSIC
2017,2016-11-21,2016-11-21,400926681,reg,1,0,156,Creighton Bluejays,Big East,high,12,86,145,Ole Miss Rebels,SEC,power,0,77,PARADISE JAM
2017,2016-11-22,2016-11-21,400915120,reg,0,0,2870,Purdue Fort Wayne Mastodons,Summit,mid,0,71,84,Indiana Hoosiers,Big Ten,power,3,68,INDIANA CLASSIC
2017,2016-11-22,2016-11-21,400915185,reg,1,0,328,Utah State Aggies,Mountain West,high,0,64,2509,Purdue Boilermakers,Big Ten,power,17,85,CANCUN CHALLENGE
2017,2016-11-22,2016-11-21,400915258,reg,0,0,183,Syracuse Orange,ACC,power,18,101,2569,South Carolina State Bulldogs,MEAC,mid,0,59,BROOKLYN HOOPS HOLIDAY INVITATIONAL
2017,2016-11-22,2016-11-21,400915259,reg,0,0,258,Virginia Cavaliers,ACC,power,7,90,2755,Grambling Tigers,SWAC,mid,0,34,EMERALD COAST CLASSIC - CAMPUS GAME
2017,2016-11-22,2016-11-21,400915739,reg,0,0,2608,Saint Mary's Gaels,WCC,high,15,81,23,San José State Spartans,Mountain West,high,0,64,
2017,2016-11-22,2016-11-21,400926702,reg,1,0,2483,Oregon Ducks,Pac-12,power,13,69,2633,Tennessee Volunteers,SEC,power,0,65,MAUI JIM MAUI INVITATIONAL
2017,2016-11-22,2016-11-21,400926704,reg,1,0,46,Georgetown Hoyas,Big East,high,0,57,275,Wisconsin Badgers,Big Ten,power,16,73,MAUI JIM MAUI INVITATIONAL
2017,2016-11-22,2016-11-21,400926705,reg,1,0,153,North Carolina Tar Heels,ACC,power,4,107,197,Oklahoma State Cowboys,Big 12,power,0,75,MAUI JIM MAUI INVITATIONAL
2017,2016-11-22,2016-11-21,400926733,reg,1,0,2305,Kansas Jayhawks,Big 12,power,5,65,61,Georgia Bulldogs,SEC,power,0,54,CBE HALL OF FAME CLASSIC
2017,2016-11-22,2016-11-21,400926735,reg,1,0,38,Colorado Buffaloes,Pac-12,power,0,68,251,Texas Longhorns,Big 12,power,22,54,LEGENDS CLASSIC
2017,2016-11-23,2016-11-21,400910683,reg,0,0,96,Kentucky Wildcats,SEC,power,1,101,325,Cleveland State Vikings,Horizon,mid,0,70,BLUEGRASS SHOWCASE
2017,2016-11-23,2016-11-21,400910779,reg,0,0,2579,South Carolina Gamecocks,SEC,power,0,61,130,Michigan Wolverines,Big Ten,power,25,46,
2017,2016-11-23,2016-11-21,400915065,reg,1,0,127,Michigan State Spartans,Big Ten,power,24,73,2599,St. John's Red Storm,Big East,high,0,62,BATTLE 4 ATLANTIS
2017,2016-11-23,2016-11-21,400915262,reg,0,0,150,Duke Blue Devils,ACC,power,6,88,2729,William & Mary Tribe,CAA,mid,0,67,
2017,2016-11-23,2016-11-21,400915263,reg,1,0,295,Old Dominion Monarchs,CUSA,mid,0,62,97,Louisville Cardinals,ACC,power,10,68,BATTLE 4 ATLANTIS
2017,2016-11-23,2016-11-21,400916144,reg,1,0,239,Baylor Bears,Big 12,power,20,71,2670,VCU Rams,A-10,high,0,63,BATTLE 4 ATLANTIS
2017,2016-11-23,2016-11-21,400919646,reg,0,0,222,Villanova Wildcats,Big East,high,2,63,232,Charleston Cougars,CAA,mid,0,47,GILDAN CHARLESTON CLASSIC
2017,2016-11-23,2016-11-21,400926706,reg,1,0,41,UConn Huskies,American,high,0,69,2483,Oregon Ducks,Pac-12,power,13,79,MAUI JIM MAUI INVITATIONAL
2017,2016-11-23,2016-11-21,400926707,reg,1,0,153,North Carolina Tar Heels,ACC,power,4,71,275,Wisconsin Badgers,Big Ten,power,16,56,MAUI JIM MAUI INVITATIONAL
2017,2016-11-23,2016-11-21,400926845,reg,1,0,2,Auburn Tigers,SEC,power,0,71,2509,Purdue Boilermakers,Big Ten,power,17,96,CANCUN CHALLENGE
2017,2016-11-24,2016-11-21,400914951,reg,1,0,277,West Virginia Mountaineers,Big 12,power,19,89,356,Illinois Fighting Illini,Big Ten,power,0,57,NIT SEASON TIP-OFF
2017,2016-11-24,2016-11-21,400915264,reg,1,0,52,Florida State Seminoles,ACC,power,25,86,218,Temple Owls,American,high,0,89,NIT SEASON TIP-OFF
2017,2016-11-24,2016-11-21,400915523,reg,1,0,12,Arizona Wildcats,Pac-12,power,8,69,2541,Santa Clara Broncos,WCC,high,0,61,CONTINENTAL TIRE LAS VEGAS INVITATIONAL
2017,2016-11-24,2016-11-21,400915524,reg,1,0,26,UCLA Bruins,Pac-12,power,14,99,2501,Portland Pilots,WCC,high,0,77,WOODEN LEGACY
2017,2016-11-24,2016-11-21,400915743,reg,1,0,2514,Quinnipiac Bobcats,MAAC,mid,0,62,2250,Gonzaga Bulldogs,WCC,high,11,82,ADVOCARE INVITATIONAL
2017,2016-11-24,2016-11-21,400916145,reg,1,0,66,Iowa State Cyclones,Big 12,power,21,73,282,Indiana State Sycamores,MVC,mid,0,71,ADVOCARE INVITATIONAL
2017,2016-11-24,2016-11-21,400926748,reg,1,0,127,Michigan State Spartans,Big Ten,power,24,58,239,Baylor Bears,Big 12,power,20,73,BATTLE 4 ATLANTIS
2017,2016-11-24,2016-11-21,400926749,reg,1,0,2724,Wichita State Shockers,MVC,mid,0,52,97,Louisville Cardinals,ACC,power,10,62,BATTLE 4 ATLANTIS
2017,2016-11-25,2016-11-21,400910684,reg,0,0,96,Kentucky Wildcats,SEC,power,1,111,2630,UT Martin Skyhawks,OVC,mid,0,76,BLUEGRASS SHOWCASE
2017,2016-11-25,2016-11-21,400914996,reg,1,0,2294,Iowa Hawkeyes,Big Ten,power,0,41,258,Virginia Cavaliers,ACC,power,7,74,EMERALD COAST CLASSIC
2017,2016-11-25,2016-11-21,400916149,reg,0,0,2305,Kansas Jayhawks,Big 12,power,5,95,2427,UNC Asheville Bulldogs,Big South,mid,0,57,CBE HALL OF FAME CLASSIC - CAMPUS GAME
2017,2016-11-25,2016-11-21,400917696,reg,0,0,227,Rhode Island Rams,A-10,high,23,82,2057,Belmont Bruins,OVC,mid,0,73,
2017,2016-11-25,2016-11-21,400926726,reg,1,0,2390,Miami Hurricanes,ACC,power,0,56,66,Iowa State Cyclones,Big 12,power,21,73,ADVOCARE INVITATIONAL
2017,2016-11-25,2016-11-21,400926727,reg,1,0,57,Florida Gators,SEC,power,0,72,2250,Gonzaga Bulldogs,WCC,high,11,77,ADVOCARE INVITATIONAL
2017,2016-11-25,2016-11-21,400926739,reg,1,0,356,Illinois Fighting Illini,Big Ten,power,0,61,52,Florida State Seminoles,ACC,power,25,72,NIT SEASON TIP-OFF
2017,2016-11-25,2016-11-21,400926741,reg,1,0,277,West Virginia Mountaineers,Big 12,power,19,77,218,Temple Owls,American,high,0,81,NIT SEASON TIP-OFF
2017,2016-11-25,2016-11-21,400926743,reg,1,0,26,UCLA Bruins,Pac-12,power,14,82,158,Nebraska Cornhuskers,Big Ten,power,0,71,WOODEN LEGACY
2017,2016-11-25,2016-11-21,400926752,reg,1,0,127,Michigan State Spartans,Big Ten,power,24,77,2724,Wichita State Shockers,MVC,mid,0,72,BATTLE 4 ATLANTIS
2017,2016-11-25,2016-11-21,400926753,reg,1,0,239,Baylor Bears,Big 12,power,20,66,97,Louisville Cardinals,ACC,power,10,63,BATTLE 4 ATLANTIS
2017,2016-11-25,2016-11-21,400926926,reg,1,0,2086,Butler Bulldogs,Big East,high,0,69,12,Arizona Wildcats,Pac-12,power,8,65,CONTINENTAL TIRE LAS VEGAS INVITATIONAL
2017,2016-11-26,2016-11-21,400910780,reg,1,0,183,Syracuse Orange,ACC,power,18,50,2579,South Carolina Gamecocks,SEC,power,0,64,BROOKLYN HOOPS HOLIDAY INVITATIONAL
2017,2016-11-26,2016-11-21,400915045,reg,0,0,130,Michigan Wolverines,Big Ten,power,25,64,116,Mount St. Mary's Mountaineers,NEC,mid,0,47,
2017,2016-11-26,2016-11-21,400915186,reg,0,0,2509,Purdue Boilermakers,Big Ten,power,17,79,2885,NJIT Highlanders,ASUN,mid,0,68,CANCUN CHALLENGE - CAMPUS GAME
2017,2016-11-26,2016-11-21,400915273,reg,0,0,150,Duke Blue Devils,ACC,power,6,93,2026,Appalachian State Mountaineers,Sun Belt,mid,0,58,
2017,2016-11-26,2016-11-21,400918156,reg,0,0,2752,Xavier Musketeers,Big East,high,9,64,2460,Northern Iowa Panthers,MVC,mid,0,42,
2017,2016-11-26,2016-11-21,400918995,reg,0,0,156,Creighton Bluejays,Big East,high,12,82,2352,Loyola Maryland Greyhounds,Patriot,mid,0,52,
2017,2016-11-26,2016-11-21,400927017,reg,1,0,2507,Providence Friars,Big East,high,0,52,258,Virginia Cavaliers,ACC,power,7,63,EMERALD COAST CLASSIC
2017,2016-11-27,2016-11-21,400914924,reg,0,0,275,Wisconsin Badgers,Big Ten,power,16,95,2504,Prairie View A&M Panthers,SWAC,mid,0,50,
2017,2016-11-27,2016-11-21,400915121,reg,0,0,84,Indiana Hoosiers,Big Ten,power,3,85,2400,Mississippi Valley State Delta Devils,SWAC,mid,0,52,INDIANA CLASSIC
2017,2016-11-27,2016-11-21,400915749,reg,1,0,2608,Saint Mary's Gaels,WCC,high,15,76,5,UAB Blazers,CUSA,mid,0,63,
2017,2016-11-27,2016-11-21,400926730,reg,1,0,2250,Gonzaga Bulldogs,WCC,high,11,73,66,Iowa State Cyclones,Big 12,power,21,71,ADVOCARE INVITATIONAL
2017,2016-11-27,2016-11-21,400927029,reg,1,0,26,UCLA Bruins,Pac-12,power,14,74,245,Texas A&M Aggies,SEC,power,0,67,WOODEN LEGACY
2017,2016-11-28,2016-11-28,400910685,reg,1,0,96,Kentucky Wildcats,SEC,power,1,115,9,Arizona State Sun Devils,Pac-12,power,0,69,ATLANTIS SHOWCASE
2017,2016-11-28,2016-11-28,400915534,reg,0,0,254,Utah Utes,Pac-12,power,0,59,2086,Butler Bulldogs,Big East,high,18,68,
2017,2016-11-28,2016-11-28,400915535,reg,0,0,2483,Oregon Ducks,Pac-12,power,23,68,68,Boise State Broncos,Mountain West,high,0,63,
2017,2016-11-28,2016-11-28,400916150,reg,0,0,277,West Virginia Mountaineers,Big 12,power,25,108,2363,Manhattan Jaspers,MAAC,mid,0,61,NIT SEASON TIP-OFF - CAMPUS GAME
2017,2016-11-29,2016-11-28,400914925,reg,0,0,275,Wisconsin Badgers,Big Ten,power,17,77,183,Syracuse Orange,ACC,power,22,60,ACC/BIG TEN CHALLENGE PRES. BY LG V20
2017,2016-11-29,2016-11-28,400915066,reg,0,0,150,Duke Blue Devils,ACC,power,5,78,127,Michigan State Spartans,Big Ten,power,0,69,ACC/BIG TEN CHALLENGE PRES. BY LG V20
2017,2016-11-29,2016-11-28,400916152,reg,0,0,2305,Kansas Jayhawks,Big 12,power,4,91,299,Long Beach State Beach,Big West,mid,0,61,
2017,2016-11-29,2016-11-28,400917045,reg,0,0,156,Creighton Bluejays,Big East,high,10,93,2084,Buffalo Bulls,MAC,mid,0,72,
2017,2016-11-29,2016-11-28,400917894,reg,0,0,2752,Xavier Musketeers,Big East,high,7,85,2449,North Dakota State Bison,Summit,mid,0,55,
2017,2016-11-29,2016-11-28,400918432,reg,0,0,2674,Valparaiso Beacons,Horizon,mid,0,65,227,Rhode Island Rams,A-10,high,21,62,
2017,2016-11-29,2016-11-28,400919331,reg,0,0,219,Pennsylvania Quakers,Ivy,mid,0,57,222,Villanova Wildcats,Big East,high,2,82,
2017,2016-11-30,2016-11-28,400915122,reg,0,0,84,Indiana Hoosiers,Big Ten,power,13,76,153,North Carolina Tar Heels,ACC,power,3,67,ACC/BIG TEN CHALLENGE PRES. BY LG V20
2017,2016-11-30,2016-11-28,400915152,reg,0,0,258,Virginia Cavaliers,ACC,power,6,63,194,Ohio State Buckeyes,Big Ten,power,0,61,ACC/BIG TEN CHALLENGE PRES. BY LG V20
2017,2016-11-30,2016-11-28,400915187,reg,0,0,97,Louisville Cardinals,ACC,power,14,71,2509,Purdue Boilermakers,Big Ten,power,15,64,ACC/BIG TEN CHALLENGE PRES. BY LG V20
2017,2016-11-30,2016-11-28,400915537,reg,0,0,12,Arizona Wildcats,Pac-12,power,16,85,2640,Texas Southern Tigers,SWAC,mid,0,63,
2017,2016-11-30,2016-11-28,400915541,reg,0,0,24,Stanford Cardinal,Pac-12,power,0,51,2608,Saint Mary's Gaels,WCC,high,12,66,
2017,2016-11-30,2016-11-28,400915542,reg,0,0,26,UCLA Bruins,Pac-12,power,11,98,27,UC Riverside Highlanders,Big West,mid,0,56,
2017,2016-11-30,2016-11-28,400916156,reg,0,0,239,Baylor Bears,Big 12,power,9,79,2534,Sam Houston Bearkats,Southland,mid,0,45,
2017,2016-11-30,2016-11-28,400925361,reg,0,0,2483,Oregon Ducks,Pac-12,power,23,93,2848,Western Oregon Wolves,,,0,54,
2017,2016-12-01,2016-11-28,400910637,reg,0,0,2454,North Florida Ospreys,ASUN,mid,0,60,57,Florida Gators,SEC,power,24,91,
2017,2016-12-01,2016-11-28,400910781,reg,0,0,2579,South Carolina Gamecocks,SEC,power,20,68,261,Vermont Catamounts,Am. East,mid,0,50,
2017,2016-12-01,2016-11-28,400915756,reg,0,0,2250,Gonzaga Bulldogs,WCC,high,8,97,2400,Mississippi Valley State Delta Devils,SWAC,mid,0,63,
2017,2016-12-01,2016-11-28,400916157,reg,0,0,66,Iowa State Cyclones,Big 12,power,19,54,2132,Cincinnati Bearcats,American,high,0,55,
2017,2016-12-02,2016-11-28,400915123,reg,0,0,84,Indiana Hoosiers,Big Ten,power,13,83,2565,SIU Edwardsville Cougars,OVC,mid,0,60,
2017,2016-12-03,2016-11-28,400910686,reg,0,0,96,Kentucky Wildcats,SEC,power,1,92,26,UCLA Bruins,Pac-12,power,11,97,
2017,2016-12-03,2016-11-28,400914926,reg,0,0,275,Wisconsin Badgers,Big Ten,power,17,90,201,Oklahoma Sooners,Big 12,power,0,70,
2017,2016-12-03,2016-11-28,400915188,reg,0,0,2509,Purdue Boilermakers,Big Ten,power,15,90,2413,Morehead State Eagles,OVC,mid,0,56,
2017,2016-12-03,2016-11-28,400915277,reg,0,0,183,Syracuse Orange,ACC,power,22,77,2454,North Florida Ospreys,ASUN,mid,0,71,
2017,2016-12-03,2016-11-28,400915280,reg,0,0,258,Virginia Cavaliers,ACC,power,6,57,277,West Virginia Mountaineers,Big 12,power,25,66,
2017,2016-12-03,2016-11-28,400915281,reg,0,0,150,Duke Blue Devils,ACC,power,5,94,311,Maine Black Bears,Am. East,mid,0,55,
2017,2016-12-03,2016-11-28,400915282,reg,0,0,2253,Grand Canyon Lopes,WAC,mid,0,70,97,Louisville Cardinals,ACC,power,14,79,
2017,2016-12-03,2016-11-28,400915544,reg,0,0,2305,Kansas Jayhawks,Big 12,power,4,89,24,Stanford Cardinal,Pac-12,power,0,74,
2017,2016-12-03,2016-11-28,400915547,reg,1,0,12,Arizona Wildcats,Pac-12,power,16,62,2250,Gonzaga Bulldogs,WCC,high,8,69,HOOPHALL LA
2017,2016-12-03,2016-11-28,400916160,reg,0,0,239,Baylor Bears,Big 12,power,9,76,2752,Xavier Musketeers,Big East,high,7,61,
2017,2016-12-03,2016-11-28,400917055,reg,0,0,156,Creighton Bluejays,Big East,high,10,82,2006,Akron Zips,MAC,mid,0,70,
2017,2016-12-03,2016-11-28,400918433,reg,0,0,2507,Providence Friars,Big East,high,0,63,227,Rhode Island Rams,A-10,high,21,60,
2017,2016-12-03,2016-11-28,400918455,reg,0,0,222,Villanova Wildcats,Big East,high,2,88,2603,Saint Joseph's Hawks,A-10,high,0,57,
2017,2016-12-03,2016-11-28,400919651,reg,0,0,2086,Butler Bulldogs,Big East,high,18,82,2110,Central Arkansas Bears,Southland,mid,0,58,
2017,2016-12-03,2016-11-28,400923002,reg,0,0,2483,Oregon Ducks,Pac-12,power,23,128,2542,Savannah State Tigers,MEAC,mid,0,59,
2017,2016-12-04,2016-11-28,400910782,reg,0,0,2579,South Carolina Gamecocks,SEC,power,20,70,2229,Florida International Panthers,CUSA,mid,0,54,
2017,2016-12-04,2016-11-28,400915124,reg,0,0,84,Indiana Hoosiers,Big Ten,power,13,83,2546,Southeast Missouri State Redhawks,OVC,mid,0,55,
2017,2016-12-04,2016-11-28,400915284,reg,0,0,153,North Carolina Tar Heels,ACC,power,3,95,2515,Radford Highlanders,Big South,mid,0,50,
2017,2016-12-05,2016-12-05,400916161,reg,0,0,66,Iowa State Cyclones,Big 12,power,25,91,2437,Omaha Mavericks,Summit,mid,0,47,
2017,2016-12-06,2016-12-05,400910638,reg,1,0,150,Duke Blue Devils,ACC,power,5,84,57,Florida Gators,SEC,power,21,74,JIMMY V CLASSIC
2017,2016-12-06,2016-12-05,400915189,reg,1,0,9,Arizona State Sun Devils,Pac-12,power,0,64,2509,Purdue Boilermakers,Big Ten,power,18,97,JIMMY V CLASSIC
2017,2016-12-06,2016-12-05,400915290,reg,0,0,258,Virginia Cavaliers,ACC,power,14,76,151,East Carolina Pirates,American,high,0,53,
2017,2016-12-06,2016-12-05,400915292,reg,0,0,87,Notre Dame Fighting Irish,ACC,power,23,87,2870,Purdue Fort Wayne Mastodons,Summit,mid,0,72,
2017,2016-12-06,2016-12-05,400915553,reg,0,0,12,Arizona Wildcats,Pac-12,power,20,79,300,UC Irvine Anteaters,Big West,mid,0,57,
2017,2016-12-06,2016-12-05,400916162,reg,0,0,2305,Kansas Jayhawks,Big 12,power,3,105,140,Kansas City Roos,WAC,mid,0,62,
2017,2016-12-06,2016-12-05,400918399,reg,0,0,2325,La Salle Explorers,A-10,high,0,79,222,Villanova Wildcats,Big East,high,1,89,
2017,2016-12-07,2016-12-05,400910687,reg,0,0,96,Kentucky Wildcats,SEC,power,6,87,2674,Valparaiso Beacons,Horizon,mid,0,63,
2017,2016-12-07,2016-12-05,400914927,reg,0,0,275,Wisconsin Badgers,Big Ten,power,17,78,304,Idaho State Bengals,Big Sky,mid,0,44,
2017,2016-12-07,2016-12-05,400915107,reg,0,0,158,Nebraska Cornhuskers,Big Ten,power,0,62,156,Creighton Bluejays,Big East,high,10,77,
2017,2016-12-07,2016-12-05,400915295,reg,0,0,97,Louisville Cardinals,ACC,power,11,74,79,Southern Illinois Salukis,MVC,mid,0,51,
2017,2016-12-07,2016-12-05,400915298,reg,0,0,153,North Carolina Tar Heels,ACC,power,7,83,2166,Davidson Wildcats,A-10,high,0,74,
2017,2016-12-07,2016-12-05,400915554,reg,0,0,2250,Gonzaga Bulldogs,WCC,high,8,98,264,Washington Huskies,Pac-12,power,0,71,
2017,2016-12-07,2016-12-05,400915555,reg,0,0,38,Colorado Buffaloes,Pac-12,power,0,68,2752,Xavier Musketeers,Big East,high,13,66,
2017,2016-12-07,2016-12-05,400916164,reg,1,0,277,West Virginia Mountaineers,Big 12,power,15,90,2717,Western Carolina Catamounts,SoCon,mid,0,37,
2017,2016-12-07,2016-12-05,400918211,reg,0,0,282,Indiana State Sycamores,MVC,mid,0,72,2086,Butler Bulldogs,Big East,high,16,71,
2017,2016-12-08,2016-12-05,400915000,reg,0,0,2294,Iowa Hawkeyes,Big Ten,power,0,78,66,Iowa State Cyclones,Big 12,power,25,64,IOWA CORN CY-HAWK SERIES
2017,2016-12-08,2016-12-05,400915769,reg,0,0,2608,Saint Mary's Gaels,WCC,high,12,51,250,UT Arlington Mavericks,Sun Belt,mid,0,65,
2017,2016-12-09,2016-12-05,400916724,reg,0,0,156,Creighton Bluejays,Big East,high,10,113,2344,Longwood Lancers,Big South,mid,0,58,
2017,2016-12-10,2016-12-05,400910747,reg,0,0,142,Missouri Tigers,SEC,power,0,60,12,Arizona Wildcats,Pac-12,power,20,79,
2017,2016-12-10,2016-12-05,400914928,reg,0,0,269,Marquette Golden Eagles,Big East,high,0,84,275,Wisconsin Badgers,Big Ten,power,17,93,
2017,2016-12-10,2016-12-05,400915108,reg,0,0,2305,Kansas Jayhawks,Big 12,power,3,89,158,Nebraska Cornhuskers,Big Ten,power,0,72,
2017,2016-12-10,2016-12-05,400915125,reg,0,0,84,Indiana Hoosiers,Big Ten,power,9,103,2277,Houston Christian Huskies,Southland,mid,0,61,
2017,2016-12-10,2016-12-05,400915190,reg,0,0,2509,Purdue Boilermakers,Big Ten,power,18,77,325,Cleveland State Vikings,Horizon,mid,0,53,
2017,2016-12-10,2016-12-05,400915305,reg,1,0,222,Villanova Wildcats,Big East,high,1,74,87,Notre Dame Fighting Irish,ACC,power,23,66,NEVER FORGET TRIBUTE CLASSIC
2017,2016-12-10,2016-12-05,400915306,reg,0,0,97,Louisville Cardinals,ACC,power,11,102,2640,Texas Southern Tigers,SWAC,mid,0,71,
2017,2016-12-10,2016-12-05,400915307,reg,1,0,2439,UNLV Rebels,Mountain West,high,0,45,150,Duke Blue Devils,ACC,power,5,94,
2017,2016-12-10,2016-12-05,400915558,reg,0,0,2752,Xavier Musketeers,Big East,high,13,77,254,Utah Utes,Pac-12,power,0,69,
2017,2016-12-10,2016-12-05,400915560,reg,0,0,26,UCLA Bruins,Pac-12,power,2,102,130,Michigan Wolverines,Big Ten,power,0,84,
2017,2016-12-10,2016-12-05,400915774,reg,0,0,2250,Gonzaga Bulldogs,WCC,high,8,61,2006,Akron Zips,MAC,mid,0,43,
2017,2016-12-10,2016-12-05,400916168,reg,0,0,277,West Virginia Mountaineers,Big 12,power,15,90,2678,VMI Keydets,SoCon,mid,0,55,
2017,2016-12-10,2016-12-05,400916531,reg,0,0,2086,Butler Bulldogs,Big East,high,16,75,2132,Cincinnati Bearcats,American,high,22,65,
2017,2016-12-11,2016-12-05,400910546,reg,0,0,2483,Oregon Ducks,Pac-12,power,24,65,333,Alabama Crimson Tide,SEC,power,0,56,
2017,2016-12-11,2016-12-05,400910639,reg,0,0,52,Florida State Seminoles,ACC,power,0,83,57,Florida Gators,SEC,power,21,78,
2017,2016-12-11,2016-12-05,400910688,reg,1,0,96,Kentucky Wildcats,SEC,power,6,96,2275,Hofstra Pride,CAA,mid,0,73,BROOKLYN HOOPS WINTER FESTIVAL
2017,2016-12-11,2016-12-05,400910797,reg,0,0,153,North Carolina Tar Heels,ACC,power,7,73,2633,Tennessee Volunteers,SEC,power,0,71,
2017,2016-12-11,2016-12-05,400915777,reg,0,0,2608,Saint Mary's Gaels,WCC,high,12,84,300,UC Irvine Anteaters,Big West,mid,0,53,
2017,2016-12-12,2016-12-12,400910783,reg,1,0,2550,Seton Hall Pirates,Big East,high,0,67,2579,South Carolina Gamecocks,SEC,power,16,64,UNDER ARMOUR REUNION
2017,2016-12-13,2016-12-12,400915566,reg,0,0,2483,Oregon Ducks,Pac-12,power,22,81,149,Montana Grizzlies,Big Sky,mid,0,67,
2017,2016-12-13,2016-12-12,400916534,reg,0,0,222,Villanova Wildcats,Big East,high,1,78,218,Temple Owls,American,high,0,57,
2017,2016-12-13,2016-12-12,400916536,reg,0,0,2132,Cincinnati Bearcats,American,high,25,96,2640,Texas Southern Tigers,SWAC,mid,0,58,
2017,2016-12-14,2016-12-12,400914929,reg,0,0,275,Wisconsin Badgers,Big Ten,power,14,73,2739,Green Bay Phoenix,Horizon,mid,0,59,
2017,2016-12-14,2016-12-12,400915567,reg,0,0,26,UCLA Bruins,Pac-12,power,2,102,2540,UC Santa Barbara Gauchos,Big West,mid,0,62,
2017,2016-12-14,2016-12-12,400915568,reg,0,0,12,Arizona Wildcats,Pac-12,power,19,64,2253,Grand Canyon Lopes,WAC,mid,0,54,
2017,2016-12-14,2016-12-12,400915779,reg,0,0,2608,Saint Mary's Gaels,WCC,high,20,73,98,Western Kentucky Hilltoppers,CUSA,mid,0,51,
2017,2016-12-14,2016-12-12,400916172,reg,0,0,239,Baylor Bears,Big 12,power,4,89,2582,Southern Jaguars,SWAC,mid,0,59,
2017,2016-12-17,2016-12-12,400910689,reg,1,0,153,North Carolina Tar Heels,ACC,power,7,100,96,Kentucky Wildcats,SEC,power,6,103,CBS SPORTS CLASSIC
2017,2016-12-17,2016-12-12,400910784,reg,0,0,58,South Florida Bulls,American,high,0,66,2579,South Carolina Gamecocks,SEC,power,16,77,
2017,2016-12-17,2016-12-12,400910813,reg,1,0,245,Texas A&M Aggies,SEC,power,0,63,12,Arizona Wildcats,Pac-12,power,19,67,LONE STAR SHOOTOUT
2017,2016-12-17,2016-12-12,400915126,reg,1,0,84,Indiana Hoosiers,Big Ten,power,9,78,2086,Butler Bulldogs,Big East,high,18,83,CROSSROADS CLASSIC
2017,2016-12-17,2016-12-12,400915156,reg,1,0,26,UCLA Bruins,Pac-12,power,2,86,194,Ohio State Buckeyes,Big Ten,power,0,73,CBS SPORTS CLASSIC
2017,2016-12-17,2016-12-12,400915191,reg,1,0,2509,Purdue Boilermakers,Big Ten,power,15,86,87,Notre Dame Fighting Irish,ACC,power,21,81,CROSSROADS CLASSIC
2017,2016-12-17,2016-12-12,400915311,reg,1,0,52,Florida State Seminoles,ACC,power,23,83,2363,Manhattan Jaspers,MAAC,mid,0,67,METRO PCS ORANGE BOWL CLASSIC
2017,2016-12-17,2016-12-12,400915313,reg,0,0,258,Virginia Cavaliers,ACC,power,13,79,2523,Robert Morris Colonials,NEC,mid,0,39,
2017,2016-12-17,2016-12-12,400915315,reg,0,0,2752,Xavier Musketeers,Big East,high,17,69,154,Wake Forest Demon Deacons,ACC,power,0,65,SKIP PROSSER CLASSIC
2017,2016-12-17,2016-12-12,400915317,reg,0,0,97,Louisville Cardinals,ACC,power,11,87,2198,Eastern Kentucky Colonels,OVC,mid,0,56,BILLY MINARDI CLASSIC
2017,2016-12-17,2016-12-12,400915576,reg,0,0,30,USC Trojans,Pac-12,power,24,82,2653,Troy Trojans,Sun Belt,mid,0,77,CONTINENTAL TIRE LAS VEGAS CLASSIC - CAMPUS GAME
2017,2016-12-17,2016-12-12,400915577,reg,1,0,2483,Oregon Ducks,Pac-12,power,22,83,2439,UNLV Rebels,Mountain West,high,0,63,
2017,2016-12-17,2016-12-12,400916177,reg,0,0,277,West Virginia Mountaineers,Big 12,power,12,112,140,Kansas City Roos,WAC,mid,0,67,
2017,2016-12-17,2016-12-12,400916181,reg,0,0,239,Baylor Bears,Big 12,power,4,82,2296,Jackson State Tigers,SWAC,mid,0,57,
2017,2016-12-17,2016-12-12,400916182,reg,0,0,2305,Kansas Jayhawks,Big 12,power,3,89,2166,Davidson Wildcats,A-10,high,0,71,JAYHAWK SHOOTOUT
2017,2016-12-17,2016-12-12,400916540,reg,0,0,2132,Cincinnati Bearcats,American,high,25,119,161,Fairleigh Dickinson Knights,NEC,mid,0,68,
2017,2016-12-17,2016-12-12,400917913,reg,0,0,156,Creighton Bluejays,Big East,high,10,66,198,Oral Roberts Golden Eagles,Summit,mid,0,65,
2017,2016-12-18,2016-12-12,400910800,reg,1,0,2633,Tennessee Volunteers,SEC,power,0,76,2250,Gonzaga Bulldogs,WCC,high,8,86,
2017,2016-12-18,2016-12-12,400916184,reg,0,0,239,Baylor Bears,Big 12,power,4,107,2301,John Brown Golden Eagles,,,0,53,
2017,2016-12-19,2016-12-19,400915127,reg,0,0,84,Indiana Hoosiers,Big Ten,power,16,103,2169,Delaware State Hornets,MEAC,mid,0,56,
2017,2016-12-19,2016-12-19,400915192,reg,0,0,2509,Purdue Boilermakers,Big Ten,power,15,82,2710,Western Illinois Leathernecks,Summit,mid,0,50,
2017,2016-12-19,2016-12-19,400915321,reg,0,0,52,Florida State Seminoles,ACC,power,21,76,2535,Samford Bulldogs,SoCon,mid,0,68,
2017,2016-12-19,2016-12-19,400915323,reg,0,0,87,Notre Dame Fighting Irish,ACC,power,25,77,2142,Colgate Raiders,Patriot,mid,0,62,
2017,2016-12-19,2016-12-19,400915324,reg,0,0,150,Duke Blue Devils,ACC,power,5,65,2634,Tennessee State Tigers,OVC,mid,0,55,
2017,2016-12-19,2016-12-19,400915582,reg,0,0,30,USC Trojans,Pac-12,power,23,79,172,Cornell Big Red,Ivy,mid,0,67,CONTINENTAL TIRE LAS VEGAS CLASSIC - CAMPUS GAME
2017,2016-12-20,2016-12-19,400915583,reg,0,0,12,Arizona Wildcats,Pac-12,power,18,77,167,New Mexico Lobos,Mountain West,high,0,46,
2017,2016-12-20,2016-12-19,400915584,reg,0,0,9,Arizona State Sun Devils,Pac-12,power,0,85,156,Creighton Bluejays,Big East,high,9,96,
2017,2016-12-20,2016-12-19,400915585,reg,0,0,2483,Oregon Ducks,Pac-12,power,20,75,278,Fresno State Bulldogs,Mountain West,high,0,63,
2017,2016-12-20,2016-12-19,400915792,reg,0,0,2608,Saint Mary's Gaels,WCC,high,19,67,357,Texas A&M-Corpus Christi Islanders,Southland,mid,0,46,
2017,2016-12-20,2016-12-19,400916185,reg,0,0,277,West Virginia Mountaineers,Big 12,power,11,84,2515,Radford Highlanders,Big South,mid,0,57,
2017,2016-12-21,2016-12-19,400910690,reg,0,0,97,Louisville Cardinals,ACC,power,10,73,96,Kentucky Wildcats,SEC,power,6,70,
2017,2016-12-21,2016-12-19,400910785,reg,0,0,2579,South Carolina Gamecocks,SEC,power,22,60,228,Clemson Tigers,ACC,power,0,62,
2017,2016-12-21,2016-12-19,400915193,reg,0,0,2509,Purdue Boilermakers,Big Ten,power,15,91,2450,Norfolk State Spartans,MEAC,mid,0,45,
2017,2016-12-21,2016-12-19,400915326,reg,1,0,2210,Elon Phoenix,CAA,mid,0,61,150,Duke Blue Devils,ACC,power,5,72,
2017,2016-12-21,2016-12-19,400915328,reg,0,0,153,North Carolina Tar Heels,ACC,power,8,85,2460,Northern Iowa Panthers,MVC,mid,0,42,
2017,2016-12-21,2016-12-19,400915329,reg,0,0,25,California Golden Bears,Pac-12,power,0,52,258,Virginia Cavaliers,ACC,power,12,56,
2017,2016-12-21,2016-12-19,400915589,reg,0,0,26,UCLA Bruins,Pac-12,power,2,82,2711,Western Michigan Broncos,MAC,mid,0,68,
2017,2016-12-21,2016-12-19,400915794,reg,0,0,2250,Gonzaga Bulldogs,WCC,high,7,102,233,South Dakota Coyotes,Summit,mid,0,65,
2017,2016-12-21,2016-12-19,400916187,reg,0,0,239,Baylor Bears,Big 12,power,4,89,2640,Texas Southern Tigers,SWAC,mid,0,63,
2017,2016-12-21,2016-12-19,400918762,reg,0,0,2086,Butler Bulldogs,Big East,high,13,81,261,Vermont Catamounts,Am. East,mid,0,69,
2017,2016-12-21,2016-12-19,400919018,reg,0,0,222,Villanova Wildcats,Big East,high,1,90,44,American University Eagles,Patriot,mid,0,48,
2017,2016-12-22,2016-12-19,400914974,reg,0,0,84,Indiana Hoosiers,Big Ten,power,16,97,2046,Austin Peay Governors,OVC,mid,0,62,
2017,2016-12-22,2016-12-19,400915595,reg,1,0,30,USC Trojans,Pac-12,power,23,83,2623,Missouri State Bears,MVC,mid,0,75,CONTINENTAL TIRE LAS VEGAS CLASSIC
2017,2016-12-22,2016-12-19,400915799,reg,0,0,2608,Saint Mary's Gaels,WCC,high,19,74,2569,South Carolina State Bulldogs,MEAC,mid,0,47,
2017,2016-12-22,2016-12-19,400916192,reg,0,0,2439,UNLV Rebels,Mountain West,high,0,53,2305,Kansas Jayhawks,Big 12,power,3,71,
2017,2016-12-22,2016-12-19,400916552,reg,0,0,2132,Cincinnati Bearcats,American,high,24,93,276,Marshall Thundering Herd,CUSA,mid,0,91,
2017,2016-12-23,2016-12-19,400914930,reg,0,0,275,Wisconsin Badgers,Big Ten,power,14,90,50,Florida A&M Rattlers,MEAC,mid,0,37,
2017,2016-12-23,2016-12-19,400916193,reg,0,0,277,West Virginia Mountaineers,Big 12,power,11,92,94,Northern Kentucky Norse,Horizon,mid,0,61,
2017,2016-12-23,2016-12-19,400931951,reg,1,0,2751,Wyoming Cowboys,Mountain West,high,0,92,30,USC Trojans,Pac-12,power,23,94,CONTINENTAL TIRE LAS VEGAS CLASSIC
2017,2016-12-27,2016-12-26,400914931,reg,0,1,275,Wisconsin Badgers,Big Ten,power,14,72,164,Rutgers Scarlet Knights,Big Ten,power,0,52,
2017,2016-12-28,2016-12-26,400914975,reg,0,1,84,Indiana Hoosiers,Big Ten,power,16,83,158,Nebraska Cornhuskers,Big Ten,power,0,87,
2017,2016-12-28,2016-12-26,400915004,reg,0,1,2509,Purdue Boilermakers,Big Ten,power,15,89,2294,Iowa Hawkeyes,Big Ten,power,0,67,
2017,2016-12-28,2016-12-26,400915343,reg,0,1,52,Florida State Seminoles,ACC,power,20,88,154,Wake Forest Demon Deacons,ACC,power,0,72,
2017,2016-12-28,2016-12-26,400915344,reg,0,1,97,Louisville Cardinals,ACC,power,6,53,258,Virginia Cavaliers,ACC,power,12,61,
2017,2016-12-28,2016-12-26,400915345,reg,0,0,87,Notre Dame Fighting Irish,ACC,power,24,63,2612,Saint Peter's Peacocks,MAAC,mid,0,55,
2017,2016-12-28,2016-12-26,400915346,reg,0,0,153,North Carolina Tar Heels,ACC,power,9,102,2405,Monmouth Hawks,MAAC,mid,0,74,
2017,2016-12-28,2016-12-26,400915596,reg,0,1,2483,Oregon Ducks,Pac-12,power,21,89,26,UCLA Bruins,Pac-12,power,2,87,
2017,2016-12-28,2016-12-26,400915597,reg,0,1,204,Oregon State Beavers,Pac-12,power,0,63,30,USC Trojans,Pac-12,power,22,70,
2017,2016-12-28,2016-12-26,400916560,reg,0,1,218,Temple Owls,American,high,0,50,2132,Cincinnati Bearcats,American,high,23,56,
2017,2016-12-28,2016-12-26,400919656,reg,0,1,222,Villanova Wildcats,Big East,high,1,68,305,DePaul Blue Demons,Big East,high,0,65,
2017,2016-12-28,2016-12-26,400919657,reg,0,1,2752,Xavier Musketeers,Big East,high,17,82,2507,Providence Friars,Big East,high,0,56,
2017,2016-12-28,2016-12-26,400919658,reg,0,1,156,Creighton Bluejays,Big East,high,10,89,2550,Seton Hall Pirates,Big East,high,0,75,
2017,2016-12-29,2016-12-26,400910587,reg,0,1,8,Arkansas Razorbacks,SEC,power,0,72,57,Florida Gators,SEC,power,25,81,
2017,2016-12-29,2016-12-26,400910691,reg,0,1,145,Ole Miss Rebels,SEC,power,0,76,96,Kentucky Wildcats,SEC,power,8,99,
2017,2016-12-29,2016-12-26,400915805,reg,0,1,2250,Gonzaga Bulldogs,WCC,high,7,92,2492,Pepperdine Waves,WCC,high,0,62,
2017,2016-12-29,2016-12-26,400915808,reg,0,1,2351,Loyola Marymount Lions,WCC,high,0,60,2608,Saint Mary's Gaels,WCC,high,19,72,
2017,2016-12-29,2016-12-26,400919660,reg,0,1,2599,St. John's Red Storm,Big East,high,0,76,2086,Butler Bulldogs,Big East,high,13,73,
2017,2016-12-30,2016-12-26,400915599,reg,0,1,2483,Oregon Ducks,Pac-12,power,21,84,30,USC Trojans,Pac-12,power,22,61,
2017,2016-12-30,2016-12-26,400915600,reg,0,1,204,Oregon State Beavers,Pac-12,power,0,63,26,UCLA Bruins,Pac-12,power,2,76,
2017,2016-12-30,2016-12-26,400915601,reg,0,1,25,California Golden Bears,Pac-12,power,0,62,12,Arizona Wildcats,Pac-12,power,18,67,
2017,2016-12-30,2016-12-26,400916194,reg,0,1,197,Oklahoma State Cowboys,Big 12,power,0,75,277,West Virginia Mountaineers,Big 12,power,11,92,
2017,2016-12-30,2016-12-26,400916196,reg,0,1,201,Oklahoma Sooners,Big 12,power,0,50,239,Baylor Bears,Big 12,power,4,76,
2017,2016-12-30,2016-12-26,400916197,reg,0,1,2628,TCU Horned Frogs,Big 12,power,0,80,2305,Kansas Jayhawks,Big 12,power,3,86,
2017,2016-12-31,2016-12-26,400914976,reg,1,0,84,Indiana Hoosiers,Big Ten,power,16,62,97,Louisville Cardinals,ACC,power,6,77,
2017,2016-12-31,2016-12-26,400915347,reg,0,1,259,Virginia Tech Hokies,ACC,power,0,89,150,Duke Blue Devils,ACC,power,5,75,
2017,2016-12-31,2016-12-26,400915349,reg,0,1,221,Pittsburgh Panthers,ACC,power,0,77,87,Notre Dame Fighting Irish,ACC,power,24,78,
2017,2016-12-31,2016-12-26,400915350,reg,0,1,59,Georgia Tech Yellow Jackets,ACC,power,0,75,153,North Carolina Tar Heels,ACC,power,9,63,
2017,2016-12-31,2016-12-26,400915351,reg,0,1,258,Virginia Cavaliers,ACC,power,12,58,52,Florida State Seminoles,ACC,power,20,60,
2017,2016-12-31,2016-12-26,400915811,reg,0,1,279,Pacific Tigers,WCC,high,0,61,2250,Gonzaga Bulldogs,WCC,high,7,81,
2017,2016-12-31,2016-12-26,400915812,reg,0,1,2608,Saint Mary's Gaels,WCC,high,19,72,301,San Diego Toreros,WCC,high,0,60,
2017,2016-12-31,2016-12-26,400919661,reg,0,1,46,Georgetown Hoyas,Big East,high,0,76,2752,Xavier Musketeers,Big East,high,17,81,
2017,2016-12-31,2016-12-26,400919662,reg,0,1,156,Creighton Bluejays,Big East,high,10,70,222,Villanova Wildcats,Big East,high,1,80,
2017,2017-01-01,2016-12-26,400915094,reg,0,1,2509,Purdue Boilermakers,Big Ten,power,15,82,135,Minnesota Golden Gophers,Big Ten,power,0,91,
2017,2017-01-01,2016-12-26,400915603,reg,0,1,24,Stanford Cardinal,Pac-12,power,0,52,12,Arizona Wildcats,Pac-12,power,18,91,
2017,2017-01-01,2016-12-26,400916566,reg,0,1,2132,Cincinnati Bearcats,American,high,23,92,2655,Tulane Green Wave,American,high,0,56,
2017,2017-01-01,2016-12-26,400919664,reg,0,1,2086,Butler Bulldogs,Big East,high,13,78,2507,Providence Friars,Big East,high,0,61,
2017,2017-01-03,2017-01-02,400910642,reg,0,1,57,Florida Gators,SEC,power,24,70,145,Ole Miss Rebels,SEC,power,0,63,
2017,2017-01-03,2017-01-02,400910692,reg,0,1,96,Kentucky Wildcats,SEC,power,6,100,245,Texas A&M Aggies,SEC,power,0,58,
2017,2017-01-03,2017-01-02,400914932,reg,0,1,84,Indiana Hoosiers,Big Ten,power,25,68,275,Wisconsin Badgers,Big Ten,power,13,75,
2017,2017-01-03,2017-01-02,400915354,reg,0,1,228,Clemson Tigers,ACC,power,0,86,153,North Carolina Tar Heels,ACC,power,14,89,
2017,2017-01-03,2017-01-02,400916199,reg,0,1,2305,Kansas Jayhawks,Big 12,power,3,90,2306,Kansas State Wildcats,Big 12,power,0,88,
2017,2017-01-03,2017-01-02,400916200,reg,0,1,2641,Texas Tech Red Raiders,Big 12,power,0,77,277,West Virginia Mountaineers,Big 12,power,7,76,
2017,2017-01-04,2017-01-02,400915356,reg,0,1,150,Duke Blue Devils,ACC,power,8,110,59,Georgia Tech Yellow Jackets,ACC,power,0,57,
2017,2017-01-04,2017-01-02,400915358,reg,0,1,152,NC State Wolfpack,ACC,power,0,104,259,Virginia Tech Hokies,ACC,power,21,78,
2017,2017-01-04,2017-01-02,400915359,reg,0,1,87,Notre Dame Fighting Irish,ACC,power,23,77,97,Louisville Cardinals,ACC,power,9,70,
2017,2017-01-04,2017-01-02,400915360,reg,0,1,221,Pittsburgh Panthers,ACC,power,0,88,258,Virginia Cavaliers,ACC,power,11,76,
2017,2017-01-04,2017-01-02,400915606,reg,0,1,264,Washington Huskies,Pac-12,power,0,61,2483,Oregon Ducks,Pac-12,power,15,83,
2017,2017-01-04,2017-01-02,400916201,reg,0,1,239,Baylor Bears,Big 12,power,2,65,66,Iowa State Cyclones,Big 12,power,0,63,
2017,2017-01-04,2017-01-02,400919666,reg,0,1,2086,Butler Bulldogs,Big East,high,18,66,222,Villanova Wildcats,Big East,high,1,58,
2017,2017-01-04,2017-01-02,400919668,reg,0,1,2599,St. John's Red Storm,Big East,high,0,72,156,Creighton Bluejays,Big East,high,10,85,
2017,2017-01-05,2017-01-02,400915159,reg,0,1,194,Ohio State Buckeyes,Big Ten,power,0,75,2509,Purdue Boilermakers,Big Ten,power,20,76,
2017,2017-01-05,2017-01-02,400915608,reg,0,1,26,UCLA Bruins,Pac-12,power,4,81,25,California Golden Bears,Pac-12,power,0,71,
2017,2017-01-05,2017-01-02,400915610,reg,0,1,12,Arizona Wildcats,Pac-12,power,17,66,254,Utah Utes,Pac-12,power,0,56,
2017,2017-01-05,2017-01-02,400915611,reg,0,1,30,USC Trojans,Pac-12,power,25,72,24,Stanford Cardinal,Pac-12,power,0,56,
2017,2017-01-05,2017-01-02,400915816,reg,0,1,2608,Saint Mary's Gaels,WCC,high,19,81,252,BYU Cougars,WCC,high,0,68,
2017,2017-01-05,2017-01-02,400915817,reg,0,1,2539,San Francisco Dons,WCC,high,0,80,2250,Gonzaga Bulldogs,WCC,high,5,95,
2017,2017-01-07,2017-01-02,400910589,reg,0,1,96,Kentucky Wildcats,SEC,power,6,97,8,Arkansas Razorbacks,SEC,power,0,71,
2017,2017-01-07,2017-01-02,400910643,reg,0,1,57,Florida Gators,SEC,power,24,83,2633,Tennessee Volunteers,SEC,power,0,70,
2017,2017-01-07,2017-01-02,400914959,reg,0,1,84,Indiana Hoosiers,Big Ten,power,25,96,356,Illinois Fighting Illini,Big Ten,power,0,80,
2017,2017-01-07,2017-01-02,400915362,reg,0,1,150,Duke Blue Devils,ACC,power,8,93,103,Boston College Eagles,ACC,power,0,82,
2017,2017-01-07,2017-01-02,400915363,reg,0,1,52,Florida State Seminoles,ACC,power,12,93,259,Virginia Tech Hokies,ACC,power,21,78,
2017,2017-01-07,2017-01-02,400915364,reg,0,1,59,Georgia Tech Yellow Jackets,ACC,power,0,50,97,Louisville Cardinals,ACC,power,9,65,
2017,2017-01-07,2017-01-02,400915365,reg,0,1,87,Notre Dame Fighting Irish,ACC,power,23,75,228,Clemson Tigers,ACC,power,0,70,
2017,2017-01-07,2017-01-02,400915614,reg,0,1,265,Washington State Cougars,Pac-12,power,0,66,2483,Oregon Ducks,Pac-12,power,15,85,
2017,2017-01-07,2017-01-02,400915615,reg,0,1,12,Arizona Wildcats,Pac-12,power,17,82,38,Colorado Buffaloes,Pac-12,power,0,73,
2017,2017-01-07,2017-01-02,400915823,reg,0,1,2539,San Francisco Dons,WCC,high,0,52,2608,Saint Mary's Gaels,WCC,high,19,63,
2017,2017-01-07,2017-01-02,400916202,reg,0,1,277,West Virginia Mountaineers,Big 12,power,7,82,2628,TCU Horned Frogs,Big 12,power,0,70,
2017,2017-01-07,2017-01-02,400916204,reg,0,1,239,Baylor Bears,Big 12,power,2,61,197,Oklahoma State Cowboys,Big 12,power,0,57,
2017,2017-01-07,2017-01-02,400916205,reg,0,1,2305,Kansas Jayhawks,Big 12,power,3,85,2641,Texas Tech Red Raiders,Big 12,power,0,68,
2017,2017-01-07,2017-01-02,400916573,reg,0,1,248,Houston Cougars,American,high,0,58,2132,Cincinnati Bearcats,American,high,22,67,
2017,2017-01-07,2017-01-02,400919669,reg,0,1,46,Georgetown Hoyas,Big East,high,0,76,2086,Butler Bulldogs,Big East,high,18,85,
2017,2017-01-07,2017-01-02,400919671,reg,0,1,2507,Providence Friars,Big East,high,0,64,156,Creighton Bluejays,Big East,high,10,78,
2017,2017-01-07,2017-01-02,400919672,reg,0,1,2752,Xavier Musketeers,Big East,high,16,97,2599,St. John's Red Storm,Big East,high,0,82,
2017,2017-01-07,2017-01-02,400919673,reg,0,1,222,Villanova Wildcats,Big East,high,1,93,269,Marquette Golden Eagles,Big East,high,0,81,
2017,2017-01-08,2017-01-02,400914933,reg,0,1,2509,Purdue Boilermakers,Big Ten,power,20,66,275,Wisconsin Badgers,Big Ten,power,13,55,
2017,2017-01-08,2017-01-02,400915367,reg,0,1,258,Virginia Cavaliers,ACC,power,11,79,154,Wake Forest Demon Deacons,ACC,power,0,62,
2017,2017-01-08,2017-01-02,400915616,reg,0,1,26,UCLA Bruins,Pac-12,power,4,89,24,Stanford Cardinal,Pac-12,power,0,75,
2017,2017-01-08,2017-01-02,400915617,reg,0,1,30,USC Trojans,Pac-12,power,25,73,25,California Golden Bears,Pac-12,power,0,74,
2017,2017-01-08,2017-01-02,400933455,reg,0,1,153,North Carolina Tar Heels,ACC,power,14,107,152,NC State Wolfpack,ACC,power,0,56,
2017,2017-01-10,2017-01-09,400910553,reg,0,1,333,Alabama Crimson Tide,SEC,power,0,67,57,Florida Gators,SEC,power,23,80,
2017,2017-01-10,2017-01-09,400910693,reg,0,1,238,Vanderbilt Commodores,SEC,power,0,81,96,Kentucky Wildcats,SEC,power,6,87,
2017,2017-01-10,2017-01-09,400915369,reg,0,1,52,Florida State Seminoles,ACC,power,9,88,150,Duke Blue Devils,ACC,power,7,72,
2017,2017-01-10,2017-01-09,400916206,reg,0,1,277,West Virginia Mountaineers,Big 12,power,10,89,239,Baylor Bears,Big 12,power,1,68,
2017,2017-01-10,2017-01-09,400916207,reg,0,1,201,Oklahoma Sooners,Big 12,power,0,70,2305,Kansas Jayhawks,Big 12,power,2,81,
2017,2017-01-10,2017-01-09,400916208,reg,0,1,2641,Texas Tech Red Raiders,Big 12,power,0,66,2306,Kansas State Wildcats,Big 12,power,25,65,
2017,2017-01-10,2017-01-09,400919675,reg,0,1,222,Villanova Wildcats,Big East,high,3,79,2752,Xavier Musketeers,Big East,high,15,54,
2017,2017-01-11,2017-01-09,400915076,reg,0,1,127,Michigan State Spartans,Big Ten,power,0,65,135,Minnesota Golden Gophers,Big Ten,power,24,47,
2017,2017-01-11,2017-01-09,400915370,reg,0,1,97,Louisville Cardinals,ACC,power,14,85,221,Pittsburgh Panthers,ACC,power,0,80,
2017,2017-01-11,2017-01-09,400915371,reg,0,1,154,Wake Forest Demon Deacons,ACC,power,0,87,153,North Carolina Tar Heels,ACC,power,11,93,
2017,2017-01-11,2017-01-09,400919678,reg,0,1,156,Creighton Bluejays,Big East,high,8,75,2086,Butler Bulldogs,Big East,high,12,64,
2017,2017-01-12,2017-01-09,400914934,reg,0,1,275,Wisconsin Badgers,Big Ten,power,18,89,194,Ohio State Buckeyes,Big Ten,power,0,66,
2017,2017-01-12,2017-01-09,400915008,reg,0,1,2294,Iowa Hawkeyes,Big Ten,power,0,83,2509,Purdue Boilermakers,Big Ten,power,17,78,
2017,2017-01-12,2017-01-09,400915374,reg,0,1,2390,Miami Hurricanes,ACC,power,0,62,87,Notre Dame Fighting Irish,ACC,power,20,67,
2017,2017-01-12,2017-01-09,400915619,reg,0,1,254,Utah Utes,Pac-12,power,0,86,30,USC Trojans,Pac-12,power,25,64,
2017,2017-01-12,2017-01-09,400915620,reg,0,1,12,Arizona Wildcats,Pac-12,power,16,91,9,Arizona State Sun Devils,Pac-12,power,0,75,
2017,2017-01-12,2017-01-09,400915622,reg,0,1,38,Colorado Buffaloes,Pac-12,power,0,89,26,UCLA Bruins,Pac-12,power,4,104,
2017,2017-01-12,2017-01-09,400915826,reg,0,1,2250,Gonzaga Bulldogs,WCC,high,5,93,2351,Loyola Marymount Lions,WCC,high,0,55,
2017,2017-01-12,2017-01-09,400915828,reg,0,1,2501,Portland Pilots,WCC,high,0,33,2608,Saint Mary's Gaels,WCC,high,21,74,
2017,2017-01-12,2017-01-09,400916580,reg,0,1,2132,Cincinnati Bearcats,American,high,22,66,2567,SMU Mustangs,American,high,0,64,
2017,2017-01-14,2017-01-09,400910620,reg,0,1,96,Kentucky Wildcats,SEC,power,6,92,2,Auburn Tigers,SEC,power,0,72,
2017,2017-01-14,2017-01-09,400910644,reg,0,1,57,Florida Gators,SEC,power,23,80,61,Georgia Bulldogs,SEC,power,0,76,
2017,2017-01-14,2017-01-09,400911033,reg,0,1,251,Texas Longhorns,Big 12,power,0,72,277,West Virginia Mountaineers,Big 12,power,10,74,
2017,2017-01-14,2017-01-09,400915097,reg,0,1,213,Penn State Nittany Lions,Big Ten,power,0,52,135,Minnesota Golden Gophers,Big Ten,power,24,50,
2017,2017-01-14,2017-01-09,400915375,reg,0,1,228,Clemson Tigers,ACC,power,0,73,258,Virginia Cavaliers,ACC,power,19,77,
2017,2017-01-14,2017-01-09,400915376,reg,0,1,97,Louisville Cardinals,ACC,power,14,78,150,Duke Blue Devils,ACC,power,7,69,
2017,2017-01-14,2017-01-09,400915378,reg,0,1,153,North Carolina Tar Heels,ACC,power,11,96,52,Florida State Seminoles,ACC,power,9,83,
2017,2017-01-14,2017-01-09,400915379,reg,0,1,259,Virginia Tech Hokies,ACC,power,0,71,87,Notre Dame Fighting Irish,ACC,power,20,76,
2017,2017-01-14,2017-01-09,400915624,reg,0,1,254,Utah Utes,Pac-12,power,0,82,26,UCLA Bruins,Pac-12,power,4,83,
2017,2017-01-14,2017-01-09,400915626,reg,0,1,2483,Oregon Ducks,Pac-12,power,13,85,204,Oregon State Beavers,Pac-12,power,0,43,
2017,2017-01-14,2017-01-09,400915833,reg,0,1,2250,Gonzaga Bulldogs,WCC,high,5,79,2608,Saint Mary's Gaels,WCC,high,21,56,
2017,2017-01-14,2017-01-09,400916210,reg,0,1,2305,Kansas Jayhawks,Big 12,power,2,87,197,Oklahoma State Cowboys,Big 12,power,0,80,
2017,2017-01-14,2017-01-09,400916211,reg,0,1,2306,Kansas State Wildcats,Big 12,power,25,68,239,Baylor Bears,Big 12,power,1,77,
2017,2017-01-14,2017-01-09,400919680,reg,0,1,2599,St. John's Red Storm,Big East,high,0,57,222,Villanova Wildcats,Big East,high,3,70,
2017,2017-01-14,2017-01-09,400919681,reg,0,1,2086,Butler Bulldogs,Big East,high,12,83,2752,Xavier Musketeers,Big East,high,15,78,
2017,2017-01-14,2017-01-09,400919683,reg,0,0,156,Creighton Bluejays,Big East,high,8,101,2654,Truman State Bulldogs,,,0,69,
2017,2017-01-15,2017-01-09,400915627,reg,0,1,38,Colorado Buffaloes,Pac-12,power,0,68,30,USC Trojans,Pac-12,power,25,71,
2017,2017-01-15,2017-01-09,400916585,reg,0,1,151,East Carolina Pirates,American,high,0,46,2132,Cincinnati Bearcats,American,high,22,55,
2017,2017-01-16,2017-01-16,400915382,reg,0,1,153,North Carolina Tar Heels,ACC,power,9,85,183,Syracuse Orange,ACC,power,0,68,
2017,2017-01-16,2017-01-16,400916214,reg,0,1,66,Iowa State Cyclones,Big 12,power,0,72,2305,Kansas Jayhawks,Big 12,power,2,76,
2017,2017-01-16,2017-01-16,400919684,reg,0,1,2086,Butler Bulldogs,Big East,high,13,88,269,Marquette Golden Eagles,Big East,high,0,80,
2017,2017-01-16,2017-01-16,400919685,reg,0,1,2752,Xavier Musketeers,Big East,high,22,67,156,Creighton Bluejays,Big East,high,7,72,
2017,2017-01-16,2017-01-16,400919687,reg,0,1,222,Villanova Wildcats,Big East,high,1,76,2550,Seton Hall Pirates,Big East,high,0,46,
2017,2017-01-17,2017-01-16,400910694,reg,0,1,344,Mississippi State Bulldogs,SEC,power,0,81,96,Kentucky Wildcats,SEC,power,5,88,
2017,2017-01-17,2017-01-16,400911034,reg,0,1,239,Baylor Bears,Big 12,power,6,74,251,Texas Longhorns,Big 12,power,0,64,
2017,2017-01-17,2017-01-16,400914935,reg,0,1,275,Wisconsin Badgers,Big Ten,power,17,68,130,Michigan Wolverines,Big Ten,power,0,64,
2017,2017-01-17,2017-01-16,400914962,reg,0,1,2509,Purdue Boilermakers,Big Ten,power,21,91,356,Illinois Fighting Illini,Big Ten,power,0,68,
2017,2017-01-18,2017-01-16,400910645,reg,0,1,2579,South Carolina Gamecocks,SEC,power,24,57,57,Florida Gators,SEC,power,19,53,
2017,2017-01-18,2017-01-16,400915384,reg,0,1,52,Florida State Seminoles,ACC,power,10,83,87,Notre Dame Fighting Irish,ACC,power,15,80,
2017,2017-01-18,2017-01-16,400915385,reg,0,1,103,Boston College Eagles,ACC,power,0,54,258,Virginia Cavaliers,ACC,power,16,71,
2017,2017-01-18,2017-01-16,400916216,reg,0,1,277,West Virginia Mountaineers,Big 12,power,7,87,201,Oklahoma Sooners,Big 12,power,0,89,
2017,2017-01-18,2017-01-16,400916589,reg,0,1,2132,Cincinnati Bearcats,American,high,20,81,218,Temple Owls,American,high,0,74,
2017,2017-01-19,2017-01-16,400915010,reg,0,1,2294,Iowa Hawkeyes,Big Ten,power,0,76,120,Maryland Terrapins,Big Ten,power,25,84,
2017,2017-01-19,2017-01-16,400915388,reg,0,1,97,Louisville Cardinals,ACC,power,12,92,228,Clemson Tigers,ACC,power,0,60,
2017,2017-01-19,2017-01-16,400915630,reg,0,1,2483,Oregon Ducks,Pac-12,power,11,86,25,California Golden Bears,Pac-12,power,0,63,
2017,2017-01-19,2017-01-16,400915631,reg,0,1,30,USC Trojans,Pac-12,power,0,66,12,Arizona Wildcats,Pac-12,power,14,73,
2017,2017-01-19,2017-01-16,400915633,reg,0,1,26,UCLA Bruins,Pac-12,power,3,102,9,Arizona State Sun Devils,Pac-12,power,0,80,
2017,2017-01-19,2017-01-16,400915836,reg,0,1,2608,Saint Mary's Gaels,WCC,high,23,62,279,Pacific Tigers,WCC,high,0,50,
2017,2017-01-19,2017-01-16,400915838,reg,0,1,2541,Santa Clara Broncos,WCC,high,0,57,2250,Gonzaga Bulldogs,WCC,high,4,88,
2017,2017-01-21,2017-01-16,400910646,reg,0,1,57,Florida Gators,SEC,power,19,66,238,Vanderbilt Commodores,SEC,power,0,68,
2017,2017-01-21,2017-01-16,400910695,reg,0,1,96,Kentucky Wildcats,SEC,power,5,85,2579,South Carolina Gamecocks,SEC,power,24,69,
2017,2017-01-21,2017-01-16,400911035,reg,0,1,2305,Kansas Jayhawks,Big 12,power,2,79,251,Texas Longhorns,Big 12,power,0,67,
2017,2017-01-21,2017-01-16,400914936,reg,0,1,135,Minnesota Golden Gophers,Big Ten,power,0,76,275,Wisconsin Badgers,Big Ten,power,17,78,
2017,2017-01-21,2017-01-16,400915177,reg,0,1,2509,Purdue Boilermakers,Big Ten,power,21,77,213,Penn State Nittany Lions,Big Ten,power,0,52,
2017,2017-01-21,2017-01-16,400915389,reg,0,1,103,Boston College Eagles,ACC,power,0,82,153,North Carolina Tar Heels,ACC,power,9,90,
2017,2017-01-21,2017-01-16,400915390,reg,0,1,87,Notre Dame Fighting Irish,ACC,power,15,84,183,Syracuse Orange,ACC,power,0,66,
2017,2017-01-21,2017-01-16,400915391,reg,0,1,52,Florida State Seminoles,ACC,power,10,73,97,Louisville Cardinals,ACC,power,12,68,
2017,2017-01-21,2017-01-16,400915393,reg,0,1,258,Virginia Cavaliers,ACC,power,16,62,59,Georgia Tech Yellow Jackets,ACC,power,0,49,
2017,2017-01-21,2017-01-16,400915394,reg,0,1,150,Duke Blue Devils,ACC,power,18,70,2390,Miami Hurricanes,ACC,power,0,58,
2017,2017-01-21,2017-01-16,400915635,reg,0,1,26,UCLA Bruins,Pac-12,power,3,85,12,Arizona Wildcats,Pac-12,power,14,96,
2017,2017-01-21,2017-01-16,400915636,reg,0,1,2483,Oregon Ducks,Pac-12,power,11,69,24,Stanford Cardinal,Pac-12,power,0,52,
2017,2017-01-21,2017-01-16,400915840,reg,0,1,2250,Gonzaga Bulldogs,WCC,high,4,73,2501,Portland Pilots,WCC,high,0,52,
2017,2017-01-21,2017-01-16,400915842,reg,0,1,2608,Saint Mary's Gaels,WCC,high,23,85,2492,Pepperdine Waves,WCC,high,0,65,
2017,2017-01-21,2017-01-16,400916220,reg,0,1,2306,Kansas State Wildcats,Big 12,power,0,79,277,West Virginia Mountaineers,Big 12,power,7,75,
2017,2017-01-21,2017-01-16,400916221,reg,0,1,2628,TCU Horned Frogs,Big 12,power,0,53,239,Baylor Bears,Big 12,power,6,62,
2017,2017-01-21,2017-01-16,400916593,reg,0,1,2655,Tulane Green Wave,American,high,0,61,2132,Cincinnati Bearcats,American,high,20,78,
2017,2017-01-21,2017-01-16,400919689,reg,0,1,222,Villanova Wildcats,Big East,high,1,78,2507,Providence Friars,Big East,high,0,68,
2017,2017-01-21,2017-01-16,400919690,reg,0,1,305,DePaul Blue Demons,Big East,high,0,69,2086,Butler Bulldogs,Big East,high,13,70,
2017,2017-01-21,2017-01-16,400919691,reg,0,1,156,Creighton Bluejays,Big East,high,7,94,269,Marquette Golden Eagles,Big East,high,0,102,
2017,2017-01-22,2017-01-16,400919693,reg,0,1,2752,Xavier Musketeers,Big East,high,22,86,46,Georgetown Hoyas,Big East,high,0,75,
2017,2017-01-23,2017-01-23,400915396,reg,0,1,150,Duke Blue Devils,ACC,power,17,82,152,NC State Wolfpack,ACC,power,0,84,
2017,2017-01-23,2017-01-23,400933945,reg,0,1,2501,Portland Pilots,WCC,high,0,64,2250,Gonzaga Bulldogs,WCC,high,3,83,
2017,2017-01-24,2017-01-23,400910622,reg,0,1,2579,South Carolina Gamecocks,SEC,power,23,98,2,Auburn Tigers,SEC,power,0,69,
2017,2017-01-24,2017-01-23,400910696,reg,0,1,2633,Tennessee Volunteers,SEC,power,0,82,96,Kentucky Wildcats,SEC,power,4,80,
2017,2017-01-24,2017-01-23,400914937,reg,0,1,275,Wisconsin Badgers,Big Ten,power,15,82,213,Penn State Nittany Lions,Big Ten,power,0,55,
2017,2017-01-24,2017-01-23,400915032,reg,0,1,120,Maryland Terrapins,Big Ten,power,22,67,164,Rutgers Scarlet Knights,Big Ten,power,0,55,
2017,2017-01-24,2017-01-23,400915078,reg,0,1,127,Michigan State Spartans,Big Ten,power,0,73,2509,Purdue Boilermakers,Big Ten,power,20,84,
2017,2017-01-24,2017-01-23,400915397,reg,0,1,221,Pittsburgh Panthers,ACC,power,0,51,97,Louisville Cardinals,ACC,power,13,106,
2017,2017-01-24,2017-01-23,400915398,reg,0,1,87,Notre Dame Fighting Irish,ACC,power,14,54,258,Virginia Cavaliers,ACC,power,12,71,
2017,2017-01-24,2017-01-23,400916223,reg,0,1,277,West Virginia Mountaineers,Big 12,power,18,85,2305,Kansas Jayhawks,Big 12,power,2,69,
2017,2017-01-24,2017-01-23,400919694,reg,0,1,269,Marquette Golden Eagles,Big East,high,0,74,222,Villanova Wildcats,Big East,high,1,72,
2017,2017-01-25,2017-01-23,400910647,reg,0,1,99,LSU Tigers,SEC,power,0,71,57,Florida Gators,SEC,power,25,106,
2017,2017-01-25,2017-01-23,400915400,reg,0,1,59,Georgia Tech Yellow Jackets,ACC,power,0,78,52,Florida State Seminoles,ACC,power,6,56,
2017,2017-01-25,2017-01-23,400915640,reg,0,1,30,USC Trojans,Pac-12,power,0,84,26,UCLA Bruins,Pac-12,power,8,76,
2017,2017-01-25,2017-01-23,400916225,reg,0,1,239,Baylor Bears,Big 12,power,5,65,2641,Texas Tech Red Raiders,Big 12,power,0,61,
2017,2017-01-25,2017-01-23,400919696,reg,0,1,46,Georgetown Hoyas,Big East,high,0,71,156,Creighton Bluejays,Big East,high,16,51,
2017,2017-01-25,2017-01-23,400919697,reg,0,1,2550,Seton Hall Pirates,Big East,high,0,54,2086,Butler Bulldogs,Big East,high,11,61,
2017,2017-01-26,2017-01-23,400915402,reg,0,1,153,North Carolina Tar Heels,ACC,power,9,91,259,Virginia Tech Hokies,ACC,power,0,72,
2017,2017-01-26,2017-01-23,400915643,reg,0,1,12,Arizona Wildcats,Pac-12,power,7,79,265,Washington State Cougars,Pac-12,power,0,62,
2017,2017-01-26,2017-01-23,400915644,reg,0,1,254,Utah Utes,Pac-12,power,0,67,2483,Oregon Ducks,Pac-12,power,10,73,
2017,2017-01-26,2017-01-23,400915844,reg,0,1,2250,Gonzaga Bulldogs,WCC,high,3,79,301,San Diego Toreros,WCC,high,0,43,
2017,2017-01-26,2017-01-23,400915847,reg,0,1,2608,Saint Mary's Gaels,WCC,high,21,66,2539,San Francisco Dons,WCC,high,0,46,
2017,2017-01-26,2017-01-23,400916602,reg,0,0,2132,Cincinnati Bearcats,American,high,19,86,2752,Xavier Musketeers,Big East,high,24,78,
2017,2017-01-28,2017-01-23,400910648,reg,0,0,201,Oklahoma Sooners,Big 12,power,0,52,57,Florida Gators,SEC,power,25,84,SEC/BIG 12 CHALLENGE PRES. BY SONIC
2017,2017-01-28,2017-01-23,400910697,reg,0,0,96,Kentucky Wildcats,SEC,power,4,73,2305,Kansas Jayhawks,Big 12,power,2,79,SEC/BIG 12 CHALLENGE PRES. BY SONIC
2017,2017-01-28,2017-01-23,400910752,reg,0,1,142,Missouri Tigers,SEC,power,0,53,2579,South Carolina Gamecocks,SEC,power,23,63,
2017,2017-01-28,2017-01-23,400910771,reg,0,0,145,Ole Miss Rebels,SEC,power,0,75,239,Baylor Bears,Big 12,power,5,78,SEC/BIG 12 CHALLENGE PRES. BY SONIC
2017,2017-01-28,2017-01-23,400910815,reg,0,0,277,West Virginia Mountaineers,Big 12,power,18,81,245,Texas A&M Aggies,SEC,power,0,77,SEC/BIG 12 CHALLENGE PRES. BY SONIC
2017,2017-01-28,2017-01-23,400914938,reg,1,1,164,Rutgers Scarlet Knights,Big Ten,power,0,54,275,Wisconsin Badgers,Big Ten,power,15,61,
2017,2017-01-28,2017-01-23,400915033,reg,0,1,135,Minnesota Golden Gophers,Big Ten,power,0,78,120,Maryland Terrapins,Big Ten,power,22,85,
2017,2017-01-28,2017-01-23,400915403,reg,0,1,59,Georgia Tech Yellow Jackets,ACC,power,0,62,87,Notre Dame Fighting Irish,ACC,power,14,60,
2017,2017-01-28,2017-01-23,400915405,reg,0,1,183,Syracuse Orange,ACC,power,0,82,52,Florida State Seminoles,ACC,power,6,72,
2017,2017-01-28,2017-01-23,400915406,reg,0,1,2390,Miami Hurricanes,ACC,power,0,77,153,North Carolina Tar Heels,ACC,power,9,62,
2017,2017-01-28,2017-01-23,400915407,reg,0,1,154,Wake Forest Demon Deacons,ACC,power,0,83,150,Duke Blue Devils,ACC,power,17,85,
2017,2017-01-28,2017-01-23,400915646,reg,0,1,38,Colorado Buffaloes,Pac-12,power,0,74,2483,Oregon Ducks,Pac-12,power,10,65,
2017,2017-01-28,2017-01-23,400915852,reg,0,1,2541,Santa Clara Broncos,WCC,high,0,59,2608,Saint Mary's Gaels,WCC,high,21,72,
2017,2017-01-28,2017-01-23,400915853,reg,0,1,2492,Pepperdine Waves,WCC,high,0,49,2250,Gonzaga Bulldogs,WCC,high,3,96,
2017,2017-01-28,2017-01-23,400919699,reg,0,1,156,Creighton Bluejays,Big East,high,16,83,305,DePaul Blue Demons,Big East,high,0,66,
2017,2017-01-28,2017-01-23,400919700,reg,0,1,2086,Butler Bulldogs,Big East,high,11,81,46,Georgetown Hoyas,Big East,high,0,85,
2017,2017-01-29,2017-01-23,400915115,reg,0,1,158,Nebraska Cornhuskers,Big Ten,power,0,83,2509,Purdue Boilermakers,Big Ten,power,20,80,
2017,2017-01-29,2017-01-23,400915408,reg,0,0,222,Villanova Wildcats,Big East,high,1,61,258,Virginia Cavaliers,ACC,power,12,59,
2017,2017-01-29,2017-01-23,400915409,reg,0,1,97,Louisville Cardinals,ACC,power,13,85,152,NC State Wolfpack,ACC,power,0,60,
2017,2017-01-29,2017-01-23,400915648,reg,0,1,12,Arizona Wildcats,Pac-12,power,7,77,264,Washington Huskies,Pac-12,power,0,66,
2017,2017-01-29,2017-01-23,400916607,reg,0,1,2132,Cincinnati Bearcats,American,high,19,94,58,South Florida Bulls,American,high,0,53,
2017,2017-01-29,2017-01-23,400919701,reg,0,1,2599,St. John's Red Storm,Big East,high,0,77,2752,Xavier Musketeers,Big East,high,24,82,
2017,2017-01-30,2017-01-30,400915411,reg,0,1,87,Notre Dame Fighting Irish,ACC,power,20,74,150,Duke Blue Devils,ACC,power,21,84,
2017,2017-01-31,2017-01-30,400910673,reg,0,1,96,Kentucky Wildcats,SEC,power,8,90,61,Georgia Bulldogs,SEC,power,0,81,
2017,2017-01-31,2017-01-30,400914939,reg,0,1,356,Illinois Fighting Illini,Big Ten,power,0,43,275,Wisconsin Badgers,Big Ten,power,10,57,
2017,2017-01-31,2017-01-30,400915034,reg,0,1,194,Ohio State Buckeyes,Big Ten,power,0,71,120,Maryland Terrapins,Big Ten,power,17,77,
2017,2017-01-31,2017-01-30,400915412,reg,0,1,153,North Carolina Tar Heels,ACC,power,12,80,221,Pittsburgh Panthers,ACC,power,0,78,
2017,2017-01-31,2017-01-30,400916227,reg,0,1,66,Iowa State Cyclones,Big 12,power,0,72,277,West Virginia Mountaineers,Big 12,power,7,85,
2017,2017-01-31,2017-01-30,400919702,reg,0,1,2086,Butler Bulldogs,Big East,high,16,67,156,Creighton Bluejays,Big East,high,22,76,
2017,2017-02-01,2017-01-30,400910717,reg,0,1,99,LSU Tigers,SEC,power,0,63,2579,South Carolina Gamecocks,SEC,power,19,88,
2017,2017-02-01,2017-01-30,400915142,reg,0,1,2509,Purdue Boilermakers,Big Ten,power,23,80,77,Northwestern Wildcats,Big Ten,power,25,59,
2017,2017-02-01,2017-01-30,400915416,reg,0,1,2390,Miami Hurricanes,ACC,power,0,57,52,Florida State Seminoles,ACC,power,15,75,
2017,2017-02-01,2017-01-30,400915417,reg,0,1,258,Virginia Cavaliers,ACC,power,9,71,259,Virginia Tech Hokies,ACC,power,0,48,
2017,2017-02-01,2017-01-30,400915650,reg,0,1,265,Washington State Cougars,Pac-12,power,0,79,26,UCLA Bruins,Pac-12,power,11,95,
2017,2017-02-01,2017-01-30,400916229,reg,0,1,2305,Kansas Jayhawks,Big 12,power,3,73,239,Baylor Bears,Big 12,power,2,68,
2017,2017-02-01,2017-01-30,400916610,reg,0,1,202,Tulsa Golden Hurricane,American,high,0,55,2132,Cincinnati Bearcats,American,high,14,57,
2017,2017-02-01,2017-01-30,400919704,reg,0,1,2507,Providence Friars,Big East,high,0,57,222,Villanova Wildcats,Big East,high,4,66,
2017,2017-02-02,2017-01-30,400910649,reg,0,1,57,Florida Gators,SEC,power,24,93,142,Missouri Tigers,SEC,power,0,54,
2017,2017-02-02,2017-01-30,400915652,reg,0,1,204,Oregon State Beavers,Pac-12,power,0,54,12,Arizona Wildcats,Pac-12,power,5,71,
2017,2017-02-02,2017-01-30,400915654,reg,0,1,2483,Oregon Ducks,Pac-12,power,13,71,9,Arizona State Sun Devils,Pac-12,power,0,70,
2017,2017-02-02,2017-01-30,400915857,reg,0,1,252,BYU Cougars,WCC,high,0,75,2250,Gonzaga Bulldogs,WCC,high,1,85,
2017,2017-02-02,2017-01-30,400915858,reg,0,1,279,Pacific Tigers,WCC,high,0,70,2608,Saint Mary's Gaels,WCC,high,18,74,
2017,2017-02-04,2017-01-30,400910650,reg,0,1,57,Florida Gators,SEC,power,24,88,96,Kentucky Wildcats,SEC,power,8,66,
2017,2017-02-04,2017-01-30,400910674,reg,0,1,2579,South Carolina Gamecocks,SEC,power,19,77,61,Georgia Bulldogs,SEC,power,0,75,
2017,2017-02-04,2017-01-30,400915035,reg,0,1,120,Maryland Terrapins,Big Ten,power,17,72,2509,Purdue Boilermakers,Big Ten,power,23,73,
2017,2017-02-04,2017-01-30,400915418,reg,0,1,183,Syracuse Orange,ACC,power,0,66,258,Virginia Cavaliers,ACC,power,9,62,
2017,2017-02-04,2017-01-30,400915419,reg,0,1,150,Duke Blue Devils,ACC,power,21,72,221,Pittsburgh Panthers,ACC,power,0,64,
2017,2017-02-04,2017-01-30,400915420,reg,0,1,103,Boston College Eagles,ACC,power,0,67,97,Louisville Cardinals,ACC,power,6,90,
2017,2017-02-04,2017-01-30,400915658,reg,0,1,2483,Oregon Ducks,Pac-12,power,13,85,12,Arizona Wildcats,Pac-12,power,5,58,
2017,2017-02-04,2017-01-30,400915660,reg,0,1,264,Washington Huskies,Pac-12,power,0,66,26,UCLA Bruins,Pac-12,power,11,107,
2017,2017-02-04,2017-01-30,400915860,reg,0,1,301,San Diego Toreros,WCC,high,0,27,2608,Saint Mary's Gaels,WCC,high,18,71,
2017,2017-02-04,2017-01-30,400915863,reg,0,1,2250,Gonzaga Bulldogs,WCC,high,1,90,2541,Santa Clara Broncos,WCC,high,0,55,
2017,2017-02-04,2017-01-30,400916230,reg,0,1,2305,Kansas Jayhawks,Big 12,power,3,89,66,Iowa State Cyclones,Big 12,power,0,92,
2017,2017-02-04,2017-01-30,400916231,reg,0,1,239,Baylor Bears,Big 12,power,2,54,2306,Kansas State Wildcats,Big 12,power,0,56,
2017,2017-02-04,2017-01-30,400916232,reg,0,1,277,West Virginia Mountaineers,Big 12,power,7,75,197,Oklahoma State Cowboys,Big 12,power,0,82,
2017,2017-02-04,2017-01-30,400916616,reg,0,1,2132,Cincinnati Bearcats,American,high,14,82,41,UConn Huskies,American,high,0,68,
2017,2017-02-04,2017-01-30,400919709,reg,0,1,156,Creighton Bluejays,Big East,high,22,80,2752,Xavier Musketeers,Big East,high,0,82,
2017,2017-02-04,2017-01-30,400919710,reg,0,1,222,Villanova Wildcats,Big East,high,4,92,2599,St. John's Red Storm,Big East,high,0,79,
2017,2017-02-05,2017-01-30,400914940,reg,0,1,275,Wisconsin Badgers,Big Ten,power,10,65,84,Indiana Hoosiers,Big Ten,power,0,60,
2017,2017-02-05,2017-01-30,400915424,reg,0,1,52,Florida State Seminoles,ACC,power,15,109,228,Clemson Tigers,ACC,power,0,61,
2017,2017-02-05,2017-01-30,400941113,reg,0,1,153,North Carolina Tar Heels,ACC,power,12,83,87,Notre Dame Fighting Irish,ACC,power,20,76,
2017,2017-02-06,2017-02-06,400915425,reg,0,1,258,Virginia Cavaliers,ACC,power,12,71,97,Louisville Cardinals,ACC,power,4,55,
2017,2017-02-06,2017-02-06,400916234,reg,0,1,2306,Kansas State Wildcats,Big 12,power,0,71,2305,Kansas Jayhawks,Big 12,power,3,74,
2017,2017-02-07,2017-02-06,400910561,reg,0,1,2579,South Carolina Gamecocks,SEC,power,19,86,333,Alabama Crimson Tide,SEC,power,0,90,
2017,2017-02-07,2017-02-06,400910651,reg,0,1,61,Georgia Bulldogs,SEC,power,0,60,57,Florida Gators,SEC,power,17,72,
2017,2017-02-07,2017-02-06,400910698,reg,0,1,96,Kentucky Wildcats,SEC,power,15,92,99,LSU Tigers,SEC,power,0,85,
2017,2017-02-07,2017-02-06,400915036,reg,0,1,213,Penn State Nittany Lions,Big Ten,power,0,70,120,Maryland Terrapins,Big Ten,power,21,64,
2017,2017-02-07,2017-02-06,400919711,reg,0,1,222,Villanova Wildcats,Big East,high,2,75,46,Georgetown Hoyas,Big East,high,0,64,
2017,2017-02-07,2017-02-06,400919712,reg,0,1,269,Marquette Golden Eagles,Big East,high,0,65,2086,Butler Bulldogs,Big East,high,22,68,
2017,2017-02-08,2017-02-06,400915428,reg,0,1,52,Florida State Seminoles,ACC,power,14,95,152,NC State Wolfpack,ACC,power,0,71,
2017,2017-02-08,2017-02-06,400915663,reg,0,1,12,Arizona Wildcats,Pac-12,power,9,74,24,Stanford Cardinal,Pac-12,power,0,67,
2017,2017-02-08,2017-02-06,400916236,reg,0,1,197,Oklahoma State Cowboys,Big 12,power,0,69,239,Baylor Bears,Big 12,power,6,72,
2017,2017-02-08,2017-02-06,400916237,reg,0,1,201,Oklahoma Sooners,Big 12,power,0,50,277,West Virginia Mountaineers,Big 12,power,13,61,
2017,2017-02-08,2017-02-06,400916621,reg,0,1,2132,Cincinnati Bearcats,American,high,11,60,2116,UCF Knights,American,high,0,50,
2017,2017-02-08,2017-02-06,400919713,reg,0,1,2752,Xavier Musketeers,Big East,high,24,72,305,DePaul Blue Demons,Big East,high,0,61,
2017,2017-02-09,2017-02-06,400914941,reg,0,1,158,Nebraska Cornhuskers,Big Ten,power,0,69,275,Wisconsin Badgers,Big Ten,power,7,70,
2017,2017-02-09,2017-02-06,400914984,reg,0,1,84,Indiana Hoosiers,Big Ten,power,0,64,2509,Purdue Boilermakers,Big Ten,power,16,69,
2017,2017-02-09,2017-02-06,400915431,reg,0,1,150,Duke Blue Devils,ACC,power,18,86,153,North Carolina Tar Heels,ACC,power,8,78,
2017,2017-02-09,2017-02-06,400915666,reg,0,1,26,UCLA Bruins,Pac-12,power,10,82,2483,Oregon Ducks,Pac-12,power,5,79,
2017,2017-02-09,2017-02-06,400915864,reg,0,1,2351,Loyola Marymount Lions,WCC,high,0,60,2250,Gonzaga Bulldogs,WCC,high,1,90,
2017,2017-02-09,2017-02-06,400915866,reg,0,1,2608,Saint Mary's Gaels,WCC,high,20,51,2501,Portland Pilots,WCC,high,0,41,
2017,2017-02-09,2017-02-06,400916622,reg,0,1,218,Temple Owls,American,high,0,50,2567,SMU Mustangs,American,high,25,66,
2017,2017-02-11,2017-02-06,400910562,reg,0,1,333,Alabama Crimson Tide,SEC,power,0,58,96,Kentucky Wildcats,SEC,power,15,67,
2017,2017-02-11,2017-02-06,400910652,reg,0,1,57,Florida Gators,SEC,power,17,71,245,Texas A&M Aggies,SEC,power,0,62,
2017,2017-02-11,2017-02-06,400910737,reg,0,1,344,Mississippi State Bulldogs,SEC,power,0,73,2579,South Carolina Gamecocks,SEC,power,19,77,
2017,2017-02-11,2017-02-06,400915037,reg,0,1,120,Maryland Terrapins,Big Ten,power,21,86,194,Ohio State Buckeyes,Big Ten,power,0,77,
2017,2017-02-11,2017-02-06,400915434,reg,0,1,150,Duke Blue Devils,ACC,power,18,64,228,Clemson Tigers,ACC,power,0,62,
2017,2017-02-11,2017-02-06,400915435,reg,0,1,87,Notre Dame Fighting Irish,ACC,power,0,84,52,Florida State Seminoles,ACC,power,14,72,
2017,2017-02-11,2017-02-06,400915437,reg,0,1,97,Louisville Cardinals,ACC,power,4,71,2390,Miami Hurricanes,ACC,power,0,66,
2017,2017-02-11,2017-02-06,400915668,reg,0,1,12,Arizona Wildcats,Pac-12,power,9,62,25,California Golden Bears,Pac-12,power,0,57,
2017,2017-02-11,2017-02-06,400915671,reg,0,1,30,USC Trojans,Pac-12,power,0,70,2483,Oregon Ducks,Pac-12,power,5,81,
2017,2017-02-11,2017-02-06,400915873,reg,0,1,2608,Saint Mary's Gaels,WCC,high,20,64,2250,Gonzaga Bulldogs,WCC,high,1,74,
2017,2017-02-11,2017-02-06,400916238,reg,0,1,277,West Virginia Mountaineers,Big 12,power,13,85,2306,Kansas State Wildcats,Big 12,power,0,66,
2017,2017-02-11,2017-02-06,400916239,reg,0,1,239,Baylor Bears,Big 12,power,6,70,2628,TCU Horned Frogs,Big 12,power,0,52,
2017,2017-02-11,2017-02-06,400916240,reg,0,1,2641,Texas Tech Red Raiders,Big 12,power,0,79,2305,Kansas Jayhawks,Big 12,power,3,80,
2017,2017-02-11,2017-02-06,400919717,reg,0,1,305,DePaul Blue Demons,Big East,high,0,58,156,Creighton Bluejays,Big East,high,23,93,
2017,2017-02-11,2017-02-06,400919718,reg,0,1,2752,Xavier Musketeers,Big East,high,24,57,222,Villanova Wildcats,Big East,high,2,73,
2017,2017-02-11,2017-02-06,400919719,reg,0,1,2507,Providence Friars,Big East,high,0,71,2086,Butler Bulldogs,Big East,high,22,65,
2017,2017-02-12,2017-02-06,400914942,reg,0,1,275,Wisconsin Badgers,Big Ten,power,7,59,77,Northwestern Wildcats,Big Ten,power,0,66,
2017,2017-02-12,2017-02-06,400915438,reg,0,1,259,Virginia Tech Hokies,ACC,power,0,80,258,Virginia Cavaliers,ACC,power,12,78,
2017,2017-02-12,2017-02-06,400915672,reg,0,1,26,UCLA Bruins,Pac-12,power,10,78,204,Oregon State Beavers,Pac-12,power,0,60,
2017,2017-02-12,2017-02-06,400916626,reg,0,1,2567,SMU Mustangs,American,high,25,60,2132,Cincinnati Bearcats,American,high,11,51,
2017,2017-02-13,2017-02-13,400915439,reg,0,1,183,Syracuse Orange,ACC,power,0,72,97,Louisville Cardinals,ACC,power,8,76,
2017,2017-02-13,2017-02-13,400916242,reg,0,1,2641,Texas Tech Red Raiders,Big 12,power,0,84,239,Baylor Bears,Big 12,power,4,78,
2017,2017-02-13,2017-02-13,400916243,reg,0,1,2305,Kansas Jayhawks,Big 12,power,3,84,277,West Virginia Mountaineers,Big 12,power,9,80,
2017,2017-02-13,2017-02-13,400919720,reg,0,1,305,DePaul Blue Demons,Big East,high,0,62,222,Villanova Wildcats,Big East,high,2,75,
2017,2017-02-14,2017-02-13,400910627,reg,0,1,2,Auburn Tigers,SEC,power,0,95,57,Florida Gators,SEC,power,15,114,
2017,2017-02-14,2017-02-13,400910699,reg,0,1,96,Kentucky Wildcats,SEC,power,13,83,2633,Tennessee Volunteers,SEC,power,0,58,
2017,2017-02-14,2017-02-13,400915194,reg,0,1,2509,Purdue Boilermakers,Big Ten,power,16,74,164,Rutgers Scarlet Knights,Big Ten,power,0,55,
2017,2017-02-14,2017-02-13,400915440,reg,0,1,103,Boston College Eagles,ACC,power,0,76,87,Notre Dame Fighting Irish,ACC,power,25,84,
2017,2017-02-15,2017-02-13,400910599,reg,0,1,2579,South Carolina Gamecocks,SEC,power,21,76,8,Arkansas Razorbacks,SEC,power,0,83,
2017,2017-02-15,2017-02-13,400915038,reg,0,1,77,Northwestern Wildcats,Big Ten,power,0,64,120,Maryland Terrapins,Big Ten,power,23,74,
2017,2017-02-15,2017-02-13,400915444,reg,0,1,152,NC State Wolfpack,ACC,power,0,73,153,North Carolina Tar Heels,ACC,power,10,97,
2017,2017-02-15,2017-02-13,400915445,reg,0,1,258,Virginia Cavaliers,ACC,power,14,55,150,Duke Blue Devils,ACC,power,12,65,
2017,2017-02-15,2017-02-13,400916630,reg,0,1,58,South Florida Bulls,American,high,0,54,2132,Cincinnati Bearcats,American,high,18,68,
2017,2017-02-15,2017-02-13,400916631,reg,0,1,2567,SMU Mustangs,American,high,19,80,2655,Tulane Green Wave,American,high,0,75,
2017,2017-02-15,2017-02-13,400919722,reg,0,1,2550,Seton Hall Pirates,Big East,high,0,87,156,Creighton Bluejays,Big East,high,20,81,
2017,2017-02-15,2017-02-13,400919723,reg,0,1,2086,Butler Bulldogs,Big East,high,24,110,2599,St. John's Red Storm,Big East,high,0,86,
2017,2017-02-16,2017-02-13,400914943,reg,0,1,130,Michigan Wolverines,Big Ten,power,0,64,275,Wisconsin Badgers,Big Ten,power,11,58,
2017,2017-02-16,2017-02-13,400915674,reg,0,1,265,Washington State Cougars,Pac-12,power,0,59,12,Arizona Wildcats,Pac-12,power,5,78,
2017,2017-02-16,2017-02-13,400915676,reg,0,1,2483,Oregon Ducks,Pac-12,power,7,79,254,Utah Utes,Pac-12,power,0,61,
2017,2017-02-16,2017-02-13,400915874,reg,0,1,2250,Gonzaga Bulldogs,WCC,high,1,96,2539,San Francisco Dons,WCC,high,0,61,
2017,2017-02-16,2017-02-13,400915876,reg,0,1,2608,Saint Mary's Gaels,WCC,high,22,81,2351,Loyola Marymount Lions,WCC,high,0,48,
2017,2017-02-18,2017-02-13,400910653,reg,0,1,344,Mississippi State Bulldogs,SEC,power,0,52,57,Florida Gators,SEC,power,15,57,
2017,2017-02-18,2017-02-13,400910677,reg,0,1,61,Georgia Bulldogs,SEC,power,0,77,96,Kentucky Wildcats,SEC,power,13,82,
2017,2017-02-18,2017-02-13,400910790,reg,0,1,238,Vanderbilt Commodores,SEC,power,0,71,2579,South Carolina Gamecocks,SEC,power,21,62,
2017,2017-02-18,2017-02-13,400915081,reg,0,1,2509,Purdue Boilermakers,Big Ten,power,16,80,127,Michigan State Spartans,Big Ten,power,0,63,
2017,2017-02-18,2017-02-13,400915447,reg,0,1,152,NC State Wolfpack,ACC,power,0,72,87,Notre Dame Fighting Irish,ACC,power,25,81,
2017,2017-02-18,2017-02-13,400915448,reg,0,1,150,Duke Blue Devils,ACC,power,12,99,154,Wake Forest Demon Deacons,ACC,power,0,94,
2017,2017-02-18,2017-02-13,400915449,reg,0,1,97,Louisville Cardinals,ACC,power,8,94,259,Virginia Tech Hokies,ACC,power,0,90,
2017,2017-02-18,2017-02-13,400915450,reg,0,1,221,Pittsburgh Panthers,ACC,power,0,80,52,Florida State Seminoles,ACC,power,17,66,
2017,2017-02-18,2017-02-13,400915451,reg,0,1,153,North Carolina Tar Heels,ACC,power,10,65,258,Virginia Cavaliers,ACC,power,14,41,
2017,2017-02-18,2017-02-13,400915679,reg,0,1,2483,Oregon Ducks,Pac-12,power,7,101,38,Colorado Buffaloes,Pac-12,power,0,73,
2017,2017-02-18,2017-02-13,400915681,reg,0,1,264,Washington Huskies,Pac-12,power,0,68,12,Arizona Wildcats,Pac-12,power,5,76,
2017,2017-02-18,2017-02-13,400915682,reg,0,1,26,UCLA Bruins,Pac-12,power,6,102,30,USC Trojans,Pac-12,power,0,70,
2017,2017-02-18,2017-02-13,400915879,reg,0,1,2250,Gonzaga Bulldogs,WCC,high,1,82,279,Pacific Tigers,WCC,high,0,61,
2017,2017-02-18,2017-02-13,400915883,reg,0,1,252,BYU Cougars,WCC,high,0,57,2608,Saint Mary's Gaels,WCC,high,22,70,
2017,2017-02-18,2017-02-13,400916246,reg,0,1,239,Baylor Bears,Big 12,power,4,65,2305,Kansas Jayhawks,Big 12,power,3,67,
2017,2017-02-18,2017-02-13,400916247,reg,0,1,277,West Virginia Mountaineers,Big 12,power,9,83,2641,Texas Tech Red Raiders,Big 12,power,0,74,
2017,2017-02-18,2017-02-13,400916633,reg,0,1,2132,Cincinnati Bearcats,American,high,18,80,202,Tulsa Golden Hurricane,American,high,0,60,
2017,2017-02-18,2017-02-13,400916636,reg,0,1,248,Houston Cougars,American,high,0,66,2567,SMU Mustangs,American,high,19,76,
2017,2017-02-18,2017-02-13,400919724,reg,0,1,2550,Seton Hall Pirates,Big East,high,0,70,222,Villanova Wildcats,Big East,high,2,92,
2017,2017-02-19,2017-02-13,400914944,reg,0,1,275,Wisconsin Badgers,Big Ten,power,11,71,120,Maryland Terrapins,Big Ten,power,23,60,
2017,2017-02-19,2017-02-13,400919726,reg,0,1,2086,Butler Bulldogs,Big East,high,24,82,305,DePaul Blue Demons,Big East,high,0,66,
2017,2017-02-19,2017-02-13,400919727,reg,0,1,156,Creighton Bluejays,Big East,high,20,87,46,Georgetown Hoyas,Big East,high,0,70,
2017,2017-02-20,2017-02-20,400911043,reg,0,1,277,West Virginia Mountaineers,Big 12,power,12,77,251,Texas Longhorns,Big 12,power,0,62,
2017,2017-02-20,2017-02-20,400915453,reg,0,1,258,Virginia Cavaliers,ACC,power,18,48,2390,Miami Hurricanes,ACC,power,0,54,
2017,2017-02-20,2017-02-20,400915454,reg,0,1,52,Florida State Seminoles,ACC,power,19,104,103,Boston College Eagles,ACC,power,0,72,
2017,2017-02-21,2017-02-20,400910654,reg,0,1,57,Florida Gators,SEC,power,13,81,2579,South Carolina Gamecocks,SEC,power,0,66,
2017,2017-02-21,2017-02-20,400910700,reg,0,1,142,Missouri Tigers,SEC,power,0,62,96,Kentucky Wildcats,SEC,power,11,72,
2017,2017-02-21,2017-02-20,400915179,reg,0,1,213,Penn State Nittany Lions,Big Ten,power,0,70,2509,Purdue Boilermakers,Big Ten,power,14,74,
2017,2017-02-21,2017-02-20,400916251,reg,0,1,239,Baylor Bears,Big 12,power,9,60,201,Oklahoma Sooners,Big 12,power,0,54,
2017,2017-02-21,2017-02-20,400918130,reg,0,1,2724,Wichita State Shockers,MVC,mid,25,109,339,Evansville Purple Aces,MVC,mid,0,83,
2017,2017-02-22,2017-02-20,400915039,reg,0,1,120,Maryland Terrapins,Big Ten,power,24,75,135,Minnesota Golden Gophers,Big Ten,power,0,89,
2017,2017-02-22,2017-02-20,400915457,reg,0,1,183,Syracuse Orange,ACC,power,0,78,150,Duke Blue Devils,ACC,power,10,75,
2017,2017-02-22,2017-02-20,400915459,reg,0,1,153,North Carolina Tar Heels,ACC,power,8,74,97,Louisville Cardinals,ACC,power,7,63,
2017,2017-02-22,2017-02-20,400915684,reg,0,1,25,California Golden Bears,Pac-12,power,0,65,2483,Oregon Ducks,Pac-12,power,6,68,
2017,2017-02-22,2017-02-20,400916252,reg,0,1,2305,Kansas Jayhawks,Big 12,power,3,87,2628,TCU Horned Frogs,Big 12,power,0,68,
2017,2017-02-22,2017-02-20,400919731,reg,0,1,222,Villanova Wildcats,Big East,high,2,66,2086,Butler Bulldogs,Big East,high,22,74,
2017,2017-02-22,2017-02-20,400919732,reg,0,1,156,Creighton Bluejays,Big East,high,23,66,2507,Providence Friars,Big East,high,0,68,
2017,2017-02-23,2017-02-20,400914945,reg,0,1,194,Ohio State Buckeyes,Big Ten,power,0,83,275,Wisconsin Badgers,Big Ten,power,16,73,
2017,2017-02-23,2017-02-20,400915686,reg,0,1,9,Arizona State Sun Devils,Pac-12,power,0,75,26,UCLA Bruins,Pac-12,power,5,87,
2017,2017-02-23,2017-02-20,400915687,reg,0,1,12,Arizona Wildcats,Pac-12,power,4,90,30,USC Trojans,Pac-12,power,0,77,
2017,2017-02-23,2017-02-20,400915884,reg,0,1,301,San Diego Toreros,WCC,high,0,38,2250,Gonzaga Bulldogs,WCC,high,1,96,
2017,2017-02-23,2017-02-20,400915887,reg,0,1,2492,Pepperdine Waves,WCC,high,0,49,2608,Saint Mary's Gaels,WCC,high,20,78,
2017,2017-02-23,2017-02-20,400916641,reg,0,1,2132,Cincinnati Bearcats,American,high,15,87,235,Memphis Tigers,American,high,0,74,
2017,2017-02-25,2017-02-20,400910655,reg,0,1,96,Kentucky Wildcats,SEC,power,11,76,57,Florida Gators,SEC,power,13,66,
2017,2017-02-25,2017-02-20,400911044,reg,0,1,251,Texas Longhorns,Big 12,power,0,67,2305,Kansas Jayhawks,Big 12,power,3,77,
2017,2017-02-25,2017-02-20,400915016,reg,0,1,120,Maryland Terrapins,Big Ten,power,24,69,2294,Iowa Hawkeyes,Big Ten,power,0,83,
2017,2017-02-25,2017-02-20,400915059,reg,0,1,130,Michigan Wolverines,Big Ten,power,0,82,2509,Purdue Boilermakers,Big Ten,power,14,70,
2017,2017-02-25,2017-02-20,400915460,reg,0,1,228,Clemson Tigers,ACC,power,0,74,52,Florida State Seminoles,ACC,power,19,76,
2017,2017-02-25,2017-02-20,400915461,reg,0,1,221,Pittsburgh Panthers,ACC,power,0,67,153,North Carolina Tar Heels,ACC,power,8,85,
2017,2017-02-25,2017-02-20,400915463,reg,0,1,2390,Miami Hurricanes,ACC,power,0,55,150,Duke Blue Devils,ACC,power,10,50,
2017,2017-02-25,2017-02-20,400915464,reg,0,1,152,NC State Wolfpack,ACC,power,0,55,258,Virginia Cavaliers,ACC,power,18,70,
2017,2017-02-25,2017-02-20,400915690,reg,0,1,12,Arizona Wildcats,Pac-12,power,4,72,26,UCLA Bruins,Pac-12,power,5,77,
2017,2017-02-25,2017-02-20,400915691,reg,0,1,24,Stanford Cardinal,Pac-12,power,0,73,2483,Oregon Ducks,Pac-12,power,6,75,
2017,2017-02-25,2017-02-20,400915890,reg,0,1,2250,Gonzaga Bulldogs,WCC,high,1,71,252,BYU Cougars,WCC,high,0,79,
2017,2017-02-25,2017-02-20,400915893,reg,0,1,2608,Saint Mary's Gaels,WCC,high,20,70,2541,Santa Clara Broncos,WCC,high,0,56,
2017,2017-02-25,2017-02-20,400916254,reg,0,1,2628,TCU Horned Frogs,Big 12,power,0,60,277,West Virginia Mountaineers,Big 12,power,12,61,
2017,2017-02-25,2017-02-20,400916255,reg,0,1,66,Iowa State Cyclones,Big 12,power,0,72,239,Baylor Bears,Big 12,power,9,69,
2017,2017-02-25,2017-02-20,400916643,reg,0,1,41,UConn Huskies,American,high,0,61,2567,SMU Mustangs,American,high,17,69,
2017,2017-02-25,2017-02-20,400918131,reg,0,1,2623,Missouri State Bears,MVC,mid,0,67,2724,Wichita State Shockers,MVC,mid,25,86,
2017,2017-02-25,2017-02-20,400919735,reg,0,1,222,Villanova Wildcats,Big East,high,2,79,156,Creighton Bluejays,Big East,high,23,63,
2017,2017-02-26,2017-02-20,400914946,reg,0,1,127,Michigan State Spartans,Big Ten,power,0,84,275,Wisconsin Badgers,Big Ten,power,16,74,
2017,2017-02-26,2017-02-20,400915465,reg,0,1,97,Louisville Cardinals,ACC,power,7,88,183,Syracuse Orange,ACC,power,0,68,
2017,2017-02-26,2017-02-20,400915466,reg,0,1,87,Notre Dame Fighting Irish,ACC,power,21,64,59,Georgia Tech Yellow Jackets,ACC,power,0,60,
2017,2017-02-26,2017-02-20,400916645,reg,0,1,2116,UCF Knights,American,high,0,53,2132,Cincinnati Bearcats,American,high,15,49,
2017,2017-02-26,2017-02-20,400919737,reg,0,1,2752,Xavier Musketeers,Big East,high,0,79,2086,Butler Bulldogs,Big East,high,22,88,
2017,2017-02-27,2017-02-27,400915467,reg,0,1,258,Virginia Cavaliers,ACC,power,23,53,153,North Carolina Tar Heels,ACC,power,5,43,
2017,2017-02-27,2017-02-27,400915468,reg,0,1,259,Virginia Tech Hokies,ACC,power,0,66,2390,Miami Hurricanes,ACC,power,25,61,
2017,2017-02-27,2017-02-27,400916258,reg,0,1,239,Baylor Bears,Big 12,power,11,71,277,West Virginia Mountaineers,Big 12,power,10,62,
2017,2017-02-27,2017-02-27,400916259,reg,0,1,2305,Kansas Jayhawks,Big 12,power,1,73,201,Oklahoma Sooners,Big 12,power,0,63,
2017,2017-02-28,2017-02-27,400910701,reg,0,1,96,Kentucky Wildcats,SEC,power,9,73,238,Vanderbilt Commodores,SEC,power,0,67,
2017,2017-02-28,2017-02-27,400914990,reg,0,1,2509,Purdue Boilermakers,Big Ten,power,16,86,84,Indiana Hoosiers,Big Ten,power,0,75,
2017,2017-02-28,2017-02-27,400915469,reg,0,1,150,Duke Blue Devils,ACC,power,17,75,52,Florida State Seminoles,ACC,power,15,70,
2017,2017-02-28,2017-02-27,400916260,reg,0,1,66,Iowa State Cyclones,Big 12,power,24,86,197,Oklahoma State Cowboys,Big 12,power,0,83,
2017,2017-03-01,2017-02-27,400910603,reg,0,1,57,Florida Gators,SEC,power,12,78,8,Arkansas Razorbacks,SEC,power,0,65,
2017,2017-03-01,2017-02-27,400915472,reg,0,1,87,Notre Dame Fighting Irish,ACC,power,19,82,103,Boston College Eagles,ACC,power,0,66,
2017,2017-03-01,2017-02-27,400915473,reg,0,1,154,Wake Forest Demon Deacons,ACC,power,0,88,97,Louisville Cardinals,ACC,power,8,81,
2017,2017-03-01,2017-02-27,400915695,reg,0,1,26,UCLA Bruins,Pac-12,power,3,98,264,Washington Huskies,Pac-12,power,0,66,
2017,2017-03-02,2017-02-27,400914947,reg,0,1,275,Wisconsin Badgers,Big Ten,power,22,57,2294,Iowa Hawkeyes,Big Ten,power,0,59,
2017,2017-03-02,2017-02-27,400916650,reg,0,1,2132,Cincinnati Bearcats,American,high,18,65,248,Houston Cougars,American,high,0,47,
2017,2017-03-02,2017-02-27,400916651,reg,0,1,2567,SMU Mustangs,American,high,14,93,202,Tulsa Golden Hurricane,American,high,0,70,
2017,2017-03-03,2017-02-27,400916262,reg,0,1,277,West Virginia Mountaineers,Big 12,power,10,87,66,Iowa State Cyclones,Big 12,power,24,76,
2017,2017-03-03,2017-02-27,400945344,reg,1,1,2724,Wichita State Shockers,MVC,mid,21,82,71,Bradley Braves,MVC,mid,0,56,MVC MEN'S TOURNAMENT - QUARTERFINAL
2017,2017-03-04,2017-02-27,400910656,reg,0,1,238,Vanderbilt Commodores,SEC,power,0,73,57,Florida Gators,SEC,power,12,71,
2017,2017-03-04,2017-02-27,400910702,reg,0,1,245,Texas A&M Aggies,SEC,power,0,63,96,Kentucky Wildcats,SEC,power,9,71,
2017,2017-03-04,2017-02-27,400911046,reg,0,1,251,Texas Longhorns,Big 12,power,0,64,239,Baylor Bears,Big 12,power,11,75,
2017,2017-03-04,2017-02-27,400915474,reg,0,1,258,Virginia Cavaliers,ACC,power,23,67,221,Pittsburgh Panthers,ACC,power,0,42,
2017,2017-03-04,2017-02-27,400915475,reg,0,1,97,Louisville Cardinals,ACC,power,8,71,87,Notre Dame Fighting Irish,ACC,power,19,64,
2017,2017-03-04,2017-02-27,400915476,reg,0,1,52,Florida State Seminoles,ACC,power,15,66,2390,Miami Hurricanes,ACC,power,25,57,
2017,2017-03-04,2017-02-27,400915479,reg,0,1,153,North Carolina Tar Heels,ACC,power,5,90,150,Duke Blue Devils,ACC,power,17,83,
2017,2017-03-04,2017-02-27,400915700,reg,0,1,9,Arizona State Sun Devils,Pac-12,power,0,60,12,Arizona Wildcats,Pac-12,power,7,73,
2017,2017-03-04,2017-02-27,400915701,reg,0,1,204,Oregon State Beavers,Pac-12,power,0,59,2483,Oregon Ducks,Pac-12,power,6,80,
2017,2017-03-04,2017-02-27,400915703,reg,0,1,26,UCLA Bruins,Pac-12,power,3,77,265,Washington State Cougars,Pac-12,power,0,68,
2017,2017-03-04,2017-02-27,400916265,reg,0,1,197,Oklahoma State Cowboys,Big 12,power,0,85,2305,Kansas Jayhawks,Big 12,power,1,90,
2017,2017-03-04,2017-02-27,400916653,reg,0,1,2567,SMU Mustangs,American,high,14,103,235,Memphis Tigers,American,high,0,62,
2017,2017-03-04,2017-02-27,400919742,reg,0,1,46,Georgetown Hoyas,Big East,high,0,55,222,Villanova Wildcats,Big East,high,2,81,
2017,2017-03-04,2017-02-27,400919745,reg,0,1,2086,Butler Bulldogs,Big East,high,13,64,2550,Seton Hall Pirates,Big East,high,0,70,
2017,2017-03-04,2017-02-27,400945425,reg,1,1,2250,Gonzaga Bulldogs,WCC,high,4,82,279,Pacific Tigers,WCC,high,0,50,WEST COAST CONFERENCE MEN'S TOURNAMENT - QUARTERFINAL
2017,2017-03-04,2017-02-27,400945451,reg,1,1,2724,Wichita State Shockers,MVC,mid,21,78,2623,Missouri State Bears,MVC,mid,0,63,MVC MEN'S TOURNAMENT - SEMIFINAL
2017,2017-03-04,2017-02-27,400945462,reg,1,1,2608,Saint Mary's Gaels,WCC,high,20,81,2501,Portland Pilots,WCC,high,0,58,WEST COAST CONFERENCE MEN'S TOURNAMENT - QUARTERFINAL
2017,2017-03-05,2017-02-27,400914948,reg,0,1,275,Wisconsin Badgers,Big Ten,power,22,66,135,Minnesota Golden Gophers,Big Ten,power,0,49,
2017,2017-03-05,2017-02-27,400915145,reg,0,1,77,Northwestern Wildcats,Big Ten,power,0,65,2509,Purdue Boilermakers,Big Ten,power,16,69,
2017,2017-03-05,2017-02-27,400916654,reg,0,1,41,UConn Huskies,American,high,0,47,2132,Cincinnati Bearcats,American,high,18,67,
2017,2017-03-05,2017-02-27,400945519,reg,1,1,2287,Illinois State Redbirds,MVC,mid,0,51,2724,Wichita State Shockers,MVC,mid,21,71,MVC MEN'S TOURNAMENT - FINAL
2017,2017-03-06,2017-03-06,400945623,reg,1,1,2250,Gonzaga Bulldogs,WCC,high,4,77,2541,Santa Clara Broncos,WCC,high,0,68,WEST COAST CONFERENCE MEN'S TOURNAMENT - SEMIFINAL
2017,2017-03-06,2017-03-06,400945646,reg,1,1,2608,Saint Mary's Gaels,WCC,high,19,81,252,BYU Cougars,WCC,high,0,50,WEST COAST CONFERENCE MEN'S TOURNAMENT - SEMIFINAL
2017,2017-03-07,2017-03-06,400945870,reg,1,1,2250,Gonzaga Bulldogs,WCC,high,4,74,2608,Saint Mary's Gaels,WCC,high,19,56,WEST COAST CONFERENCE MEN'S TOURNAMENT - FINAL
2017,2017-03-08,2017-03-06,400945789,reg,1,1,150,Duke Blue Devils,ACC,power,14,79,228,Clemson Tigers,ACC,power,0,72,NEW YORK LIFE ACC MEN'S TOURNAMENT - 2ND ROUND
2017,2017-03-08,2017-03-06,400945790,reg,1,1,258,Virginia Cavaliers,ACC,power,21,75,221,Pittsburgh Panthers,ACC,power,0,63,NEW YORK LIFE ACC MEN'S TOURNAMENT - 2ND ROUND
2017,2017-03-09,2017-03-06,400945528,reg,1,1,66,Iowa State Cyclones,Big 12,power,23,92,197,Oklahoma State Cowboys,Big 12,power,0,83,PHILLIPS 66 BIG 12 MEN'S CHAMPIONSHIP - QUARTERFINAL
2017,2017-03-09,2017-03-06,400945529,reg,1,1,239,Baylor Bears,Big 12,power,9,64,2306,Kansas State Wildcats,Big 12,power,0,70,PHILLIPS 66 BIG 12 MEN'S CHAMPIONSHIP - QUARTERFINAL
2017,2017-03-09,2017-03-06,400945792,reg,1,1,153,North Carolina Tar Heels,ACC,power,6,78,2390,Miami Hurricanes,ACC,power,0,53,NEW YORK LIFE ACC MEN'S TOURNAMENT - QUARTERFINAL
2017,2017-03-09,2017-03-06,400945793,reg,1,1,97,Louisville Cardinals,ACC,power,10,77,150,Duke Blue Devils,ACC,power,14,81,NEW YORK LIFE ACC MEN'S TOURNAMENT - QUARTERFINAL
2017,2017-03-09,2017-03-06,400945794,reg,1,1,87,Notre Dame Fighting Irish,ACC,power,22,71,258,Virginia Cavaliers,ACC,power,21,58,NEW YORK LIFE ACC MEN'S TOURNAMENT - QUARTERFINAL
2017,2017-03-09,2017-03-06,400945795,reg,1,1,52,Florida State Seminoles,ACC,power,16,74,259,Virginia Tech Hokies,ACC,power,0,68,NEW YORK LIFE ACC MEN'S TOURNAMENT - QUARTERFINAL
2017,2017-03-09,2017-03-06,400945796,reg,1,1,2305,Kansas Jayhawks,Big 12,power,1,82,2628,TCU Horned Frogs,Big 12,power,0,85,PHILLIPS 66 BIG 12 MEN'S CHAMPIONSHIP - QUARTERFINAL
2017,2017-03-09,2017-03-06,400945797,reg,1,1,277,West Virginia Mountaineers,Big 12,power,11,63,251,Texas Longhorns,Big 12,power,0,53,PHILLIPS 66 BIG 12 MEN'S CHAMPIONSHIP - QUARTERFINAL
2017,2017-03-09,2017-03-06,400945804,reg,1,1,2483,Oregon Ducks,Pac-12,power,5,80,9,Arizona State Sun Devils,Pac-12,power,0,57,PAC-12 MEN'S TOURNAMENT PRES. BY NEW YORK LIFE - QUARTERFINAL
2017,2017-03-09,2017-03-06,400945806,reg,1,1,26,UCLA Bruins,Pac-12,power,3,76,30,USC Trojans,Pac-12,power,0,74,PAC-12 MEN'S TOURNAMENT PRES. BY NEW YORK LIFE - QUARTERFINAL
2017,2017-03-09,2017-03-06,400945807,reg,1,1,12,Arizona Wildcats,Pac-12,power,7,92,38,Colorado Buffaloes,Pac-12,power,0,78,PAC-12 MEN'S TOURNAMENT PRES. BY NEW YORK LIFE - QUARTERFINAL
2017,2017-03-09,2017-03-06,400946110,reg,1,1,222,Villanova Wildcats,Big East,high,2,108,2599,St. John's Red Storm,Big East,high,0,67,BIG EAST MEN'S CHAMPIONSHIP - QUARTERFINAL
2017,2017-03-09,2017-03-06,400946121,reg,1,1,2086,Butler Bulldogs,Big East,high,18,57,2752,Xavier Musketeers,Big East,high,0,62,BIG EAST MEN'S CHAMPIONSHIP - QUARTERFINAL
2017,2017-03-10,2017-03-06,400945786,reg,1,1,2567,SMU Mustangs,American,high,12,81,151,East Carolina Pirates,American,high,0,77,FRONTIER COMMUNICATIONS AMERICAN ATHLETIC CONFERENCE MEN'S CHAMPIONSHIP - QUARTERFINAL
2017,2017-03-10,2017-03-06,400945788,reg,1,1,2132,Cincinnati Bearcats,American,high,15,80,202,Tulsa Golden Hurricane,American,high,0,61,FRONTIER COMMUNICATIONS AMERICAN ATHLETIC CONFERENCE MEN'S CHAMPIONSHIP - QUARTERFINAL
2017,2017-03-10,2017-03-06,400945800,reg,1,1,2509,Purdue Boilermakers,Big Ten,power,13,70,130,Michigan Wolverines,Big Ten,power,0,74,BIG TEN MEN'S TOURNAMENT - QUARTERFINAL
2017,2017-03-10,2017-03-06,400945802,reg,1,1,120,Maryland Terrapins,Big Ten,power,25,64,77,Northwestern Wildcats,Big Ten,power,0,72,BIG TEN MEN'S TOURNAMENT - QUARTERFINAL
2017,2017-03-10,2017-03-06,400945803,reg,1,1,275,Wisconsin Badgers,Big Ten,power,24,70,84,Indiana Hoosiers,Big Ten,power,0,60,BIG TEN MEN'S TOURNAMENT - QUARTERFINAL
2017,2017-03-10,2017-03-06,400945810,reg,1,1,96,Kentucky Wildcats,SEC,power,8,71,61,Georgia Bulldogs,SEC,power,0,60,SEC MEN'S TOURNAMENT - QUARTERFINAL
2017,2017-03-10,2017-03-06,400945813,reg,1,1,57,Florida Gators,SEC,power,17,62,238,Vanderbilt Commodores,SEC,power,0,72,SEC MEN'S TOURNAMENT - QUARTERFINAL
2017,2017-03-10,2017-03-06,400946136,reg,1,1,222,Villanova Wildcats,Big East,high,2,55,2550,Seton Hall Pirates,Big East,high,0,53,BIG EAST MEN'S CHAMPIONSHIP - SEMIFINAL
2017,2017-03-10,2017-03-06,400946137,reg,1,1,153,North Carolina Tar Heels,ACC,power,6,83,150,Duke Blue Devils,ACC,power,14,93,NEW YORK LIFE ACC MEN'S TOURNAMENT - SEMIFINAL
2017,2017-03-10,2017-03-06,400946166,reg,1,1,2483,Oregon Ducks,Pac-12,power,5,73,25,California Golden Bears,Pac-12,power,0,65,PAC-12 MEN'S TOURNAMENT PRES. BY NEW YORK LIFE - SEMIFINAL
2017,2017-03-10,2017-03-06,400946168,reg,1,1,66,Iowa State Cyclones,Big 12,power,23,84,2628,TCU Horned Frogs,Big 12,power,0,63,PHILLIPS 66 BIG 12 MEN'S CHAMPIONSHIP - SEMIFINAL
2017,2017-03-10,2017-03-06,400946181,reg,1,1,277,West Virginia Mountaineers,Big 12,power,11,51,2306,Kansas State Wildcats,Big 12,power,0,50,PHILLIPS 66 BIG 12 MEN'S CHAMPIONSHIP - SEMIFINAL
2017,2017-03-10,2017-03-06,400946183,reg,1,1,52,Florida State Seminoles,ACC,power,16,73,87,Notre Dame Fighting Irish,ACC,power,22,77,NEW YORK LIFE ACC MEN'S TOURNAMENT - SEMIFINAL
2017,2017-03-10,2017-03-06,400946192,reg,1,1,12,Arizona Wildcats,Pac-12,power,7,86,26,UCLA Bruins,Pac-12,power,3,75,PAC-12 MEN'S TOURNAMENT PRES. BY NEW YORK LIFE - SEMIFINAL
2017,2017-03-11,2017-03-06,400946209,reg,1,1,96,Kentucky Wildcats,SEC,power,8,79,333,Alabama Crimson Tide,SEC,power,0,74,SEC MEN'S TOURNAMENT - SEMIFINAL
2017,2017-03-11,2017-03-06,400946218,reg,1,1,275,Wisconsin Badgers,Big Ten,power,24,76,77,Northwestern Wildcats,Big Ten,power,0,48,BIG TEN MEN'S TOURNAMENT - SEMIFINAL
2017,2017-03-11,2017-03-06,400946219,reg,1,1,222,Villanova Wildcats,Big East,high,2,74,156,Creighton Bluejays,Big East,high,0,60,BIG EAST MEN'S CHAMPIONSHIP - FINAL
2017,2017-03-11,2017-03-06,400946220,reg,1,1,2132,Cincinnati Bearcats,American,high,15,81,41,UConn Huskies,American,high,0,71,FRONTIER COMMUNICATIONS AMERICAN ATHLETIC CONFERENCE MEN'S CHAMPIONSHIP - SEMIFINAL
2017,2017-03-11,2017-03-06,400946221,reg,1,1,87,Notre Dame Fighting Irish,ACC,power,22,69,150,Duke Blue Devils,ACC,power,14,75,NEW YORK LIFE ACC MEN'S TOURNAMENT - FINAL
2017,2017-03-11,2017-03-06,400946251,reg,1,1,2567,SMU Mustangs,American,high,12,70,2116,UCF Knights,American,high,0,59,FRONTIER COMMUNICATIONS AMERICAN ATHLETIC CONFERENCE MEN'S CHAMPIONSHIP - SEMIFINAL
2017,2017-03-11,2017-03-06,400946266,reg,1,1,277,West Virginia Mountaineers,Big 12,power,11,74,66,Iowa State Cyclones,Big 12,power,23,80,PHILLIPS 66 BIG 12 MEN'S CHAMPIONSHIP - FINAL
2017,2017-03-11,2017-03-06,400946267,reg,1,1,2483,Oregon Ducks,Pac-12,power,5,80,12,Arizona Wildcats,Pac-12,power,7,83,PAC-12 MEN'S TOURNAMENT PRES. BY NEW YORK LIFE - FINAL
2017,2017-03-12,2017-03-06,400946284,reg,1,1,275,Wisconsin Badgers,Big Ten,power,24,56,130,Michigan Wolverines,Big Ten,power,0,71,BIG TEN MEN'S TOURNAMENT - FINAL
2017,2017-03-12,2017-03-06,400946306,reg,1,1,96,Kentucky Wildcats,SEC,power,8,82,8,Arkansas Razorbacks,SEC,power,0,65,SEC MEN'S TOURNAMENT - FINAL
2017,2017-03-12,2017-03-06,400946312,reg,1,1,2567,SMU Mustangs,American,high,12,71,2132,Cincinnati Bearcats,American,high,15,56,FRONTIER COMMUNICATIONS AMERICAN ATHLETIC CONFERENCE MEN'S CHAMPIONSHIP - FINAL
2017,2017-03-15,2017-03-13,400946443,ncaa,1,0,2507,Providence Friars,Big East,high,11,71,30,USC Trojans,Pac-12,power,11,75,MEN'S BASKETBALL CHAMPIONSHIP - EAST REGION - FIRST FOUR
2017,2017-03-15,2017-03-13,400946445,ncaa,1,0,302,UC Davis Aggies,Big West,mid,16,67,2428,North Carolina Central Eagles,MEAC,mid,16,63,MEN'S BASKETBALL CHAMPIONSHIP - MIDWEST REGION - FIRST FOUR
2017,2017-03-16,2017-03-13,400946417,ncaa,1,0,222,Villanova Wildcats,Big East,high,1,76,116,Mount St. Mary's Mountaineers,NEC,mid,16,56,MEN'S BASKETBALL CHAMPIONSHIP - EAST REGION - 1ST ROUND
2017,2017-03-16,2017-03-13,400946418,ncaa,1,0,57,Florida Gators,SEC,power,4,80,2193,East Tennessee State Buccaneers,SoCon,mid,13,65,MEN'S BASKETBALL CHAMPIONSHIP - EAST REGION - 1ST ROUND
2017,2017-03-16,2017-03-13,400946422,ncaa,1,0,2509,Purdue Boilermakers,Big Ten,power,4,80,261,Vermont Catamounts,Am. East,mid,13,70,MEN'S BASKETBALL CHAMPIONSHIP - MIDWEST REGION - 1ST ROUND
2017,2017-03-16,2017-03-13,400946427,ncaa,1,0,275,Wisconsin Badgers,Big Ten,power,8,84,259,Virginia Tech Hokies,ACC,power,9,74,MEN'S BASKETBALL CHAMPIONSHIP - EAST REGION - 1ST ROUND
2017,2017-03-16,2017-03-13,400946428,ncaa,1,0,258,Virginia Cavaliers,ACC,power,5,76,350,UNC Wilmington Seahawks,CAA,mid,12,71,MEN'S BASKETBALL CHAMPIONSHIP - EAST REGION - 1ST ROUND
2017,2017-03-16,2017-03-13,400946432,ncaa,1,0,66,Iowa State Cyclones,Big 12,power,5,84,2440,Nevada Wolf Pack,Mountain West,high,12,73,MEN'S BASKETBALL CHAMPIONSHIP - MIDWEST REGION - 1ST ROUND
2017,2017-03-16,2017-03-13,400946436,ncaa,1,0,135,Minnesota Golden Gophers,Big Ten,power,5,72,2393,Middle Tennessee Blue Raiders,CUSA,mid,12,81,MEN'S BASKETBALL CHAMPIONSHIP - SOUTH REGION - 1ST ROUND
2017,2017-03-16,2017-03-13,400946439,ncaa,1,0,77,Northwestern Wildcats,Big Ten,power,8,68,238,Vanderbilt Commodores,SEC,power,9,66,MEN'S BASKETBALL CHAMPIONSHIP - WEST REGION - 1ST ROUND
2017,2017-03-16,2017-03-13,400946440,ncaa,1,0,87,Notre Dame Fighting Irish,ACC,power,5,60,163,Princeton Tigers,Ivy,mid,12,58,MEN'S BASKETBALL CHAMPIONSHIP - WEST REGION - 1ST ROUND
2017,2017-03-16,2017-03-13,400946441,ncaa,1,0,2608,Saint Mary's Gaels,WCC,high,7,85,2670,VCU Rams,A-10,high,10,77,MEN'S BASKETBALL CHAMPIONSHIP - WEST REGION - 1ST ROUND
2017,2017-03-16,2017-03-13,400946442,ncaa,1,0,52,Florida State Seminoles,ACC,power,3,86,526,Florida Gulf Coast Eagles,ASUN,mid,14,80,MEN'S BASKETBALL CHAMPIONSHIP - WEST REGION - 1ST ROUND
2017,2017-03-16,2017-03-13,400946446,ncaa,1,0,2086,Butler Bulldogs,Big East,high,4,76,2737,Winthrop Eagles,Big South,mid,13,64,MEN'S BASKETBALL CHAMPIONSHIP - SOUTH REGION - 1ST ROUND
2017,2017-03-16,2017-03-13,400946449,ncaa,1,0,2250,Gonzaga Bulldogs,WCC,high,1,66,2571,South Dakota State Jackrabbits,Summit,mid,16,46,MEN'S BASKETBALL CHAMPIONSHIP - WEST REGION - 1ST ROUND
2017,2017-03-16,2017-03-13,400946450,ncaa,1,0,277,West Virginia Mountaineers,Big 12,power,4,86,2083,Bucknell Bison,Patriot,mid,13,80,MEN'S BASKETBALL CHAMPIONSHIP - WEST REGION - 1ST ROUND
2017,2017-03-16,2017-03-13,400946451,ncaa,1,0,12,Arizona Wildcats,Pac-12,power,2,100,155,North Dakota Fighting Hawks,Big Sky,mid,15,82,MEN'S BASKETBALL CHAMPIONSHIP - WEST REGION - 1ST ROUND
2017,2017-03-16,2017-03-13,400946452,ncaa,1,0,120,Maryland Terrapins,Big Ten,power,6,65,2752,Xavier Musketeers,Big East,high,11,76,MEN'S BASKETBALL CHAMPIONSHIP - WEST REGION - 1ST ROUND
2017,2017-03-17,2017-03-13,400946419,ncaa,1,0,150,Duke Blue Devils,ACC,power,2,87,2653,Troy Trojans,Sun Belt,mid,15,65,MEN'S BASKETBALL CHAMPIONSHIP - EAST REGION - 1ST ROUND
2017,2017-03-17,2017-03-13,400946420,ncaa,1,0,2567,SMU Mustangs,American,high,6,65,30,USC Trojans,Pac-12,power,11,66,MEN'S BASKETBALL CHAMPIONSHIP - EAST REGION - 1ST ROUND
2017,2017-03-17,2017-03-13,400946421,ncaa,1,0,2305,Kansas Jayhawks,Big 12,power,1,100,302,UC Davis Aggies,Big West,mid,16,62,MEN'S BASKETBALL CHAMPIONSHIP - MIDWEST REGION - 1ST ROUND
2017,2017-03-17,2017-03-13,400946423,ncaa,1,0,97,Louisville Cardinals,ACC,power,2,78,55,Jacksonville State Gamecocks,OVC,mid,15,63,MEN'S BASKETBALL CHAMPIONSHIP - MIDWEST REGION - 1ST ROUND
2017,2017-03-17,2017-03-13,400946424,ncaa,1,0,156,Creighton Bluejays,Big East,high,6,72,227,Rhode Island Rams,A-10,high,11,84,MEN'S BASKETBALL CHAMPIONSHIP - MIDWEST REGION - 1ST ROUND
2017,2017-03-17,2017-03-13,400946425,ncaa,1,0,153,North Carolina Tar Heels,ACC,power,1,103,2640,Texas Southern Tigers,SWAC,mid,16,64,MEN'S BASKETBALL CHAMPIONSHIP - SOUTH REGION - 1ST ROUND
2017,2017-03-17,2017-03-13,400946429,ncaa,1,0,2579,South Carolina Gamecocks,SEC,power,7,93,269,Marquette Golden Eagles,Big East,high,10,73,MEN'S BASKETBALL CHAMPIONSHIP - EAST REGION - 1ST ROUND
2017,2017-03-17,2017-03-13,400946430,ncaa,1,0,239,Baylor Bears,Big 12,power,3,91,166,New Mexico State Aggies,WAC,mid,14,73,MEN'S BASKETBALL CHAMPIONSHIP - EAST REGION - 1ST ROUND
2017,2017-03-17,2017-03-13,400946431,ncaa,1,0,2390,Miami Hurricanes,ACC,power,8,58,127,Michigan State Spartans,Big Ten,power,9,78,MEN'S BASKETBALL CHAMPIONSHIP - MIDWEST REGION - 1ST ROUND
2017,2017-03-17,2017-03-13,400946433,ncaa,1,0,130,Michigan Wolverines,Big Ten,power,7,92,197,Oklahoma State Cowboys,Big 12,power,10,91,MEN'S BASKETBALL CHAMPIONSHIP - MIDWEST REGION - 1ST ROUND
2017,2017-03-17,2017-03-13,400946434,ncaa,1,0,2483,Oregon Ducks,Pac-12,power,3,93,314,Iona Gaels,MAAC,mid,14,77,MEN'S BASKETBALL CHAMPIONSHIP - MIDWEST REGION - 1ST ROUND
2017,2017-03-17,2017-03-13,400946435,ncaa,1,0,8,Arkansas Razorbacks,SEC,power,8,77,2550,Seton Hall Pirates,Big East,high,9,71,MEN'S BASKETBALL CHAMPIONSHIP - SOUTH REGION - 1ST ROUND
2017,2017-03-17,2017-03-13,400946437,ncaa,1,0,2168,Dayton Flyers,A-10,high,7,58,2724,Wichita State Shockers,MVC,mid,10,64,MEN'S BASKETBALL CHAMPIONSHIP - SOUTH REGION - 1ST ROUND
2017,2017-03-17,2017-03-13,400946438,ncaa,1,0,26,UCLA Bruins,Pac-12,power,3,97,2309,Kent State Golden Flashes,MAC,mid,14,80,MEN'S BASKETBALL CHAMPIONSHIP - SOUTH REGION - 1ST ROUND
2017,2017-03-17,2017-03-13,400946447,ncaa,1,0,96,Kentucky Wildcats,SEC,power,2,79,94,Northern Kentucky Norse,Horizon,mid,15,70,MEN'S BASKETBALL CHAMPIONSHIP - SOUTH REGION - 1ST ROUND
2017,2017-03-17,2017-03-13,400946448,ncaa,1,0,2132,Cincinnati Bearcats,American,high,6,75,2306,Kansas State Wildcats,Big 12,power,11,61,MEN'S BASKETBALL CHAMPIONSHIP - SOUTH REGION - 1ST ROUND
2017,2017-03-18,2017-03-13,400947000,ncaa,1,0,57,Florida Gators,SEC,power,4,65,258,Virginia Cavaliers,ACC,power,5,39,MEN'S BASKETBALL CHAMPIONSHIP - EAST REGION - 2ND ROUND
2017,2017-03-18,2017-03-13,400947006,ncaa,1,0,277,West Virginia Mountaineers,Big 12,power,4,83,87,Notre Dame Fighting Irish,ACC,power,5,71,MEN'S BASKETBALL CHAMPIONSHIP - WEST REGION - 2ND ROUND
2017,2017-03-18,2017-03-13,400947025,ncaa,1,0,222,Villanova Wildcats,Big East,high,1,62,275,Wisconsin Badgers,Big Ten,power,8,65,MEN'S BASKETBALL CHAMPIONSHIP - EAST REGION - 2ND ROUND
2017,2017-03-18,2017-03-13,400947026,ncaa,1,0,2086,Butler Bulldogs,Big East,high,4,74,2393,Middle Tennessee Blue Raiders,CUSA,mid,12,65,MEN'S BASKETBALL CHAMPIONSHIP - SOUTH REGION - 2ND ROUND
2017,2017-03-18,2017-03-13,400947027,ncaa,1,0,2250,Gonzaga Bulldogs,WCC,high,1,79,77,Northwestern Wildcats,Big Ten,power,8,73,MEN'S BASKETBALL CHAMPIONSHIP - WEST REGION - 2ND ROUND
2017,2017-03-18,2017-03-13,400947046,ncaa,1,0,52,Florida State Seminoles,ACC,power,3,66,2752,Xavier Musketeers,Big East,high,11,91,MEN'S BASKETBALL CHAMPIONSHIP - WEST REGION - 2ND ROUND
2017,2017-03-18,2017-03-13,400947047,ncaa,1,0,2509,Purdue Boilermakers,Big Ten,power,4,80,66,Iowa State Cyclones,Big 12,power,5,76,MEN'S BASKETBALL CHAMPIONSHIP - MIDWEST REGION - 2ND ROUND
2017,2017-03-18,2017-03-13,400947049,ncaa,1,0,12,Arizona Wildcats,Pac-12,power,2,69,2608,Saint Mary's Gaels,WCC,high,7,60,MEN'S BASKETBALL CHAMPIONSHIP - WEST REGION - 2ND ROUND
2017,2017-03-19,2017-03-13,400947182,ncaa,1,0,97,Louisville Cardinals,ACC,power,2,69,130,Michigan Wolverines,Big Ten,power,7,73,MEN'S BASKETBALL CHAMPIONSHIP - MIDWEST REGION - 2ND ROUND
2017,2017-03-19,2017-03-13,400947183,ncaa,1,0,239,Baylor Bears,Big 12,power,3,82,30,USC Trojans,Pac-12,power,11,78,MEN'S BASKETBALL CHAMPIONSHIP - EAST REGION - 2ND ROUND
2017,2017-03-19,2017-03-13,400947185,ncaa,1,0,153,North Carolina Tar Heels,ACC,power,1,72,8,Arkansas Razorbacks,SEC,power,8,65,MEN'S BASKETBALL CHAMPIONSHIP - SOUTH REGION - 2ND ROUND
2017,2017-03-19,2017-03-13,400947206,ncaa,1,0,2483,Oregon Ducks,Pac-12,power,3,75,227,Rhode Island Rams,A-10,high,11,72,MEN'S BASKETBALL CHAMPIONSHIP - MIDWEST REGION - 2ND ROUND
2017,2017-03-19,2017-03-13,400947223,ncaa,1,0,2305,Kansas Jayhawks,Big 12,power,1,90,127,Michigan State Spartans,Big Ten,power,9,70,MEN'S BASKETBALL CHAMPIONSHIP - MIDWEST REGION - 2ND ROUND
2017,2017-03-19,2017-03-13,400947225,ncaa,1,0,150,Duke Blue Devils,ACC,power,2,81,2579,South Carolina Gamecocks,SEC,power,7,88,MEN'S BASKETBALL CHAMPIONSHIP - EAST REGION - 2ND ROUND
2017,2017-03-19,2017-03-13,400947226,ncaa,1,0,26,UCLA Bruins,Pac-12,power,3,79,2132,Cincinnati Bearcats,American,high,6,67,MEN'S BASKETBALL CHAMPIONSHIP - SOUTH REGION - 2ND ROUND
2017,2017-03-19,2017-03-13,400947227,ncaa,1,0,96,Kentucky Wildcats,SEC,power,2,65,2724,Wichita State Shockers,MVC,mid,10,62,MEN'S BASKETBALL CHAMPIONSHIP - SOUTH REGION - 2ND ROUND
2017,2017-03-23,2017-03-20,400947270,ncaa,1,0,2250,Gonzaga Bulldogs,WCC,high,1,61,277,West Virginia Mountaineers,Big 12,power,4,58,MEN'S BASKETBALL CHAMPIONSHIP - WEST REGION - SWEET 16
2017,2017-03-23,2017-03-20,400947273,ncaa,1,0,12,Arizona Wildcats,Pac-12,power,2,71,2752,Xavier Musketeers,Big East,high,11,73,MEN'S BASKETBALL CHAMPIONSHIP - WEST REGION - SWEET 16
2017,2017-03-23,2017-03-20,400947321,ncaa,1,0,2305,Kansas Jayhawks,Big 12,power,1,98,2509,Purdue Boilermakers,Big Ten,power,4,66,MEN'S BASKETBALL CHAMPIONSHIP - MIDWEST REGION - SWEET 16
2017,2017-03-23,2017-03-20,400947325,ncaa,1,0,2483,Oregon Ducks,Pac-12,power,3,69,130,Michigan Wolverines,Big Ten,power,7,68,MEN'S BASKETBALL CHAMPIONSHIP - MIDWEST REGION - SWEET 16
2017,2017-03-24,2017-03-20,400947266,ncaa,1,0,57,Florida Gators,SEC,power,4,84,275,Wisconsin Badgers,Big Ten,power,8,83,MEN'S BASKETBALL CHAMPIONSHIP - EAST REGION - SWEET 16
2017,2017-03-24,2017-03-20,400947324,ncaa,1,0,153,North Carolina Tar Heels,ACC,power,1,92,2086,Butler Bulldogs,Big East,high,4,80,MEN'S BASKETBALL CHAMPIONSHIP - SOUTH REGION - SWEET 16
2017,2017-03-24,2017-03-20,400947327,ncaa,1,0,239,Baylor Bears,Big 12,power,3,50,2579,South Carolina Gamecocks,SEC,power,7,70,MEN'S BASKETBALL CHAMPIONSHIP - EAST REGION - SWEET 16
2017,2017-03-24,2017-03-20,400947330,ncaa,1,0,96,Kentucky Wildcats,SEC,power,2,86,26,UCLA Bruins,Pac-12,power,3,75,MEN'S BASKETBALL CHAMPIONSHIP - SOUTH REGION - SWEET 16
2017,2017-03-25,2017-03-20,400948650,ncaa,1,0,2305,Kansas Jayhawks,Big 12,power,1,60,2483,Oregon Ducks,Pac-12,power,3,74,MEN'S BASKETBALL CHAMPIONSHIP - MIDWEST REGION - ELITE 8
2017,2017-03-25,2017-03-20,400948652,ncaa,1,0,2250,Gonzaga Bulldogs,WCC,high,1,83,2752,Xavier Musketeers,Big East,high,11,59,MEN'S BASKETBALL CHAMPIONSHIP - WEST REGION - ELITE 8
2017,2017-03-26,2017-03-20,400948726,ncaa,1,0,153,North Carolina Tar Heels,ACC,power,1,75,96,Kentucky Wildcats,SEC,power,2,73,MEN'S BASKETBALL CHAMPIONSHIP - SOUTH REGION - ELITE 8
2017,2017-03-26,2017-03-20,400948729,ncaa,1,0,57,Florida Gators,SEC,power,4,70,2579,South Carolina Gamecocks,SEC,power,7,77,MEN'S BASKETBALL CHAMPIONSHIP - EAST REGION - ELITE 8
2017,2017-04-01,2017-03-27,400948847,ncaa,1,0,2250,Gonzaga Bulldogs,WCC,high,1,77,2579,South Carolina Gamecocks,SEC,power,7,73,MEN'S BASKETBALL CHAMPIONSHIP - FINAL FOUR
2017,2017-04-01,2017-03-27,400948853,ncaa,1,0,153,North Carolina Tar Heels,ACC,power,1,77,2483,Oregon Ducks,Pac-12,power,3,76,MEN'S BASKETBALL CHAMPIONSHIP - FINAL FOUR
2017,2017-04-03,2017-04-03,400949246,ncaa,1,0,153,North Carolina Tar Heels,ACC,power,1,71,2250,Gonzaga Bulldogs,WCC,high,1,65,MEN'S BASKETBALL CHAMPIONSHIP - NATIONAL CHAMPIONSHIP
