season,date,week_monday,game_id,kind,neutral,conf_game,home_id,home,home_conf,home_tier,home_rank,home_score,away_id,away,away_conf,away_tier,away_rank,away_score,notes
2025,2024-11-04,2024-11-04,401700434,reg,0,0,153,North Carolina Tar Heels,ACC,power,9,90,2210,Elon Phoenix,CAA,mid,0,76,
2025,2024-11-04,2024-11-04,401706148,reg,0,0,26,UCLA Bruins,Big Ten,power,22,85,2520,Rider Broncs,MAAC,mid,0,50,
2025,2024-11-04,2024-11-04,401706149,reg,0,0,12,Arizona Wildcats,Big 12,power,10,93,2099,Canisius Golden Griffins,MAAC,mid,0,64,
2025,2024-11-04,2024-11-04,401706881,reg,0,0,150,Duke Blue Devils,ACC,power,7,96,311,Maine Black Bears,Am. East,mid,0,62,
2025,2024-11-04,2024-11-04,401706926,reg,0,0,248,Houston Cougars,Big 12,power,4,97,2296,Jackson State Tigers,SWAC,mid,0,40,
2025,2024-11-04,2024-11-04,401706954,reg,0,0,66,Iowa State Cyclones,Big 12,power,5,83,2400,Mississippi Valley State Delta Devils,SWAC,mid,0,44,
2025,2024-11-04,2024-11-04,401706962,reg,0,0,2305,Kansas Jayhawks,Big 12,power,1,87,47,Howard Bison,MEAC,mid,0,57,
2025,2024-11-04,2024-11-04,401707976,reg,0,0,2509,Purdue Boilermakers,Big Ten,power,14,90,357,Texas A&M-Corpus Christi Islanders,Southland,mid,0,73,
2025,2024-11-04,2024-11-04,401714888,reg,1,0,57,Florida Gators,SEC,power,21,98,58,South Florida Bulls,American,high,0,83,Jacksonville Sports Foundation Invitational
2025,2024-11-04,2024-11-04,401714908,reg,0,0,96,Kentucky Wildcats,SEC,power,23,103,2750,Wright State Raiders,Horizon,mid,0,62,
2025,2024-11-04,2024-11-04,401715317,reg,0,0,145,Ole Miss Rebels,SEC,power,24,90,112358,Long Island University Sharks,NEC,mid,0,60,
2025,2024-11-04,2024-11-04,401715335,reg,0,0,2633,Tennessee Volunteers,SEC,power,12,80,2241,Gardner-Webb Runnin' Bulldogs,Big South,mid,0,64,
2025,2024-11-04,2024-11-04,401715344,reg,1,0,251,Texas Longhorns,SEC,power,19,72,194,Ohio State Buckeyes,Big Ten,power,0,80,Hall of Fame Series - Las Vegas
2025,2024-11-04,2024-11-04,401715355,reg,0,0,2116,UCF Knights,Big 12,power,0,64,245,Texas A&M Aggies,SEC,power,13,61,
2025,2024-11-04,2024-11-04,401715476,reg,0,0,269,Marquette Golden Eagles,Big East,high,18,102,2619,Stony Brook Seawolves,CAA,mid,0,62,Marquette Challenge
2025,2024-11-04,2024-11-04,401715627,reg,0,0,2132,Cincinnati Bearcats,Big 12,power,20,109,2029,Arkansas-Pine Bluff Golden Lions,SWAC,mid,0,54,
2025,2024-11-04,2024-11-04,401719228,reg,0,0,333,Alabama Crimson Tide,SEC,power,2,110,2427,UNC Asheville Bulldogs,Big South,mid,0,54,
2025,2024-11-04,2024-11-04,401727062,reg,0,0,2250,Gonzaga Bulldogs,WCC,high,6,101,239,Baylor Bears,Big 12,power,8,63,Findlay Auto Tip-Off
2025,2024-11-06,2024-11-04,401707857,reg,0,0,84,Indiana Hoosiers,Big Ten,power,17,80,2565,SIU Edwardsville Cougars,OVC,mid,0,61,
2025,2024-11-06,2024-11-04,401711682,reg,0,0,8,Arkansas Razorbacks,SEC,power,16,76,288,Lipscomb Bisons,ASUN,mid,0,60,
2025,2024-11-06,2024-11-04,401714641,reg,0,0,2,Auburn Tigers,SEC,power,11,94,261,Vermont Catamounts,Am. East,mid,0,43,
2025,2024-11-06,2024-11-04,401715422,reg,0,0,164,Rutgers Scarlet Knights,Big Ten,power,25,75,2681,Wagner Seahawks,NEC,mid,0,52,
2025,2024-11-06,2024-11-04,401715448,reg,0,0,156,Creighton Bluejays,Big East,high,15,99,292,UT Rio Grande Valley Vaqueros,Southland,mid,0,86,
2025,2024-11-06,2024-11-04,401715607,reg,0,0,41,UConn Huskies,Big East,high,3,92,2529,Sacred Heart Pioneers,MAAC,mid,0,56,
2025,2024-11-07,2024-11-04,401714889,reg,0,0,57,Florida Gators,SEC,power,21,81,294,Jacksonville Dolphins,ASUN,mid,0,60,
2025,2024-11-08,2024-11-04,401700435,reg,0,0,2305,Kansas Jayhawks,Big 12,power,1,92,153,North Carolina Tar Heels,ACC,power,9,89,
2025,2024-11-08,2024-11-04,401706882,reg,0,0,150,Duke Blue Devils,ACC,power,7,100,349,Army Black Knights,Patriot,mid,0,58,
2025,2024-11-08,2024-11-04,401707977,reg,0,0,2509,Purdue Boilermakers,Big Ten,power,14,72,94,Northern Kentucky Norse,Horizon,mid,0,50,
2025,2024-11-08,2024-11-04,401709999,reg,1,0,26,UCLA Bruins,Big Ten,power,22,64,167,New Mexico Lobos,Mountain West,high,0,72,
2025,2024-11-08,2024-11-04,401715318,reg,0,0,145,Ole Miss Rebels,SEC,power,24,66,2755,Grambling Tigers,SWAC,mid,0,64,
2025,2024-11-08,2024-11-04,401715345,reg,0,0,251,Texas Longhorns,SEC,power,19,90,2277,Houston Christian Huskies,Southland,mid,0,59,
2025,2024-11-08,2024-11-04,401715356,reg,0,0,245,Texas A&M Aggies,SEC,power,13,87,2837,East Texas A&M Lions,Southland,mid,0,55,
2025,2024-11-08,2024-11-04,401715477,reg,0,0,269,Marquette Golden Eagles,Big East,high,18,82,2244,George Mason Patriots,A-10,high,0,63,Marquette Challenge
2025,2024-11-08,2024-11-04,401715628,reg,0,0,2132,Cincinnati Bearcats,Big 12,power,20,83,2413,Morehead State Eagles,OVC,mid,0,56,
2025,2024-11-08,2024-11-04,401724531,reg,0,0,333,Alabama Crimson Tide,SEC,power,2,88,2032,Arkansas State Red Wolves,Sun Belt,mid,0,79,
2025,2024-11-09,2024-11-04,401700427,reg,0,0,97,Louisville Cardinals,ACC,power,0,55,2633,Tennessee Volunteers,SEC,power,12,77,
2025,2024-11-09,2024-11-04,401706947,reg,1,0,248,Houston Cougars,Big 12,power,4,69,2,Auburn Tigers,SEC,power,11,74,Mattress Firm Battleground 2k24
2025,2024-11-09,2024-11-04,401714909,reg,0,0,96,Kentucky Wildcats,SEC,power,23,100,2083,Bucknell Bison,Patriot,mid,0,72,
2025,2024-11-09,2024-11-04,401715608,reg,0,0,41,UConn Huskies,Big East,high,3,92,160,New Hampshire Wildcats,Am. East,mid,0,53,
2025,2024-11-09,2024-11-04,401722310,reg,0,0,12,Arizona Wildcats,Big 12,power,10,102,295,Old Dominion Monarchs,Sun Belt,mid,0,44,
2025,2024-11-09,2024-11-04,401727063,reg,1,0,8,Arkansas Razorbacks,SEC,power,16,67,239,Baylor Bears,Big 12,power,8,72,
2025,2024-11-10,2024-11-04,401707858,reg,0,0,84,Indiana Hoosiers,Big Ten,power,17,90,2197,Eastern Illinois Panthers,OVC,mid,0,55,
2025,2024-11-10,2024-11-04,401715449,reg,0,0,156,Creighton Bluejays,Big East,high,15,96,161,Fairleigh Dickinson Knights,NEC,mid,0,70,
2025,2024-11-10,2024-11-04,401722304,reg,0,0,2250,Gonzaga Bulldogs,WCC,high,6,88,9,Arizona State Sun Devils,Big 12,power,0,80,
2025,2024-11-11,2024-11-11,401706955,reg,0,0,66,Iowa State Cyclones,Big 12,power,7,82,140,Kansas City Roos,Summit,mid,0,56,
2025,2024-11-11,2024-11-11,401707978,reg,0,0,2509,Purdue Boilermakers,Big Ten,power,13,92,43,Yale Bulldogs,Ivy,mid,0,84,
2025,2024-11-11,2024-11-11,401714890,reg,0,0,57,Florida Gators,SEC,power,20,86,2755,Grambling Tigers,SWAC,mid,0,62,
2025,2024-11-11,2024-11-11,401715357,reg,0,0,245,Texas A&M Aggies,SEC,power,23,97,2320,Lamar Cardinals,Southland,mid,0,71,
2025,2024-11-11,2024-11-11,401715406,reg,0,0,194,Ohio State Buckeyes,Big Ten,power,21,81,2754,Youngstown State Penguins,Horizon,mid,0,47,
2025,2024-11-11,2024-11-11,401715423,reg,0,0,164,Rutgers Scarlet Knights,Big Ten,power,24,75,2612,Saint Peter's Peacocks,MAAC,mid,0,65,
2025,2024-11-11,2024-11-11,401715478,reg,0,0,269,Marquette Golden Eagles,Big East,high,15,70,2117,Central Michigan Chippewas,MAC,mid,0,62,Marquette Challenge
2025,2024-11-11,2024-11-11,401720709,reg,0,0,333,Alabama Crimson Tide,SEC,power,2,72,2377,McNeese Cowboys,Southland,mid,0,64,
2025,2024-11-12,2024-11-11,401706883,reg,1,0,96,Kentucky Wildcats,SEC,power,19,77,150,Duke Blue Devils,ACC,power,6,72,State Farm Champions Classic
2025,2024-11-12,2024-11-11,401706963,reg,1,0,2305,Kansas Jayhawks,Big 12,power,1,77,127,Michigan State Spartans,Big Ten,power,0,69,State Farm Champions Classic
2025,2024-11-12,2024-11-11,401715319,reg,0,0,145,Ole Miss Rebels,SEC,power,25,64,6,South Alabama Jaguars,Sun Belt,mid,0,54,
2025,2024-11-12,2024-11-11,401726427,reg,0,0,239,Baylor Bears,Big 12,power,12,104,2534,Sam Houston Bearkats,CUSA,mid,0,67,
2025,2024-11-13,2024-11-11,401706948,reg,0,0,248,Houston Cougars,Big 12,power,8,91,309,Louisiana Ragin' Cajuns,Sun Belt,mid,0,45,
2025,2024-11-13,2024-11-11,401714642,reg,0,0,2,Auburn Tigers,SEC,power,5,79,2309,Kent State Golden Flashes,MAC,mid,0,56,
2025,2024-11-13,2024-11-11,401715336,reg,0,0,2633,Tennessee Volunteers,SEC,power,11,92,149,Montana Grizzlies,Big Sky,mid,0,57,
2025,2024-11-13,2024-11-11,401715450,reg,0,0,156,Creighton Bluejays,Big East,high,14,78,2277,Houston Christian Huskies,Southland,mid,0,43,
2025,2024-11-13,2024-11-11,401715592,reg,0,0,2599,St. John's Red Storm,Big East,high,22,66,2681,Wagner Seahawks,NEC,mid,0,45,
2025,2024-11-13,2024-11-11,401715609,reg,0,0,41,UConn Huskies,Big East,high,3,90,2330,Le Moyne Dolphins,NEC,mid,0,49,
2025,2024-11-13,2024-11-11,401727079,reg,0,0,8,Arkansas Razorbacks,SEC,power,18,65,2653,Troy Trojans,Sun Belt,mid,0,49,
2025,2024-11-15,2024-11-11,401700436,reg,0,0,153,North Carolina Tar Heels,ACC,power,10,107,44,American University Eagles,Patriot,mid,0,55,
2025,2024-11-15,2024-11-11,401707869,reg,0,0,120,Maryland Terrapins,Big Ten,power,0,74,269,Marquette Golden Eagles,Big East,high,15,78,
2025,2024-11-15,2024-11-11,401707979,reg,0,0,2509,Purdue Boilermakers,Big Ten,power,13,87,333,Alabama Crimson Tide,SEC,power,2,78,
2025,2024-11-15,2024-11-11,401714891,reg,0,0,52,Florida State Seminoles,ACC,power,0,74,57,Florida Gators,SEC,power,20,87,
2025,2024-11-15,2024-11-11,401715358,reg,0,0,245,Texas A&M Aggies,SEC,power,23,78,194,Ohio State Buckeyes,Big Ten,power,21,64,
2025,2024-11-15,2024-11-11,401715424,reg,0,0,164,Rutgers Scarlet Knights,Big Ten,power,24,98,2405,Monmouth Hawks,CAA,mid,0,81,
2025,2024-11-15,2024-11-11,401715442,reg,0,0,275,Wisconsin Badgers,Big Ten,power,0,103,12,Arizona Wildcats,Big 12,power,9,88,
2025,2024-11-15,2024-11-11,401715629,reg,0,0,2132,Cincinnati Bearcats,Big 12,power,17,86,2447,Nicholls Colonels,Southland,mid,0,49,
2025,2024-11-15,2024-11-11,401722173,reg,0,0,2250,Gonzaga Bulldogs,WCC,high,4,113,2349,UMass Lowell River Hawks,Am. East,mid,0,54,
2025,2024-11-16,2024-11-11,401706884,reg,0,0,150,Duke Blue Devils,ACC,power,6,86,2747,Wofford Terriers,SoCon,mid,0,35,
2025,2024-11-16,2024-11-11,401706964,reg,0,0,2305,Kansas Jayhawks,Big 12,power,1,78,2473,Oakland Golden Grizzlies,Horizon,mid,0,57,
2025,2024-11-16,2024-11-11,401707859,reg,0,0,84,Indiana Hoosiers,Big Ten,power,16,87,2579,South Carolina Gamecocks,SEC,power,0,71,
2025,2024-11-16,2024-11-11,401715320,reg,1,0,145,Ole Miss Rebels,SEC,power,25,84,36,Colorado State Rams,Mountain West,high,0,69,
2025,2024-11-16,2024-11-11,401715451,reg,0,0,156,Creighton Bluejays,Big East,high,14,79,140,Kansas City Roos,Summit,mid,0,56,
2025,2024-11-17,2024-11-11,401715337,reg,0,0,2633,Tennessee Volunteers,SEC,power,11,103,2046,Austin Peay Governors,ASUN,mid,0,68,
2025,2024-11-17,2024-11-11,401715593,reg,0,0,2599,St. John's Red Storm,Big East,high,22,85,167,New Mexico Lobos,Mountain West,high,0,71,
2025,2024-11-17,2024-11-11,401727064,reg,0,0,239,Baylor Bears,Big 12,power,12,104,2627,Tarleton State Texans,WAC,mid,0,41,
2025,2024-11-18,2024-11-18,401706956,reg,0,0,66,Iowa State Cyclones,Big 12,power,5,87,85,IU Indianapolis Jaguars,Horizon,mid,0,52,
2025,2024-11-18,2024-11-18,401711733,reg,0,0,2,Auburn Tigers,SEC,power,4,102,2453,North Alabama Lions,ASUN,mid,0,69,
2025,2024-11-18,2024-11-18,401715443,reg,0,0,275,Wisconsin Badgers,Big Ten,power,19,87,292,UT Rio Grande Valley Vaqueros,Southland,mid,0,84,
2025,2024-11-18,2024-11-18,401722265,reg,0,0,21,San Diego State Aztecs,Mountain West,high,0,67,2250,Gonzaga Bulldogs,WCC,high,3,80,
2025,2024-11-18,2024-11-18,401725196,reg,0,0,8,Arkansas Razorbacks,SEC,power,20,91,279,Pacific Tigers,WCC,high,0,72,
2025,2024-11-19,2024-11-18,401706965,reg,0,0,2305,Kansas Jayhawks,Big 12,power,1,84,350,UNC Wilmington Seahawks,CAA,mid,0,66,
2025,2024-11-19,2024-11-18,401707980,reg,0,0,269,Marquette Golden Eagles,Big East,high,15,76,2509,Purdue Boilermakers,Big Ten,power,6,58,
2025,2024-11-19,2024-11-18,401711685,reg,0,0,96,Kentucky Wildcats,SEC,power,9,97,288,Lipscomb Bisons,ASUN,mid,0,68,BBN Invitational
2025,2024-11-19,2024-11-18,401714892,reg,0,0,57,Florida Gators,SEC,power,21,84,50,Florida A&M Rattlers,SWAC,mid,0,60,
2025,2024-11-19,2024-11-18,401715610,reg,0,0,41,UConn Huskies,Big East,high,2,81,2837,East Texas A&M Lions,Southland,mid,0,46,
2025,2024-11-19,2024-11-18,401715630,reg,0,0,94,Northern Kentucky Norse,Horizon,mid,0,60,2132,Cincinnati Bearcats,Big 12,power,18,76,
2025,2024-11-20,2024-11-18,401707850,reg,1,0,333,Alabama Crimson Tide,SEC,power,8,100,356,Illinois Fighting Illini,Big Ten,power,25,87,C.M. Newton Classic
2025,2024-11-20,2024-11-18,401709971,reg,0,0,2250,Gonzaga Bulldogs,WCC,high,3,84,299,Long Beach State Beach,Big West,mid,0,41,
2025,2024-11-20,2024-11-18,401715359,reg,0,0,245,Texas A&M Aggies,SEC,power,23,71,2582,Southern Jaguars,SWAC,mid,0,54,
2025,2024-11-20,2024-11-18,401715425,reg,0,0,164,Rutgers Scarlet Knights,Big Ten,power,24,74,2771,Merrimack Warriors,MAAC,mid,0,63,
2025,2024-11-21,2024-11-18,401707860,reg,0,0,84,Indiana Hoosiers,Big Ten,power,16,69,2430,UNC Greensboro Spartans,SoCon,mid,0,58,
2025,2024-11-21,2024-11-18,401715338,reg,1,0,2633,Tennessee Volunteers,SEC,power,11,64,258,Virginia Cavaliers,ACC,power,0,42,Baha Mar Hoops - Bahamas Championship
2025,2024-11-21,2024-11-18,401715594,reg,1,0,2599,St. John's Red Storm,Big East,high,22,98,239,Baylor Bears,Big 12,power,13,99,Baha Mar Hoops - Bahamas Championship
2025,2024-11-22,2024-11-18,401706885,reg,0,0,12,Arizona Wildcats,Big 12,power,17,55,150,Duke Blue Devils,ACC,power,12,69,
2025,2024-11-22,2024-11-18,401706949,reg,0,0,248,Houston Cougars,Big 12,power,7,80,2275,Hofstra Pride,CAA,mid,0,44,
2025,2024-11-22,2024-11-18,401714893,reg,0,0,57,Florida Gators,SEC,power,21,93,79,Southern Illinois Salukis,MVC,mid,0,68,
2025,2024-11-22,2024-11-18,401714910,reg,0,0,96,Kentucky Wildcats,SEC,power,9,108,2296,Jackson State Tigers,SWAC,mid,0,59,BBN Invitational
2025,2024-11-22,2024-11-18,401715444,reg,1,0,275,Wisconsin Badgers,Big Ten,power,19,86,2116,UCF Knights,Big 12,power,0,70,Greenbrier Tip-Off - Mountain Division
2025,2024-11-22,2024-11-18,401715452,reg,0,0,156,Creighton Bluejays,Big East,high,14,63,158,Nebraska Cornhuskers,Big Ten,power,0,74,
2025,2024-11-22,2024-11-18,401727319,reg,0,0,8,Arkansas Razorbacks,SEC,power,20,79,2031,Little Rock Trojans,OVC,mid,0,67,
2025,2024-11-22,2024-11-18,401729733,reg,1,0,239,Baylor Bears,Big 12,power,13,62,2633,Tennessee Volunteers,SEC,power,11,77,Baha Mar Hoops - Bahamas Championship
2025,2024-11-22,2024-11-18,401729735,reg,1,0,2599,St. John's Red Storm,Big East,high,22,80,258,Virginia Cavaliers,ACC,power,0,55,Baha Mar Hoops - Third Place Game
2025,2024-11-23,2024-11-18,401700437,reg,0,0,62,Hawai'i Rainbow Warriors,Big West,mid,0,69,153,North Carolina Tar Heels,ACC,power,10,87,
2025,2024-11-23,2024-11-18,401707851,reg,0,0,356,Illinois Fighting Illini,Big Ten,power,25,87,2379,Maryland Eastern Shore Hawks,MEAC,mid,0,40,
2025,2024-11-23,2024-11-18,401707981,reg,0,0,2509,Purdue Boilermakers,Big Ten,power,6,80,276,Marshall Thundering Herd,Sun Belt,mid,0,45,
2025,2024-11-23,2024-11-18,401714900,reg,1,0,269,Marquette Golden Eagles,Big East,high,15,80,61,Georgia Bulldogs,SEC,power,0,69,
2025,2024-11-23,2024-11-18,401715631,reg,0,0,59,Georgia Tech Yellow Jackets,ACC,power,0,58,2132,Cincinnati Bearcats,Big 12,power,18,81,
2025,2024-11-24,2024-11-18,401700269,reg,0,0,338,Kennesaw State Owls,CUSA,mid,0,79,164,Rutgers Scarlet Knights,Big Ten,power,24,77,
2025,2024-11-24,2024-11-18,401714901,reg,1,0,61,Georgia Bulldogs,SEC,power,0,66,2599,St. John's Red Storm,Big East,high,22,63,
2025,2024-11-24,2024-11-18,401729804,reg,1,0,221,Pittsburgh Panthers,ACC,power,0,75,275,Wisconsin Badgers,Big Ten,power,19,81,Greenbrier Tip-Off - Mountain Division - Championship
2025,2024-11-25,2024-11-25,401714643,reg,1,0,66,Iowa State Cyclones,Big 12,power,5,81,2,Auburn Tigers,SEC,power,4,83,The Maui Invitational Presented by Novavax
2025,2024-11-25,2024-11-25,401715330,reg,1,0,2579,South Carolina Gamecocks,SEC,power,0,66,2752,Xavier Musketeers,Big East,high,22,75,Fort Myers Tip-Off - Beach Division
2025,2024-11-25,2024-11-25,401715611,reg,1,0,41,UConn Huskies,Big East,high,2,97,235,Memphis Tigers,American,high,0,99,The Maui Invitational Presented by Novavax
2025,2024-11-25,2024-11-25,401716056,reg,1,0,153,North Carolina Tar Heels,ACC,power,12,92,2168,Dayton Flyers,A-10,high,0,90,The Maui Invitational Presented by Novavax
2025,2024-11-25,2024-11-25,401723726,reg,0,0,8,Arkansas Razorbacks,SEC,power,19,109,2379,Maryland Eastern Shore Hawks,MEAC,mid,0,35,
2025,2024-11-26,2024-11-25,401706886,reg,1,0,150,Duke Blue Devils,ACC,power,11,72,2305,Kansas Jayhawks,Big 12,power,1,75,Terry's Chocolate Vegas Showdown
2025,2024-11-26,2024-11-25,401714911,reg,0,0,96,Kentucky Wildcats,SEC,power,8,87,98,Western Kentucky Hilltoppers,CUSA,mid,0,68,BBN Invitational
2025,2024-11-26,2024-11-25,401715453,reg,1,0,21,San Diego State Aztecs,Mountain West,high,0,71,156,Creighton Bluejays,Big East,high,21,53,Players Era Festival - Power Tournament
2025,2024-11-26,2024-11-25,401719207,reg,1,0,2483,Oregon Ducks,Big Ten,power,0,80,245,Texas A&M Aggies,SEC,power,20,70,Players Era Festival - Power Tournament
2025,2024-11-26,2024-11-25,401719210,reg,1,0,248,Houston Cougars,Big 12,power,6,80,333,Alabama Crimson Tide,SEC,power,9,85,Players Era Festival - Impact Tournament
2025,2024-11-26,2024-11-25,401729691,reg,1,0,38,Colorado Buffaloes,Big 12,power,0,73,41,UConn Huskies,Big East,high,2,72,The Maui Invitational Presented by Novavax
2025,2024-11-26,2024-11-25,401729693,reg,1,0,2168,Dayton Flyers,A-10,high,0,84,66,Iowa State Cyclones,Big 12,power,5,89,The Maui Invitational Presented by Novavax
2025,2024-11-26,2024-11-25,401729694,reg,1,0,153,North Carolina Tar Heels,ACC,power,12,72,2,Auburn Tigers,SEC,power,4,85,The Maui Invitational Presented by Novavax
2025,2024-11-27,2024-11-25,401707861,reg,1,0,84,Indiana Hoosiers,Big Ten,power,14,61,97,Louisville Cardinals,ACC,power,0,89,Bad Boy Mowers Battle 4 Atlantis
2025,2024-11-27,2024-11-25,401715339,reg,0,0,2633,Tennessee Volunteers,SEC,power,7,78,2630,UT Martin Skyhawks,OVC,mid,0,35,
2025,2024-11-27,2024-11-25,401715479,reg,0,0,269,Marquette Golden Eagles,Big East,high,10,94,284,Stonehill Skyhawks,NEC,mid,0,59,
2025,2024-11-27,2024-11-25,401715632,reg,0,0,2132,Cincinnati Bearcats,Big 12,power,16,77,2011,Alabama State Hornets,SWAC,mid,0,59,
2025,2024-11-27,2024-11-25,401715867,reg,1,0,277,West Virginia Mountaineers,Big 12,power,0,86,2250,Gonzaga Bulldogs,WCC,high,3,78,Bad Boy Mowers Battle 4 Atlantis
2025,2024-11-27,2024-11-25,401715868,reg,1,0,2166,Davidson Wildcats,A-10,high,0,71,12,Arizona Wildcats,Big 12,power,24,104,Bad Boy Mowers Battle 4 Atlantis
2025,2024-11-27,2024-11-25,401719067,reg,1,0,245,Texas A&M Aggies,SEC,power,20,77,156,Creighton Bluejays,Big East,high,21,73,Players Era Festival - Power Tournament
2025,2024-11-27,2024-11-25,401719212,reg,1,0,164,Rutgers Scarlet Knights,Big Ten,power,0,90,333,Alabama Crimson Tide,SEC,power,9,95,Players Era Festival - Impact Tournament
2025,2024-11-27,2024-11-25,401720733,reg,0,0,239,Baylor Bears,Big 12,power,17,91,2443,New Orleans Privateers,Southland,mid,0,60,
2025,2024-11-27,2024-11-25,401729695,reg,1,1,66,Iowa State Cyclones,Big 12,power,5,99,38,Colorado Buffaloes,Big 12,power,0,71,The Maui Invitational Presented by Novavax - 5th Place Game
2025,2024-11-27,2024-11-25,401729696,reg,1,0,2,Auburn Tigers,SEC,power,4,90,235,Memphis Tigers,American,high,0,76,The Maui Invitational Presented by Novavax - Championship
2025,2024-11-27,2024-11-25,401729697,reg,1,0,153,North Carolina Tar Heels,ACC,power,12,91,127,Michigan State Spartans,Big Ten,power,0,94,The Maui Invitational Presented by Novavax - 3rd Place Game
2025,2024-11-27,2024-11-25,401729698,reg,1,0,2168,Dayton Flyers,A-10,high,0,85,41,UConn Huskies,Big East,high,2,67,The Maui Invitational Presented by Novavax - 7th Place Game
2025,2024-11-27,2024-11-25,401729802,reg,1,0,130,Michigan Wolverines,Big Ten,power,0,78,2752,Xavier Musketeers,Big East,high,22,53,Fort Myers Tip-Off - Beach Division - Championship
2025,2024-11-28,2024-11-25,401707853,reg,1,0,8,Arkansas Razorbacks,SEC,power,19,77,356,Illinois Fighting Illini,Big Ten,power,0,90,Thanksgiving Hoops Showcase
2025,2024-11-28,2024-11-25,401714894,reg,1,0,154,Wake Forest Demon Deacons,ACC,power,0,58,57,Florida Gators,SEC,power,18,75,ESPN Events Invitational
2025,2024-11-28,2024-11-25,401714990,reg,1,0,2439,UNLV Rebels,Mountain West,high,0,58,344,Mississippi State Bulldogs,SEC,power,25,80,Arizona Tip-Off - Cactus Division
2025,2024-11-28,2024-11-25,401715322,reg,1,0,145,Ole Miss Rebels,SEC,power,23,96,252,BYU Cougars,Big 12,power,0,85,Rady Children's Invitational
2025,2024-11-28,2024-11-25,401716065,reg,1,0,2509,Purdue Boilermakers,Big Ten,power,13,71,152,NC State Wolfpack,ACC,power,0,61,Rady Children's Invitational
2025,2024-11-28,2024-11-25,401719213,reg,1,0,87,Notre Dame Fighting Irish,ACC,power,0,54,248,Houston Cougars,Big 12,power,6,65,Players Era Festival - Impact Tournament
2025,2024-11-28,2024-11-25,401729740,reg,1,0,84,Indiana Hoosiers,Big Ten,power,14,73,2250,Gonzaga Bulldogs,WCC,high,3,89,Bad Boy Mowers Battle 4 Atlantis
2025,2024-11-28,2024-11-25,401729741,reg,1,0,201,Oklahoma Sooners,SEC,power,0,82,12,Arizona Wildcats,Big 12,power,24,77,Bad Boy Mowers Battle 4 Atlantis
2025,2024-11-29,2024-11-25,401706887,reg,0,0,150,Duke Blue Devils,ACC,power,11,70,2547,Seattle U Redhawks,WAC,mid,0,48,Terry's Chocolate Vegas Showdown
2025,2024-11-29,2024-11-25,401714912,reg,0,0,96,Kentucky Wildcats,SEC,power,8,105,2247,Georgia State Panthers,Sun Belt,mid,0,76,
2025,2024-11-29,2024-11-25,401729706,reg,1,0,344,Mississippi State Bulldogs,SEC,power,25,77,2086,Butler Bulldogs,Big East,high,0,87,Arizona Tip-Off - Cactus Division - Championship
2025,2024-11-29,2024-11-25,401729744,reg,1,0,84,Indiana Hoosiers,Big Ten,power,14,89,2507,Providence Friars,Big East,high,0,73,Bad Boy Mowers Battle 4 Atlantis - 7th Place Game
2025,2024-11-29,2024-11-25,401729746,reg,1,1,277,West Virginia Mountaineers,Big 12,power,0,83,12,Arizona Wildcats,Big 12,power,24,76,Bad Boy Mowers Battle 4 Atlantis - 3rd Place Game
2025,2024-11-29,2024-11-25,401729748,reg,1,0,2250,Gonzaga Bulldogs,WCC,high,3,90,2166,Davidson Wildcats,A-10,high,0,65,Bad Boy Mowers Battle 4 Atlantis - 5th Place Game
2025,2024-11-29,2024-11-25,401729798,reg,1,0,57,Florida Gators,SEC,power,18,88,2724,Wichita State Shockers,American,high,0,51,ESPN Events Invitational - Championship
2025,2024-11-29,2024-11-25,401731040,reg,1,0,2509,Purdue Boilermakers,Big Ten,power,13,80,145,Ole Miss Rebels,SEC,power,23,78,Rady Children's Invitational - Championship
2025,2024-11-30,2024-11-25,401706966,reg,0,0,2305,Kansas Jayhawks,Big 12,power,1,86,231,Furman Paladins,SoCon,mid,0,51,Terry's Chocolate Vegas Showdown
2025,2024-11-30,2024-11-25,401715445,reg,0,0,275,Wisconsin Badgers,Big Ten,power,15,74,2130,Chicago State Cougars,NEC,mid,0,53,
2025,2024-11-30,2024-11-25,401715480,reg,0,0,269,Marquette Golden Eagles,Big East,high,10,94,2717,Western Carolina Catamounts,SoCon,mid,0,62,
2025,2024-11-30,2024-11-25,401715612,reg,0,0,41,UConn Huskies,Big East,high,2,99,2379,Maryland Eastern Shore Hawks,MEAC,mid,0,45,
2025,2024-11-30,2024-11-25,401730557,reg,1,0,87,Notre Dame Fighting Irish,ACC,power,0,76,156,Creighton Bluejays,Big East,high,21,80,Players Era Festival - Championship Day - 7th Place Game
2025,2024-11-30,2024-11-25,401730558,reg,1,0,164,Rutgers Scarlet Knights,Big Ten,power,0,77,245,Texas A&M Aggies,SEC,power,20,81,Players Era Festival - Championship Day - 5th Place Game
2025,2024-11-30,2024-11-25,401730559,reg,1,0,248,Houston Cougars,Big 12,power,6,70,21,San Diego State Aztecs,Mountain West,high,0,73,Players Era Festival - Championship Day - 3rd Place Game
2025,2024-11-30,2024-11-25,401730560,reg,1,0,333,Alabama Crimson Tide,SEC,power,9,81,2483,Oregon Ducks,Big Ten,power,0,83,Players Era Festival - Championship Day - Championship
2025,2024-12-01,2024-11-25,401715624,reg,0,0,2752,Xavier Musketeers,Big East,high,22,71,2569,South Carolina State Bulldogs,MEAC,mid,0,68,
2025,2024-12-03,2024-12-02,401700423,reg,0,0,228,Clemson Tigers,ACC,power,0,70,96,Kentucky Wildcats,SEC,power,4,66,SEC/ACC Men's Challenge Presented by Continental Tire
2025,2024-12-03,2024-12-02,401700430,reg,0,0,97,Louisville Cardinals,ACC,power,0,63,145,Ole Miss Rebels,SEC,power,23,86,SEC/ACC Men's Challenge Presented by Continental Tire
2025,2024-12-03,2024-12-02,401700468,reg,0,0,245,Texas A&M Aggies,SEC,power,22,57,154,Wake Forest Demon Deacons,ACC,power,0,44,SEC/ACC Men's Challenge Presented by Continental Tire
2025,2024-12-03,2024-12-02,401706896,reg,0,0,2633,Tennessee Volunteers,SEC,power,3,96,183,Syracuse Orange,ACC,power,0,70,SEC/ACC Men's Challenge Presented by Continental Tire
2025,2024-12-03,2024-12-02,401715619,reg,0,0,222,Villanova Wildcats,Big East,high,0,68,2132,Cincinnati Bearcats,Big 12,power,14,60,Big 12-Big East Battle
2025,2024-12-03,2024-12-02,401715671,reg,0,0,201,Oklahoma Sooners,SEC,power,21,76,59,Georgia Tech Yellow Jackets,ACC,power,0,61,SEC/ACC Men's Challenge Presented by Continental Tire
2025,2024-12-03,2024-12-02,401721306,reg,0,1,275,Wisconsin Badgers,Big Ten,power,11,64,130,Michigan Wolverines,Big Ten,power,0,67,
2025,2024-12-04,2024-12-02,401700438,reg,0,0,153,North Carolina Tar Heels,ACC,power,20,79,333,Alabama Crimson Tide,SEC,power,10,94,SEC/ACC Men's Challenge Presented by Continental Tire
2025,2024-12-04,2024-12-02,401700457,reg,0,0,57,Florida Gators,SEC,power,13,87,258,Virginia Cavaliers,ACC,power,0,69,SEC/ACC Men's Challenge Presented by Continental Tire
2025,2024-12-04,2024-12-02,401706888,reg,0,0,150,Duke Blue Devils,ACC,power,9,84,2,Auburn Tigers,SEC,power,2,78,SEC/ACC Men's Challenge Presented by Continental Tire
2025,2024-12-04,2024-12-02,401706957,reg,0,0,66,Iowa State Cyclones,Big 12,power,6,81,269,Marquette Golden Eagles,Big East,high,5,70,Big 12-Big East Battle
2025,2024-12-04,2024-12-02,401706967,reg,0,0,156,Creighton Bluejays,Big East,high,0,76,2305,Kansas Jayhawks,Big 12,power,1,63,Big 12-Big East Battle
2025,2024-12-04,2024-12-02,401714991,reg,0,0,344,Mississippi State Bulldogs,SEC,power,0,90,221,Pittsburgh Panthers,ACC,power,18,57,SEC/ACC Men's Challenge Presented by Continental Tire
2025,2024-12-04,2024-12-02,401715613,reg,0,0,41,UConn Huskies,Big East,high,25,76,239,Baylor Bears,Big 12,power,15,72,Big 12-Big East Battle
2025,2024-12-04,2024-12-02,401721309,reg,0,1,30,USC Trojans,Big Ten,power,0,60,2483,Oregon Ducks,Big Ten,power,12,68,
2025,2024-12-04,2024-12-02,401722266,reg,0,1,278,Fresno State Bulldogs,Mountain West,high,0,62,21,San Diego State Aztecs,Mountain West,high,24,84,
2025,2024-12-04,2024-12-02,401722269,reg,0,0,235,Memphis Tigers,American,high,16,81,2348,Louisiana Tech Bulldogs,CUSA,mid,0,71,
2025,2024-12-05,2024-12-02,401721310,reg,0,1,213,Penn State Nittany Lions,Big Ten,power,0,81,2509,Purdue Boilermakers,Big Ten,power,8,70,
2025,2024-12-06,2024-12-02,401721311,reg,0,1,77,Northwestern Wildcats,Big Ten,power,0,70,356,Illinois Fighting Illini,Big Ten,power,19,66,
2025,2024-12-07,2024-12-02,401706950,reg,0,0,248,Houston Cougars,Big 12,power,17,79,2086,Butler Bulldogs,Big East,high,0,51,Big 12-Big East Battle
2025,2024-12-07,2024-12-02,401714913,reg,1,0,2250,Gonzaga Bulldogs,WCC,high,7,89,96,Kentucky Wildcats,SEC,power,4,90,Battle in Seattle
2025,2024-12-07,2024-12-02,401715323,reg,0,0,145,Ole Miss Rebels,SEC,power,23,86,2815,Lindenwood Lions,OVC,mid,0,53,
2025,2024-12-07,2024-12-02,401715446,reg,0,0,269,Marquette Golden Eagles,Big East,high,5,88,275,Wisconsin Badgers,Big Ten,power,11,74,
2025,2024-12-07,2024-12-02,401721284,reg,0,0,201,Oklahoma Sooners,SEC,power,21,94,2016,Alcorn State Braves,SWAC,mid,0,78,
2025,2024-12-07,2024-12-02,401722347,reg,0,0,21,San Diego State Aztecs,Mountain West,high,24,74,301,San Diego Toreros,WCC,high,0,57,
2025,2024-12-07,2024-12-02,401724770,reg,0,1,153,North Carolina Tar Heels,ACC,power,20,68,59,Georgia Tech Yellow Jackets,ACC,power,0,65,
2025,2024-12-07,2024-12-02,401724771,reg,0,1,259,Virginia Tech Hokies,ACC,power,0,59,221,Pittsburgh Panthers,ACC,power,18,64,
2025,2024-12-08,2024-12-02,401706958,reg,0,0,66,Iowa State Cyclones,Big 12,power,6,100,2296,Jackson State Tigers,SWAC,mid,0,58,
2025,2024-12-08,2024-12-02,401706968,reg,0,0,142,Missouri Tigers,SEC,power,0,76,2305,Kansas Jayhawks,Big 12,power,1,67,
2025,2024-12-08,2024-12-02,401714644,reg,0,0,2,Auburn Tigers,SEC,power,2,98,257,Richmond Spiders,A-10,high,0,54,
2025,2024-12-08,2024-12-02,401715350,reg,0,0,251,Texas Longhorns,SEC,power,0,65,41,UConn Huskies,Big East,high,25,76,
2025,2024-12-08,2024-12-02,401715360,reg,1,0,2641,Texas Tech Red Raiders,Big 12,power,0,67,245,Texas A&M Aggies,SEC,power,22,72,US LBM Coast-to-Coast Challenge
2025,2024-12-08,2024-12-02,401715633,reg,0,0,2132,Cincinnati Bearcats,Big 12,power,14,84,47,Howard Bison,MEAC,mid,0,67,
2025,2024-12-08,2024-12-02,401721316,reg,0,1,2509,Purdue Boilermakers,Big Ten,power,8,83,120,Maryland Terrapins,Big Ten,power,0,78,
2025,2024-12-08,2024-12-02,401721317,reg,0,1,2483,Oregon Ducks,Big Ten,power,12,71,26,UCLA Bruins,Big Ten,power,0,73,
2025,2024-12-08,2024-12-02,401722270,reg,0,0,235,Memphis Tigers,American,high,16,72,2032,Arkansas State Red Wolves,Sun Belt,mid,0,85,
2025,2024-12-08,2024-12-02,401724775,reg,0,1,97,Louisville Cardinals,ACC,power,0,65,150,Duke Blue Devils,ACC,power,9,76,
2025,2024-12-10,2024-12-09,401706889,reg,0,0,150,Duke Blue Devils,ACC,power,4,72,2916,Incarnate Word Cardinals,Southland,mid,0,46,
2025,2024-12-10,2024-12-09,401706951,reg,0,0,248,Houston Cougars,Big 12,power,15,62,2653,Troy Trojans,Sun Belt,mid,0,42,
2025,2024-12-10,2024-12-09,401715340,reg,1,0,2633,Tennessee Volunteers,SEC,power,1,75,2390,Miami Hurricanes,ACC,power,0,62,Jimmy V Classic presented by Corona
2025,2024-12-10,2024-12-09,401721319,reg,0,1,356,Illinois Fighting Illini,Big Ten,power,0,86,275,Wisconsin Badgers,Big Ten,power,20,80,
2025,2024-12-10,2024-12-09,401727356,reg,1,0,8,Arkansas Razorbacks,SEC,power,0,89,130,Michigan Wolverines,Big Ten,power,14,87,Jimmy V Classic presented by Corona
2025,2024-12-11,2024-12-09,401714914,reg,0,0,96,Kentucky Wildcats,SEC,power,5,78,2142,Colgate Raiders,Patriot,mid,0,67,
2025,2024-12-11,2024-12-09,401722348,reg,0,0,21,San Diego State Aztecs,Mountain West,high,23,81,2856,California Baptist Lancers,WAC,mid,0,75,
2025,2024-12-12,2024-12-09,401706959,reg,0,0,2294,Iowa Hawkeyes,Big Ten,power,0,80,66,Iowa State Cyclones,Big 12,power,3,89,Iowa Corn Cy-Hawk Series
2025,2024-12-14,2024-12-09,401700424,reg,0,0,228,Clemson Tigers,ACC,power,16,82,235,Memphis Tigers,American,high,0,87,
2025,2024-12-14,2024-12-09,401700432,reg,0,0,96,Kentucky Wildcats,SEC,power,5,93,97,Louisville Cardinals,ACC,power,0,85,
2025,2024-12-14,2024-12-09,401706969,reg,0,0,2305,Kansas Jayhawks,Big 12,power,10,75,152,NC State Wolfpack,ACC,power,0,60,
2025,2024-12-14,2024-12-09,401707854,reg,0,0,356,Illinois Fighting Illini,Big Ten,power,0,64,2633,Tennessee Volunteers,SEC,power,1,66,
2025,2024-12-14,2024-12-09,401707975,reg,1,0,2509,Purdue Boilermakers,Big Ten,power,11,66,245,Texas A&M Aggies,SEC,power,17,70,Indy Classic
2025,2024-12-14,2024-12-09,401710005,reg,1,0,12,Arizona Wildcats,Big 12,power,0,54,26,UCLA Bruins,Big Ten,power,24,57,Hall of Fame Rivalry presented by Continental Tire
2025,2024-12-14,2024-12-09,401713000,reg,1,0,2086,Butler Bulldogs,Big East,high,0,74,275,Wisconsin Badgers,Big Ten,power,20,83,Indy Classic
2025,2024-12-14,2024-12-09,401714645,reg,1,0,2,Auburn Tigers,SEC,power,2,91,194,Ohio State Buckeyes,Big Ten,power,0,53,Holiday Hoopsgiving
2025,2024-12-14,2024-12-09,401714895,reg,1,0,57,Florida Gators,SEC,power,9,83,9,Arizona State Sun Devils,Big 12,power,0,66,Holiday Hoopsgiving
2025,2024-12-14,2024-12-09,401714993,reg,1,0,344,Mississippi State Bulldogs,SEC,power,25,66,2377,McNeese Cowboys,Southland,mid,0,63,Magnolia Madness
2025,2024-12-14,2024-12-09,401715324,reg,1,0,145,Ole Miss Rebels,SEC,power,19,77,2572,Southern Miss Golden Eagles,Sun Belt,mid,0,46,
2025,2024-12-14,2024-12-09,401715455,reg,0,0,333,Alabama Crimson Tide,SEC,power,7,83,156,Creighton Bluejays,Big East,high,0,75,
2025,2024-12-14,2024-12-09,401715481,reg,0,0,2168,Dayton Flyers,A-10,high,0,71,269,Marquette Golden Eagles,Big East,high,6,63,
2025,2024-12-14,2024-12-09,401715614,reg,1,0,41,UConn Huskies,Big East,high,18,77,2250,Gonzaga Bulldogs,WCC,high,8,71,Hall of Fame Series - New York City
2025,2024-12-14,2024-12-09,401715626,reg,0,0,2132,Cincinnati Bearcats,Big 12,power,22,68,2752,Xavier Musketeers,Big East,high,0,65,
2025,2024-12-14,2024-12-09,401719222,reg,1,0,201,Oklahoma Sooners,SEC,power,13,80,197,Oklahoma State Cowboys,Big 12,power,0,65,
2025,2024-12-15,2024-12-09,401706960,reg,0,0,66,Iowa State Cyclones,Big 12,power,3,83,2437,Omaha Mavericks,Summit,mid,0,51,
2025,2024-12-15,2024-12-09,401721654,reg,0,0,2483,Oregon Ducks,Big Ten,power,12,79,2617,Stephen F. Austin Lumberjacks,Southland,mid,0,61,
2025,2024-12-17,2024-12-16,401700425,reg,0,0,2579,South Carolina Gamecocks,SEC,power,0,91,228,Clemson Tigers,ACC,power,25,88,
2025,2024-12-17,2024-12-16,401700439,reg,1,0,153,North Carolina Tar Heels,ACC,power,0,84,57,Florida Gators,SEC,power,7,90,Jumpman Invitational presented by Novant Health
2025,2024-12-17,2024-12-16,401706890,reg,0,0,150,Duke Blue Devils,ACC,power,5,68,2244,George Mason Patriots,A-10,high,0,47,
2025,2024-12-17,2024-12-16,401710006,reg,0,0,26,UCLA Bruins,Big Ten,power,18,111,2504,Prairie View A&M Panthers,SWAC,mid,0,75,
2025,2024-12-17,2024-12-16,401714646,reg,0,0,2,Auburn Tigers,SEC,power,2,100,2247,Georgia State Panthers,Sun Belt,mid,0,59,
2025,2024-12-17,2024-12-16,401715325,reg,0,0,145,Ole Miss Rebels,SEC,power,17,74,2582,Southern Jaguars,SWAC,mid,0,61,
2025,2024-12-17,2024-12-16,401715341,reg,0,0,2633,Tennessee Volunteers,SEC,power,1,84,2717,Western Carolina Catamounts,SoCon,mid,0,36,
2025,2024-12-17,2024-12-16,401718253,reg,0,0,2168,Dayton Flyers,A-10,high,22,66,2439,UNLV Rebels,Mountain West,high,0,65,
2025,2024-12-17,2024-12-16,401721648,reg,1,0,2473,Oakland Golden Grizzlies,Horizon,mid,0,58,127,Michigan State Spartans,Big Ten,power,20,77,
2025,2024-12-18,2024-12-16,401700459,reg,0,0,258,Virginia Cavaliers,ACC,power,0,62,235,Memphis Tigers,American,high,21,64,
2025,2024-12-18,2024-12-16,401706952,reg,0,0,248,Houston Cougars,Big 12,power,15,78,2649,Toledo Rockets,MAC,mid,0,49,
2025,2024-12-18,2024-12-16,401716054,reg,1,0,201,Oklahoma Sooners,SEC,power,14,87,130,Michigan Wolverines,Big Ten,power,24,86,Jumpman Invitational presented by Novant Health
2025,2024-12-18,2024-12-16,401719072,reg,0,1,41,UConn Huskies,Big East,high,11,94,2752,Xavier Musketeers,Big East,high,0,89,
2025,2024-12-18,2024-12-16,401719074,reg,0,1,269,Marquette Golden Eagles,Big East,high,9,80,2086,Butler Bulldogs,Big East,high,0,70,
2025,2024-12-18,2024-12-16,401724553,reg,0,0,155,North Dakota Fighting Hawks,Summit,mid,0,90,333,Alabama Crimson Tide,SEC,power,6,97,
2025,2024-12-18,2024-12-16,401726446,reg,0,0,2250,Gonzaga Bulldogs,WCC,high,13,102,2447,Nicholls Colonels,Southland,mid,0,72,
2025,2024-12-20,2024-12-16,401715361,reg,0,0,245,Texas A&M Aggies,SEC,power,12,77,2277,Houston Christian Huskies,Southland,mid,0,45,
2025,2024-12-20,2024-12-16,401715634,reg,1,0,2168,Dayton Flyers,A-10,high,22,59,2132,Cincinnati Bearcats,Big 12,power,19,66,
2025,2024-12-21,2024-12-16,401700440,reg,1,0,26,UCLA Bruins,Big Ten,power,18,74,153,North Carolina Tar Heels,ACC,power,0,76,CBS Sports Classic
2025,2024-12-21,2024-12-16,401706880,reg,1,0,25,California Golden Bears,ACC,power,0,50,21,San Diego State Aztecs,Mountain West,high,23,71,San Jose Tip-Off
2025,2024-12-21,2024-12-16,401706953,reg,0,0,248,Houston Cougars,Big 12,power,15,87,357,Texas A&M-Corpus Christi Islanders,Southland,mid,0,51,
2025,2024-12-21,2024-12-16,401707982,reg,1,0,2,Auburn Tigers,SEC,power,2,87,2509,Purdue Boilermakers,Big Ten,power,16,69,
2025,2024-12-21,2024-12-16,401711713,reg,0,0,145,Ole Miss Rebels,SEC,power,17,80,2511,Queens University Royals,ASUN,mid,0,62,
2025,2024-12-21,2024-12-16,401711752,reg,0,0,57,Florida Gators,SEC,power,7,99,2454,North Florida Ospreys,ASUN,mid,0,45,
2025,2024-12-21,2024-12-16,401714915,reg,1,0,194,Ohio State Buckeyes,Big Ten,power,0,85,96,Kentucky Wildcats,SEC,power,4,65,CBS Sports Classic
2025,2024-12-21,2024-12-16,401714994,reg,0,0,235,Memphis Tigers,American,high,21,66,344,Mississippi State Bulldogs,SEC,power,0,79,
2025,2024-12-21,2024-12-16,401715702,reg,1,0,24,Stanford Cardinal,ACC,power,0,61,2483,Oregon Ducks,Big Ten,power,10,76,San Jose Tip-Off
2025,2024-12-21,2024-12-16,401719076,reg,0,1,2752,Xavier Musketeers,Big East,high,0,70,269,Marquette Golden Eagles,Big East,high,9,72,
2025,2024-12-21,2024-12-16,401719077,reg,0,1,2086,Butler Bulldogs,Big East,high,0,74,41,UConn Huskies,Big East,high,11,78,
2025,2024-12-21,2024-12-16,401721649,reg,0,0,127,Michigan State Spartans,Big Ten,power,20,86,2226,Florida Atlantic Owls,American,high,0,69,
2025,2024-12-21,2024-12-16,401721831,reg,0,0,2250,Gonzaga Bulldogs,WCC,high,13,86,2083,Bucknell Bison,Patriot,mid,0,65,
2025,2024-12-21,2024-12-16,401724778,reg,0,1,228,Clemson Tigers,ACC,power,25,73,154,Wake Forest Demon Deacons,ACC,power,0,62,Holiday Hoops presented by KAY Jewelers
2025,2024-12-21,2024-12-16,401724779,reg,0,1,59,Georgia Tech Yellow Jackets,ACC,power,0,56,150,Duke Blue Devils,ACC,power,5,82,
2025,2024-12-22,2024-12-16,401706961,reg,0,0,66,Iowa State Cyclones,Big 12,power,3,99,2415,Morgan State Bears,MEAC,mid,0,72,
2025,2024-12-22,2024-12-16,401706970,reg,0,0,2305,Kansas Jayhawks,Big 12,power,8,87,225,Brown Bears,Ivy,mid,0,53,
2025,2024-12-22,2024-12-16,401707877,reg,0,0,130,Michigan Wolverines,Big Ten,power,24,89,2870,Purdue Fort Wayne Mastodons,Horizon,mid,0,58,
2025,2024-12-22,2024-12-16,401715635,reg,0,0,2132,Cincinnati Bearcats,Big 12,power,19,84,2755,Grambling Tigers,SWAC,mid,0,49,
2025,2024-12-22,2024-12-16,401721036,reg,0,0,333,Alabama Crimson Tide,SEC,power,6,81,2309,Kent State Golden Flashes,MAC,mid,0,54,
2025,2024-12-22,2024-12-16,401721957,reg,0,0,201,Oklahoma Sooners,SEC,power,14,89,2110,Central Arkansas Bears,ASUN,mid,0,66,
2025,2024-12-23,2024-12-23,401715342,reg,0,0,2633,Tennessee Volunteers,SEC,power,1,82,2393,Middle Tennessee Blue Raiders,CUSA,mid,0,64,
2025,2024-12-27,2024-12-23,401727065,reg,0,0,239,Baylor Bears,Big 12,power,25,107,3166,Arlington Baptist Patriots,,,0,53,
2025,2024-12-28,2024-12-23,401710007,reg,1,0,26,UCLA Bruins,Big Ten,power,22,65,2250,Gonzaga Bulldogs,WCC,high,14,62,West Coast Hoops Showdown
2025,2024-12-28,2024-12-23,401715326,reg,0,0,235,Memphis Tigers,American,high,0,87,145,Ole Miss Rebels,SEC,power,16,70,
2025,2024-12-28,2024-12-23,401715362,reg,0,0,245,Texas A&M Aggies,SEC,power,13,92,2000,Abilene Christian Wildcats,WAC,mid,0,54,
2025,2024-12-28,2024-12-23,401722349,reg,0,1,21,San Diego State Aztecs,Mountain West,high,20,66,328,Utah State Aggies,Mountain West,high,0,67,
2025,2024-12-29,2024-12-23,401707855,reg,0,0,356,Illinois Fighting Illini,Big Ten,power,24,117,2130,Chicago State Cougars,NEC,mid,0,64,
2025,2024-12-29,2024-12-23,401707983,reg,0,0,2509,Purdue Boilermakers,Big Ten,power,21,83,2649,Toledo Rockets,MAC,mid,0,64,
2025,2024-12-29,2024-12-23,401711763,reg,0,0,57,Florida Gators,SEC,power,6,85,56,Stetson Hatters,ASUN,mid,0,45,
2025,2024-12-29,2024-12-23,401720524,reg,0,0,2483,Oregon Ducks,Big Ten,power,9,89,2692,Weber State Wildcats,Big Sky,mid,0,49,
2025,2024-12-29,2024-12-23,401722123,reg,0,0,201,Oklahoma Sooners,SEC,power,12,89,2504,Prairie View A&M Panthers,SWAC,mid,0,67,
2025,2024-12-29,2024-12-23,401724554,reg,0,0,333,Alabama Crimson Tide,SEC,power,5,105,2571,South Dakota State Jackrabbits,Summit,mid,0,82,
2025,2024-12-30,2024-12-30,401706667,reg,0,1,2492,Pepperdine Waves,WCC,high,0,82,2250,Gonzaga Bulldogs,WCC,high,19,89,
2025,2024-12-30,2024-12-30,401714887,reg,0,0,2,Auburn Tigers,SEC,power,2,87,2405,Monmouth Hawks,CAA,mid,0,58,
2025,2024-12-30,2024-12-30,401721082,reg,0,0,127,Michigan State Spartans,Big Ten,power,18,80,2711,Western Michigan Broncos,MAC,mid,0,62,
2025,2024-12-30,2024-12-30,401722038,reg,0,0,344,Mississippi State Bulldogs,SEC,power,17,87,2065,Bethune-Cookman Wildcats,SWAC,mid,0,73,
2025,2024-12-30,2024-12-30,401725630,reg,0,1,2306,Kansas State Wildcats,Big 12,power,0,70,2132,Cincinnati Bearcats,Big 12,power,16,67,
2025,2024-12-30,2024-12-30,401725631,reg,0,1,38,Colorado Buffaloes,Big 12,power,0,69,66,Iowa State Cyclones,Big 12,power,3,79,
2025,2024-12-30,2024-12-30,401725633,reg,0,1,197,Oklahoma State Cowboys,Big 12,power,0,47,248,Houston Cougars,Big 12,power,14,60,
2025,2024-12-30,2024-12-30,401727541,reg,0,0,8,Arkansas Razorbacks,SEC,power,23,92,2473,Oakland Golden Grizzlies,Horizon,mid,0,62,
2025,2024-12-31,2024-12-30,401714916,reg,0,0,96,Kentucky Wildcats,SEC,power,10,88,225,Brown Bears,Ivy,mid,0,54,
2025,2024-12-31,2024-12-30,401715343,reg,0,0,2633,Tennessee Volunteers,SEC,power,1,67,2450,Norfolk State Spartans,MEAC,mid,0,52,
2025,2024-12-31,2024-12-30,401719081,reg,0,1,2507,Providence Friars,Big East,high,0,50,269,Marquette Golden Eagles,Big East,high,8,78,
2025,2024-12-31,2024-12-30,401724783,reg,0,1,150,Duke Blue Devils,ACC,power,4,88,259,Virginia Tech Hokies,ACC,power,0,65,
2025,2024-12-31,2024-12-30,401725635,reg,0,1,239,Baylor Bears,Big 12,power,25,81,254,Utah Utes,Big 12,power,0,56,
2025,2024-12-31,2024-12-30,401725637,reg,0,1,2305,Kansas Jayhawks,Big 12,power,7,61,277,West Virginia Mountaineers,Big 12,power,0,62,
2025,2025-01-01,2024-12-30,401719083,reg,0,1,305,DePaul Blue Demons,Big East,high,0,68,41,UConn Huskies,Big East,high,11,81,
2025,2025-01-02,2024-12-30,401706672,reg,0,1,2250,Gonzaga Bulldogs,WCC,high,19,81,2501,Portland Pilots,WCC,high,0,50,
2025,2025-01-02,2024-12-30,401721323,reg,0,1,135,Minnesota Golden Gophers,Big Ten,power,0,61,2509,Purdue Boilermakers,Big Ten,power,20,81,
2025,2025-01-02,2024-12-30,401721324,reg,0,1,2483,Oregon Ducks,Big Ten,power,9,77,356,Illinois Fighting Illini,Big Ten,power,22,109,
2025,2025-01-02,2024-12-30,401725517,reg,0,1,2226,Florida Atlantic Owls,American,high,0,62,235,Memphis Tigers,American,high,21,90,
2025,2025-01-03,2024-12-30,401719086,reg,0,1,269,Marquette Golden Eagles,Big East,high,8,79,156,Creighton Bluejays,Big East,high,0,71,
2025,2025-01-03,2024-12-30,401721327,reg,0,1,194,Ohio State Buckeyes,Big Ten,power,0,62,127,Michigan State Spartans,Big Ten,power,18,69,
2025,2025-01-04,2024-12-30,401706677,reg,0,1,2351,Loyola Marymount Lions,WCC,high,0,68,2250,Gonzaga Bulldogs,WCC,high,19,96,
2025,2025-01-04,2024-12-30,401708300,reg,0,1,333,Alabama Crimson Tide,SEC,power,5,107,201,Oklahoma Sooners,SEC,power,12,79,
2025,2025-01-04,2024-12-30,401708301,reg,0,1,2,Auburn Tigers,SEC,power,2,84,142,Missouri Tigers,SEC,power,0,68,
2025,2025-01-04,2024-12-30,401708302,reg,0,1,96,Kentucky Wildcats,SEC,power,10,106,57,Florida Gators,SEC,power,6,100,
2025,2025-01-04,2024-12-30,401708304,reg,0,1,145,Ole Miss Rebels,SEC,power,24,63,61,Georgia Bulldogs,SEC,power,0,51,
2025,2025-01-04,2024-12-30,401708305,reg,0,1,344,Mississippi State Bulldogs,SEC,power,17,85,2579,South Carolina Gamecocks,SEC,power,0,50,
2025,2025-01-04,2024-12-30,401708306,reg,0,1,2633,Tennessee Volunteers,SEC,power,1,76,8,Arkansas Razorbacks,SEC,power,23,52,
2025,2025-01-04,2024-12-30,401708307,reg,0,1,245,Texas A&M Aggies,SEC,power,13,80,251,Texas Longhorns,SEC,power,0,60,
2025,2025-01-04,2024-12-30,401721329,reg,0,1,158,Nebraska Cornhuskers,Big Ten,power,0,66,26,UCLA Bruins,Big Ten,power,15,58,
2025,2025-01-04,2024-12-30,401724791,reg,0,1,2567,SMU Mustangs,ACC,power,0,62,150,Duke Blue Devils,ACC,power,4,89,
2025,2025-01-04,2024-12-30,401725638,reg,0,1,2132,Cincinnati Bearcats,Big 12,power,16,67,12,Arizona Wildcats,Big 12,power,0,72,
2025,2025-01-04,2024-12-30,401725639,reg,0,1,248,Houston Cougars,Big 12,power,14,86,252,BYU Cougars,Big 12,power,0,55,
2025,2025-01-04,2024-12-30,401725644,reg,0,1,66,Iowa State Cyclones,Big 12,power,3,74,239,Baylor Bears,Big 12,power,25,55,
2025,2025-01-05,2024-12-30,401719089,reg,0,1,41,UConn Huskies,Big East,high,11,87,2507,Providence Friars,Big East,high,0,84,
2025,2025-01-05,2024-12-30,401721331,reg,0,1,2483,Oregon Ducks,Big Ten,power,9,83,120,Maryland Terrapins,Big Ten,power,0,79,
2025,2025-01-05,2024-12-30,401721333,reg,0,1,2509,Purdue Boilermakers,Big Ten,power,20,79,77,Northwestern Wildcats,Big Ten,power,0,61,
2025,2025-01-05,2024-12-30,401721334,reg,0,1,264,Washington Huskies,Big Ten,power,0,77,356,Illinois Fighting Illini,Big Ten,power,22,81,
2025,2025-01-05,2024-12-30,401725522,reg,0,1,235,Memphis Tigers,American,high,21,68,249,North Texas Mean Green,American,high,0,64,
2025,2025-01-05,2024-12-30,401725645,reg,0,1,2116,UCF Knights,Big 12,power,0,48,2305,Kansas Jayhawks,Big 12,power,7,99,
2025,2025-01-06,2025-01-06,401725646,reg,0,1,248,Houston Cougars,Big 12,power,12,65,2628,TCU Horned Frogs,Big 12,power,0,46,
2025,2025-01-07,2025-01-06,401708308,reg,0,1,251,Texas Longhorns,SEC,power,0,82,2,Auburn Tigers,SEC,power,2,87,
2025,2025-01-07,2025-01-06,401708310,reg,0,1,57,Florida Gators,SEC,power,8,73,2633,Tennessee Volunteers,SEC,power,1,43,
2025,2025-01-07,2025-01-06,401708311,reg,0,1,61,Georgia Bulldogs,SEC,power,0,82,96,Kentucky Wildcats,SEC,power,6,69,
2025,2025-01-07,2025-01-06,401708314,reg,0,1,238,Vanderbilt Commodores,SEC,power,0,64,344,Mississippi State Bulldogs,SEC,power,14,76,
2025,2025-01-07,2025-01-06,401719090,reg,0,1,269,Marquette Golden Eagles,Big East,high,7,74,46,Georgetown Hoyas,Big East,high,0,66,
2025,2025-01-07,2025-01-06,401721338,reg,0,1,26,UCLA Bruins,Big Ten,power,22,75,130,Michigan Wolverines,Big Ten,power,24,94,
2025,2025-01-07,2025-01-06,401722374,reg,0,1,23,San José State Spartans,Mountain West,high,0,78,328,Utah State Aggies,Mountain West,high,25,85,
2025,2025-01-07,2025-01-06,401724757,reg,0,1,150,Duke Blue Devils,ACC,power,4,76,221,Pittsburgh Panthers,ACC,power,0,47,
2025,2025-01-07,2025-01-06,401725647,reg,0,1,277,West Virginia Mountaineers,Big 12,power,21,56,12,Arizona Wildcats,Big 12,power,0,75,
2025,2025-01-07,2025-01-06,401725648,reg,0,1,66,Iowa State Cyclones,Big 12,power,3,82,254,Utah Utes,Big 12,power,0,59,
2025,2025-01-08,2025-01-06,401706683,reg,0,1,2250,Gonzaga Bulldogs,WCC,high,18,93,301,San Diego Toreros,WCC,high,0,80,
2025,2025-01-08,2025-01-06,401708309,reg,0,1,8,Arkansas Razorbacks,SEC,power,0,66,145,Ole Miss Rebels,SEC,power,23,73,
2025,2025-01-08,2025-01-06,401708315,reg,0,1,201,Oklahoma Sooners,SEC,power,17,78,245,Texas A&M Aggies,SEC,power,10,80,
2025,2025-01-08,2025-01-06,401719094,reg,0,1,222,Villanova Wildcats,Big East,high,0,68,41,UConn Huskies,Big East,high,9,66,
2025,2025-01-08,2025-01-06,401721339,reg,0,1,356,Illinois Fighting Illini,Big Ten,power,13,91,213,Penn State Nittany Lions,Big Ten,power,0,52,
2025,2025-01-08,2025-01-06,401724555,reg,0,1,2579,South Carolina Gamecocks,SEC,power,0,68,333,Alabama Crimson Tide,SEC,power,5,88,
2025,2025-01-08,2025-01-06,401725652,reg,0,1,2305,Kansas Jayhawks,Big 12,power,11,74,9,Arizona State Sun Devils,Big 12,power,0,55,
2025,2025-01-09,2025-01-06,401721341,reg,0,1,127,Michigan State Spartans,Big Ten,power,16,88,264,Washington Huskies,Big Ten,power,0,54,
2025,2025-01-09,2025-01-06,401721342,reg,0,1,194,Ohio State Buckeyes,Big Ten,power,0,71,2483,Oregon Ducks,Big Ten,power,15,73,
2025,2025-01-09,2025-01-06,401721343,reg,0,1,164,Rutgers Scarlet Knights,Big Ten,power,0,50,2509,Purdue Boilermakers,Big Ten,power,20,68,
2025,2025-01-10,2025-01-06,401721344,reg,0,1,120,Maryland Terrapins,Big Ten,power,0,79,26,UCLA Bruins,Big Ten,power,22,61,
2025,2025-01-11,2025-01-06,401706687,reg,0,1,2250,Gonzaga Bulldogs,WCC,high,18,88,265,Washington State Cougars,WCC,high,0,75,
2025,2025-01-11,2025-01-06,401708316,reg,0,1,8,Arkansas Razorbacks,SEC,power,0,63,57,Florida Gators,SEC,power,8,71,
2025,2025-01-11,2025-01-06,401708317,reg,0,1,61,Georgia Bulldogs,SEC,power,0,72,201,Oklahoma Sooners,SEC,power,17,62,
2025,2025-01-11,2025-01-06,401708318,reg,0,1,145,Ole Miss Rebels,SEC,power,23,77,99,LSU Tigers,SEC,power,0,65,
2025,2025-01-11,2025-01-06,401708319,reg,0,1,344,Mississippi State Bulldogs,SEC,power,14,90,96,Kentucky Wildcats,SEC,power,6,95,
2025,2025-01-11,2025-01-06,401708321,reg,0,1,2579,South Carolina Gamecocks,SEC,power,0,63,2,Auburn Tigers,SEC,power,2,66,
2025,2025-01-11,2025-01-06,401708322,reg,0,1,245,Texas A&M Aggies,SEC,power,10,88,333,Alabama Crimson Tide,SEC,power,5,94,
2025,2025-01-11,2025-01-06,401708323,reg,0,1,251,Texas Longhorns,SEC,power,0,70,2633,Tennessee Volunteers,SEC,power,1,74,
2025,2025-01-11,2025-01-06,401719099,reg,0,1,46,Georgetown Hoyas,Big East,high,0,60,41,UConn Huskies,Big East,high,9,68,
2025,2025-01-11,2025-01-06,401721346,reg,0,1,356,Illinois Fighting Illini,Big Ten,power,13,72,30,USC Trojans,Big Ten,power,0,82,
2025,2025-01-11,2025-01-06,401722396,reg,0,1,328,Utah State Aggies,Mountain West,high,25,81,68,Boise State Broncos,Mountain West,high,0,79,
2025,2025-01-11,2025-01-06,401724748,reg,0,1,150,Duke Blue Devils,ACC,power,4,86,87,Notre Dame Fighting Irish,ACC,power,0,78,
2025,2025-01-11,2025-01-06,401725531,reg,0,1,235,Memphis Tigers,American,high,19,74,151,East Carolina Pirates,American,high,0,70,
2025,2025-01-11,2025-01-06,401725655,reg,0,1,2641,Texas Tech Red Raiders,Big 12,power,0,84,66,Iowa State Cyclones,Big 12,power,3,85,
2025,2025-01-11,2025-01-06,401725656,reg,0,1,2132,Cincinnati Bearcats,Big 12,power,0,40,2305,Kansas Jayhawks,Big 12,power,11,54,
2025,2025-01-11,2025-01-06,401725659,reg,0,1,2306,Kansas State Wildcats,Big 12,power,0,57,248,Houston Cougars,Big 12,power,12,87,
2025,2025-01-12,2025-01-06,401721348,reg,0,1,77,Northwestern Wildcats,Big Ten,power,0,68,127,Michigan State Spartans,Big Ten,power,16,78,
2025,2025-01-12,2025-01-06,401721349,reg,0,1,130,Michigan Wolverines,Big Ten,power,24,91,264,Washington Huskies,Big Ten,power,0,75,
2025,2025-01-12,2025-01-06,401721350,reg,0,1,213,Penn State Nittany Lions,Big Ten,power,0,81,2483,Oregon Ducks,Big Ten,power,15,82,
2025,2025-01-12,2025-01-06,401721351,reg,0,1,2509,Purdue Boilermakers,Big Ten,power,20,104,158,Nebraska Cornhuskers,Big Ten,power,0,68,
2025,2025-01-12,2025-01-06,401725661,reg,0,1,38,Colorado Buffaloes,Big 12,power,0,70,277,West Virginia Mountaineers,Big 12,power,21,78,
2025,2025-01-14,2025-01-13,401708324,reg,0,1,333,Alabama Crimson Tide,SEC,power,4,64,145,Ole Miss Rebels,SEC,power,21,74,
2025,2025-01-14,2025-01-13,401708325,reg,0,1,2,Auburn Tigers,SEC,power,1,88,344,Mississippi State Bulldogs,SEC,power,15,66,
2025,2025-01-14,2025-01-13,401708326,reg,0,1,57,Florida Gators,SEC,power,5,82,142,Missouri Tigers,SEC,power,0,83,
2025,2025-01-14,2025-01-13,401708327,reg,0,1,96,Kentucky Wildcats,SEC,power,8,81,245,Texas A&M Aggies,SEC,power,11,69,
2025,2025-01-14,2025-01-13,401719100,reg,0,1,305,DePaul Blue Demons,Big East,high,0,83,269,Marquette Golden Eagles,Big East,high,7,85,
2025,2025-01-14,2025-01-13,401721354,reg,0,1,84,Indiana Hoosiers,Big Ten,power,0,69,356,Illinois Fighting Illini,Big Ten,power,19,94,
2025,2025-01-14,2025-01-13,401721356,reg,0,1,275,Wisconsin Badgers,Big Ten,power,24,70,194,Ohio State Buckeyes,Big Ten,power,0,68,
2025,2025-01-14,2025-01-13,401724800,reg,0,1,150,Duke Blue Devils,ACC,power,3,89,2390,Miami Hurricanes,ACC,power,0,54,
2025,2025-01-14,2025-01-13,401725664,reg,0,1,12,Arizona Wildcats,Big 12,power,0,81,239,Baylor Bears,Big 12,power,25,70,
2025,2025-01-15,2025-01-13,401708329,reg,0,1,2633,Tennessee Volunteers,SEC,power,6,74,61,Georgia Bulldogs,SEC,power,23,56,
2025,2025-01-15,2025-01-13,401721357,reg,0,1,127,Michigan State Spartans,Big Ten,power,12,90,213,Penn State Nittany Lions,Big Ten,power,0,85,
2025,2025-01-15,2025-01-13,401721358,reg,0,1,264,Washington Huskies,Big Ten,power,0,58,2509,Purdue Boilermakers,Big Ten,power,17,69,
2025,2025-01-15,2025-01-13,401722397,reg,0,1,2439,UNLV Rebels,Mountain West,high,0,65,328,Utah State Aggies,Mountain West,high,22,62,
2025,2025-01-15,2025-01-13,401725667,reg,0,1,66,Iowa State Cyclones,Big 12,power,2,74,2305,Kansas Jayhawks,Big 12,power,9,57,
2025,2025-01-15,2025-01-13,401725669,reg,0,1,248,Houston Cougars,Big 12,power,10,70,277,West Virginia Mountaineers,Big 12,power,0,54,
2025,2025-01-16,2025-01-13,401706692,reg,0,1,204,Oregon State Beavers,WCC,high,0,97,2250,Gonzaga Bulldogs,WCC,high,16,89,
2025,2025-01-16,2025-01-13,401721359,reg,0,1,135,Minnesota Golden Gophers,Big Ten,power,0,84,130,Michigan Wolverines,Big Ten,power,20,81,
2025,2025-01-16,2025-01-13,401725541,reg,0,1,218,Temple Owls,American,high,0,88,235,Memphis Tigers,American,high,18,81,
2025,2025-01-18,2025-01-13,401706700,reg,0,1,2250,Gonzaga Bulldogs,WCC,high,16,99,2541,Santa Clara Broncos,WCC,high,0,103,
2025,2025-01-18,2025-01-13,401708332,reg,0,1,57,Florida Gators,SEC,power,5,84,251,Texas Longhorns,SEC,power,0,60,
2025,2025-01-18,2025-01-13,401708333,reg,0,1,61,Georgia Bulldogs,SEC,power,23,68,2,Auburn Tigers,SEC,power,1,70,
2025,2025-01-18,2025-01-13,401708334,reg,0,1,96,Kentucky Wildcats,SEC,power,8,97,333,Alabama Crimson Tide,SEC,power,4,102,
2025,2025-01-18,2025-01-13,401708335,reg,0,1,344,Mississippi State Bulldogs,SEC,power,15,84,145,Ole Miss Rebels,SEC,power,21,81,
2025,2025-01-18,2025-01-13,401708337,reg,0,1,245,Texas A&M Aggies,SEC,power,11,68,99,LSU Tigers,SEC,power,0,57,
2025,2025-01-18,2025-01-13,401708338,reg,0,1,238,Vanderbilt Commodores,SEC,power,0,76,2633,Tennessee Volunteers,SEC,power,6,75,
2025,2025-01-18,2025-01-13,401719107,reg,0,1,41,UConn Huskies,Big East,high,14,63,156,Creighton Bluejays,Big East,high,0,68,
2025,2025-01-18,2025-01-13,401719109,reg,0,1,269,Marquette Golden Eagles,Big East,high,7,57,2752,Xavier Musketeers,Big East,high,0,59,
2025,2025-01-18,2025-01-13,401721364,reg,0,1,2483,Oregon Ducks,Big Ten,power,13,58,2509,Purdue Boilermakers,Big Ten,power,17,65,
2025,2025-01-18,2025-01-13,401721365,reg,0,1,30,USC Trojans,Big Ten,power,0,69,275,Wisconsin Badgers,Big Ten,power,24,84,
2025,2025-01-18,2025-01-13,401724812,reg,0,1,103,Boston College Eagles,ACC,power,0,63,150,Duke Blue Devils,ACC,power,3,88,
2025,2025-01-18,2025-01-13,401725674,reg,0,1,277,West Virginia Mountaineers,Big 12,power,0,64,66,Iowa State Cyclones,Big 12,power,2,57,
2025,2025-01-18,2025-01-13,401725675,reg,0,1,2305,Kansas Jayhawks,Big 12,power,9,84,2306,Kansas State Wildcats,Big 12,power,0,74,
2025,2025-01-18,2025-01-13,401725676,reg,0,1,2116,UCF Knights,Big 12,power,0,68,248,Houston Cougars,Big 12,power,10,69,
2025,2025-01-19,2025-01-13,401721367,reg,0,1,130,Michigan Wolverines,Big Ten,power,20,80,77,Northwestern Wildcats,Big Ten,power,0,76,
2025,2025-01-19,2025-01-13,401721368,reg,0,1,127,Michigan State Spartans,Big Ten,power,12,80,356,Illinois Fighting Illini,Big Ten,power,19,78,
2025,2025-01-19,2025-01-13,401725545,reg,0,1,2429,Charlotte 49ers,American,high,0,68,235,Memphis Tigers,American,high,18,77,
2025,2025-01-19,2025-01-13,401725677,reg,0,1,239,Baylor Bears,Big 12,power,25,71,2628,TCU Horned Frogs,Big 12,power,0,74,
2025,2025-01-21,2025-01-20,401708340,reg,0,1,2633,Tennessee Volunteers,SEC,power,6,68,344,Mississippi State Bulldogs,SEC,power,14,56,
2025,2025-01-21,2025-01-20,401708341,reg,0,1,333,Alabama Crimson Tide,SEC,power,4,103,238,Vanderbilt Commodores,SEC,power,0,87,
2025,2025-01-21,2025-01-20,401708345,reg,0,1,251,Texas Longhorns,SEC,power,0,61,142,Missouri Tigers,SEC,power,22,53,
2025,2025-01-21,2025-01-20,401719111,reg,0,1,41,UConn Huskies,Big East,high,19,80,2086,Butler Bulldogs,Big East,high,0,78,
2025,2025-01-21,2025-01-20,401719113,reg,0,1,2550,Seton Hall Pirates,Big East,high,0,59,269,Marquette Golden Eagles,Big East,high,10,76,
2025,2025-01-21,2025-01-20,401721371,reg,0,1,2483,Oregon Ducks,Big Ten,power,15,82,264,Washington Huskies,Big Ten,power,0,71,
2025,2025-01-21,2025-01-20,401721372,reg,0,1,2509,Purdue Boilermakers,Big Ten,power,11,70,194,Ohio State Buckeyes,Big Ten,power,0,73,
2025,2025-01-21,2025-01-20,401721373,reg,0,1,26,UCLA Bruins,Big Ten,power,0,85,275,Wisconsin Badgers,Big Ten,power,18,83,
2025,2025-01-21,2025-01-20,401724817,reg,0,1,2567,SMU Mustangs,ACC,power,0,73,97,Louisville Cardinals,ACC,power,25,98,
2025,2025-01-21,2025-01-20,401725679,reg,0,1,277,West Virginia Mountaineers,Big 12,power,23,57,9,Arizona State Sun Devils,Big 12,power,0,65,
2025,2025-01-21,2025-01-20,401725683,reg,0,1,66,Iowa State Cyclones,Big 12,power,3,108,2116,UCF Knights,Big 12,power,0,83,
2025,2025-01-22,2025-01-20,401708343,reg,0,1,145,Ole Miss Rebels,SEC,power,16,62,245,Texas A&M Aggies,SEC,power,13,63,
2025,2025-01-22,2025-01-20,401708344,reg,0,1,2579,South Carolina Gamecocks,SEC,power,0,69,57,Florida Gators,SEC,power,5,70,
2025,2025-01-22,2025-01-20,401719114,reg,0,1,2599,St. John's Red Storm,Big East,high,20,79,2752,Xavier Musketeers,Big East,high,0,71,
2025,2025-01-22,2025-01-20,401725681,reg,0,1,248,Houston Cougars,Big 12,power,7,70,254,Utah Utes,Big 12,power,0,36,
2025,2025-01-22,2025-01-20,401725684,reg,0,1,2628,TCU Horned Frogs,Big 12,power,0,61,2305,Kansas Jayhawks,Big 12,power,12,74,
2025,2025-01-23,2025-01-20,401721376,reg,0,1,356,Illinois Fighting Illini,Big Ten,power,17,70,120,Maryland Terrapins,Big Ten,power,0,91,
2025,2025-01-23,2025-01-20,401725552,reg,0,1,235,Memphis Tigers,American,high,24,61,2724,Wichita State Shockers,American,high,0,53,
2025,2025-01-24,2025-01-20,401719115,reg,0,1,269,Marquette Golden Eagles,Big East,high,10,87,222,Villanova Wildcats,Big East,high,0,74,
2025,2025-01-24,2025-01-20,401721378,reg,0,1,2509,Purdue Boilermakers,Big Ten,power,11,91,130,Michigan Wolverines,Big Ten,power,21,64,
2025,2025-01-25,2025-01-20,401708346,reg,0,1,333,Alabama Crimson Tide,SEC,power,4,80,99,LSU Tigers,SEC,power,0,73,
2025,2025-01-25,2025-01-20,401708348,reg,0,1,2,Auburn Tigers,SEC,power,1,53,2633,Tennessee Volunteers,SEC,power,6,51,
2025,2025-01-25,2025-01-20,401708349,reg,0,1,57,Florida Gators,SEC,power,5,89,61,Georgia Bulldogs,SEC,power,0,59,
2025,2025-01-25,2025-01-20,401708350,reg,0,1,142,Missouri Tigers,SEC,power,22,83,145,Ole Miss Rebels,SEC,power,16,75,
2025,2025-01-25,2025-01-20,401708351,reg,0,1,2579,South Carolina Gamecocks,SEC,power,0,60,344,Mississippi State Bulldogs,SEC,power,14,65,
2025,2025-01-25,2025-01-20,401708352,reg,0,1,238,Vanderbilt Commodores,SEC,power,0,74,96,Kentucky Wildcats,SEC,power,9,69,
2025,2025-01-25,2025-01-20,401708353,reg,0,1,251,Texas Longhorns,SEC,power,0,70,245,Texas A&M Aggies,SEC,power,13,69,
2025,2025-01-25,2025-01-20,401719118,reg,0,1,2752,Xavier Musketeers,Big East,high,0,76,41,UConn Huskies,Big East,high,19,72,
2025,2025-01-25,2025-01-20,401721380,reg,0,1,135,Minnesota Golden Gophers,Big Ten,power,0,77,2483,Oregon Ducks,Big Ten,power,15,69,
2025,2025-01-25,2025-01-20,401721381,reg,0,1,164,Rutgers Scarlet Knights,Big Ten,power,0,74,127,Michigan State Spartans,Big Ten,power,8,81,
2025,2025-01-25,2025-01-20,401724827,reg,0,1,154,Wake Forest Demon Deacons,ACC,power,0,56,150,Duke Blue Devils,ACC,power,2,63,
2025,2025-01-25,2025-01-20,401725687,reg,0,1,9,Arizona State Sun Devils,Big 12,power,0,61,66,Iowa State Cyclones,Big 12,power,3,76,
2025,2025-01-25,2025-01-20,401725690,reg,0,1,2305,Kansas Jayhawks,Big 12,power,12,86,248,Houston Cougars,Big 12,power,7,92,
2025,2025-01-25,2025-01-20,401725691,reg,0,1,2306,Kansas State Wildcats,Big 12,power,0,73,277,West Virginia Mountaineers,Big 12,power,23,60,
2025,2025-01-26,2025-01-20,401721382,reg,0,1,356,Illinois Fighting Illini,Big Ten,power,17,83,77,Northwestern Wildcats,Big Ten,power,0,74,
2025,2025-01-26,2025-01-20,401721384,reg,0,1,275,Wisconsin Badgers,Big Ten,power,18,83,158,Nebraska Cornhuskers,Big Ten,power,0,55,
2025,2025-01-26,2025-01-20,401725557,reg,0,1,235,Memphis Tigers,American,high,24,100,5,UAB Blazers,American,high,0,77,
2025,2025-01-27,2025-01-27,401724830,reg,0,1,150,Duke Blue Devils,ACC,power,2,74,152,NC State Wolfpack,ACC,power,0,64,
2025,2025-01-27,2025-01-27,401725694,reg,0,1,12,Arizona Wildcats,Big 12,power,0,86,66,Iowa State Cyclones,Big 12,power,3,75,
2025,2025-01-28,2025-01-27,401708354,reg,0,1,2633,Tennessee Volunteers,SEC,power,8,73,96,Kentucky Wildcats,SEC,power,12,78,
2025,2025-01-28,2025-01-27,401708359,reg,0,1,245,Texas A&M Aggies,SEC,power,13,75,201,Oklahoma Sooners,SEC,power,0,68,
2025,2025-01-28,2025-01-27,401719120,reg,0,1,2086,Butler Bulldogs,Big East,high,0,69,269,Marquette Golden Eagles,Big East,high,9,78,
2025,2025-01-28,2025-01-27,401719122,reg,0,1,46,Georgetown Hoyas,Big East,high,0,41,2599,St. John's Red Storm,Big East,high,15,66,
2025,2025-01-28,2025-01-27,401721388,reg,0,1,127,Michigan State Spartans,Big Ten,power,7,73,135,Minnesota Golden Gophers,Big Ten,power,0,51,
2025,2025-01-28,2025-01-27,401724831,reg,0,1,97,Louisville Cardinals,ACC,power,21,72,154,Wake Forest Demon Deacons,ACC,power,0,59,
2025,2025-01-28,2025-01-27,401725697,reg,0,1,2305,Kansas Jayhawks,Big 12,power,11,91,2116,UCF Knights,Big 12,power,0,87,
2025,2025-01-29,2025-01-27,401708356,reg,0,1,99,LSU Tigers,SEC,power,0,74,2,Auburn Tigers,SEC,power,1,87,
2025,2025-01-29,2025-01-27,401708357,reg,0,1,145,Ole Miss Rebels,SEC,power,23,72,251,Texas Longhorns,SEC,power,0,69,
2025,2025-01-29,2025-01-27,401719123,reg,0,1,41,UConn Huskies,Big East,high,25,72,305,DePaul Blue Demons,Big East,high,0,61,
2025,2025-01-29,2025-01-27,401721389,reg,0,1,120,Maryland Terrapins,Big Ten,power,0,76,275,Wisconsin Badgers,Big Ten,power,17,68,
2025,2025-01-29,2025-01-27,401724556,reg,0,1,344,Mississippi State Bulldogs,SEC,power,14,84,333,Alabama Crimson Tide,SEC,power,4,88,
2025,2025-01-29,2025-01-27,401725700,reg,0,1,2641,Texas Tech Red Raiders,Big 12,power,22,71,2628,TCU Horned Frogs,Big 12,power,0,57,
2025,2025-01-29,2025-01-27,401725701,reg,0,1,277,West Virginia Mountaineers,Big 12,power,0,49,248,Houston Cougars,Big 12,power,6,63,
2025,2025-01-30,2025-01-27,401721391,reg,0,1,158,Nebraska Cornhuskers,Big Ten,power,0,80,356,Illinois Fighting Illini,Big Ten,power,18,74,
2025,2025-01-30,2025-01-27,401721393,reg,0,1,26,UCLA Bruins,Big Ten,power,0,78,2483,Oregon Ducks,Big Ten,power,16,52,
2025,2025-01-30,2025-01-27,401725564,reg,0,1,2655,Tulane Green Wave,American,high,0,56,235,Memphis Tigers,American,high,19,68,
2025,2025-01-31,2025-01-27,401721394,reg,0,1,2509,Purdue Boilermakers,Big Ten,power,10,81,84,Indiana Hoosiers,Big Ten,power,0,76,
2025,2025-02-01,2025-01-27,401708360,reg,0,1,333,Alabama Crimson Tide,SEC,power,4,90,61,Georgia Bulldogs,SEC,power,0,69,
2025,2025-02-01,2025-01-27,401708361,reg,0,1,96,Kentucky Wildcats,SEC,power,12,79,8,Arkansas Razorbacks,SEC,power,0,89,
2025,2025-02-01,2025-01-27,401708363,reg,0,1,145,Ole Miss Rebels,SEC,power,23,82,2,Auburn Tigers,SEC,power,1,92,
2025,2025-02-01,2025-01-27,401708364,reg,0,1,344,Mississippi State Bulldogs,SEC,power,14,61,142,Missouri Tigers,SEC,power,20,88,
2025,2025-02-01,2025-01-27,401708365,reg,0,1,2579,South Carolina Gamecocks,SEC,power,0,72,245,Texas A&M Aggies,SEC,power,13,76,
2025,2025-02-01,2025-01-27,401708366,reg,0,1,2633,Tennessee Volunteers,SEC,power,8,64,57,Florida Gators,SEC,power,5,44,
2025,2025-02-01,2025-01-27,401708367,reg,0,1,201,Oklahoma Sooners,SEC,power,0,97,238,Vanderbilt Commodores,SEC,power,24,67,
2025,2025-02-01,2025-01-27,401719127,reg,0,1,2599,St. John's Red Storm,Big East,high,15,68,2507,Providence Friars,Big East,high,0,66,
2025,2025-02-01,2025-01-27,401719128,reg,0,1,269,Marquette Golden Eagles,Big East,high,9,69,41,UConn Huskies,Big East,high,25,77,
2025,2025-02-01,2025-01-27,401721396,reg,0,1,77,Northwestern Wildcats,Big Ten,power,0,69,275,Wisconsin Badgers,Big Ten,power,17,75,
2025,2025-02-01,2025-01-27,401721398,reg,0,1,30,USC Trojans,Big Ten,power,0,70,127,Michigan State Spartans,Big Ten,power,7,64,
2025,2025-02-01,2025-01-27,401724841,reg,0,1,59,Georgia Tech Yellow Jackets,ACC,power,0,77,97,Louisville Cardinals,ACC,power,21,70,
2025,2025-02-01,2025-01-27,401724844,reg,0,1,150,Duke Blue Devils,ACC,power,2,87,153,North Carolina Tar Heels,ACC,power,0,70,
2025,2025-02-01,2025-01-27,401725705,reg,0,1,239,Baylor Bears,Big 12,power,0,81,2305,Kansas Jayhawks,Big 12,power,11,70,
2025,2025-02-01,2025-01-27,401725706,reg,0,1,66,Iowa State Cyclones,Big 12,power,3,61,2306,Kansas State Wildcats,Big 12,power,0,80,
2025,2025-02-01,2025-01-27,401725707,reg,0,1,248,Houston Cougars,Big 12,power,6,81,2641,Texas Tech Red Raiders,Big 12,power,22,82,
2025,2025-02-02,2025-01-27,401721399,reg,0,1,356,Illinois Fighting Illini,Big Ten,power,18,87,194,Ohio State Buckeyes,Big Ten,power,0,79,
2025,2025-02-02,2025-01-27,401721400,reg,0,1,2483,Oregon Ducks,Big Ten,power,16,71,158,Nebraska Cornhuskers,Big Ten,power,0,77,
2025,2025-02-02,2025-01-27,401725569,reg,0,1,242,Rice Owls,American,high,0,83,235,Memphis Tigers,American,high,19,86,
2025,2025-02-03,2025-02-03,401725710,reg,0,1,2305,Kansas Jayhawks,Big 12,power,16,69,66,Iowa State Cyclones,Big 12,power,8,52,
2025,2025-02-04,2025-02-03,401708368,reg,0,1,2,Auburn Tigers,SEC,power,1,98,201,Oklahoma Sooners,SEC,power,0,70,
2025,2025-02-04,2025-02-03,401708369,reg,0,1,57,Florida Gators,SEC,power,6,86,238,Vanderbilt Commodores,SEC,power,0,75,
2025,2025-02-04,2025-02-03,401708371,reg,0,1,145,Ole Miss Rebels,SEC,power,25,98,96,Kentucky Wildcats,SEC,power,14,84,
2025,2025-02-04,2025-02-03,401719131,reg,0,1,2599,St. John's Red Storm,Big East,high,12,70,269,Marquette Golden Eagles,Big East,high,11,64,
2025,2025-02-04,2025-02-03,401721401,reg,0,1,2294,Iowa Hawkeyes,Big Ten,power,0,81,2509,Purdue Boilermakers,Big Ten,power,7,90,
2025,2025-02-04,2025-02-03,401721404,reg,0,1,26,UCLA Bruins,Big Ten,power,0,63,127,Michigan State Spartans,Big Ten,power,9,61,
2025,2025-02-04,2025-02-03,401721405,reg,0,1,275,Wisconsin Badgers,Big Ten,power,21,76,84,Indiana Hoosiers,Big Ten,power,0,64,
2025,2025-02-04,2025-02-03,401725711,reg,0,1,252,BYU Cougars,Big 12,power,0,74,12,Arizona Wildcats,Big 12,power,20,85,
2025,2025-02-04,2025-02-03,401725712,reg,0,1,248,Houston Cougars,Big 12,power,5,72,197,Oklahoma State Cowboys,Big 12,power,0,63,
2025,2025-02-04,2025-02-03,401725713,reg,0,1,2641,Texas Tech Red Raiders,Big 12,power,13,73,239,Baylor Bears,Big 12,power,0,59,
2025,2025-02-05,2025-02-03,401708372,reg,0,1,2633,Tennessee Volunteers,SEC,power,4,85,142,Missouri Tigers,SEC,power,15,81,
2025,2025-02-05,2025-02-03,401721406,reg,0,1,130,Michigan Wolverines,Big Ten,power,24,80,2483,Oregon Ducks,Big Ten,power,0,76,
2025,2025-02-05,2025-02-03,401721407,reg,0,1,164,Rutgers Scarlet Knights,Big Ten,power,0,82,356,Illinois Fighting Illini,Big Ten,power,23,73,
2025,2025-02-05,2025-02-03,401724850,reg,0,1,183,Syracuse Orange,ACC,power,0,54,150,Duke Blue Devils,ACC,power,2,83,
2025,2025-02-05,2025-02-03,401725573,reg,0,1,235,Memphis Tigers,American,high,17,83,202,Tulsa Golden Hurricane,American,high,0,71,
2025,2025-02-06,2025-02-03,401721409,reg,0,1,194,Ohio State Buckeyes,Big Ten,power,0,73,120,Maryland Terrapins,Big Ten,power,18,70,
2025,2025-02-07,2025-02-03,401719135,reg,0,1,41,UConn Huskies,Big East,high,19,62,2599,St. John's Red Storm,Big East,high,12,68,
2025,2025-02-07,2025-02-03,401721410,reg,0,1,2509,Purdue Boilermakers,Big Ten,power,7,90,30,USC Trojans,Big Ten,power,0,72,
2025,2025-02-08,2025-02-03,401708374,reg,0,1,8,Arkansas Razorbacks,SEC,power,0,81,333,Alabama Crimson Tide,SEC,power,3,85,
2025,2025-02-08,2025-02-03,401708375,reg,0,1,2,Auburn Tigers,SEC,power,1,81,57,Florida Gators,SEC,power,6,90,
2025,2025-02-08,2025-02-03,401708376,reg,0,1,61,Georgia Bulldogs,SEC,power,0,75,344,Mississippi State Bulldogs,SEC,power,22,76,
2025,2025-02-08,2025-02-03,401708377,reg,0,1,96,Kentucky Wildcats,SEC,power,14,80,2579,South Carolina Gamecocks,SEC,power,0,57,
2025,2025-02-08,2025-02-03,401708378,reg,0,1,99,LSU Tigers,SEC,power,0,70,145,Ole Miss Rebels,SEC,power,25,72,
2025,2025-02-08,2025-02-03,401708379,reg,0,1,142,Missouri Tigers,SEC,power,15,64,245,Texas A&M Aggies,SEC,power,10,67,
2025,2025-02-08,2025-02-03,401708381,reg,0,1,201,Oklahoma Sooners,SEC,power,0,52,2633,Tennessee Volunteers,SEC,power,4,70,
2025,2025-02-08,2025-02-03,401719138,reg,0,1,156,Creighton Bluejays,Big East,high,0,77,269,Marquette Golden Eagles,Big East,high,11,67,
2025,2025-02-08,2025-02-03,401721411,reg,0,1,84,Indiana Hoosiers,Big Ten,power,0,67,130,Michigan Wolverines,Big Ten,power,24,70,
2025,2025-02-08,2025-02-03,401721412,reg,0,1,2294,Iowa Hawkeyes,Big Ten,power,0,63,275,Wisconsin Badgers,Big Ten,power,21,74,
2025,2025-02-08,2025-02-03,401721413,reg,0,1,127,Michigan State Spartans,Big Ten,power,9,86,2483,Oregon Ducks,Big Ten,power,0,74,
2025,2025-02-08,2025-02-03,401721414,reg,0,1,135,Minnesota Golden Gophers,Big Ten,power,0,74,356,Illinois Fighting Illini,Big Ten,power,23,95,
2025,2025-02-08,2025-02-03,401724861,reg,0,1,228,Clemson Tigers,ACC,power,0,77,150,Duke Blue Devils,ACC,power,2,71,
2025,2025-02-08,2025-02-03,401725720,reg,0,1,2306,Kansas State Wildcats,Big 12,power,0,81,2305,Kansas Jayhawks,Big 12,power,16,73,
2025,2025-02-08,2025-02-03,401725721,reg,0,1,12,Arizona Wildcats,Big 12,power,20,82,2641,Texas Tech Red Raiders,Big 12,power,13,73,
2025,2025-02-08,2025-02-03,401725722,reg,0,1,66,Iowa State Cyclones,Big 12,power,8,82,2628,TCU Horned Frogs,Big 12,power,0,52,
2025,2025-02-08,2025-02-03,401725723,reg,0,1,38,Colorado Buffaloes,Big 12,power,0,59,248,Houston Cougars,Big 12,power,5,69,
2025,2025-02-09,2025-02-03,401721417,reg,0,1,120,Maryland Terrapins,Big Ten,power,18,90,164,Rutgers Scarlet Knights,Big Ten,power,0,81,
2025,2025-02-09,2025-02-03,401725581,reg,0,1,235,Memphis Tigers,American,high,17,90,218,Temple Owls,American,high,0,82,
2025,2025-02-10,2025-02-10,401724863,reg,0,1,228,Clemson Tigers,ACC,power,23,85,153,North Carolina Tar Heels,ACC,power,0,65,
2025,2025-02-10,2025-02-10,401725726,reg,0,1,248,Houston Cougars,Big 12,power,6,76,239,Baylor Bears,Big 12,power,0,65,
2025,2025-02-11,2025-02-10,401708383,reg,0,1,96,Kentucky Wildcats,SEC,power,15,75,2633,Tennessee Volunteers,SEC,power,5,64,
2025,2025-02-11,2025-02-10,401708384,reg,0,1,344,Mississippi State Bulldogs,SEC,power,22,68,57,Florida Gators,SEC,power,3,81,
2025,2025-02-11,2025-02-10,401708387,reg,0,1,245,Texas A&M Aggies,SEC,power,8,69,61,Georgia Bulldogs,SEC,power,0,53,
2025,2025-02-11,2025-02-10,401708388,reg,0,1,238,Vanderbilt Commodores,SEC,power,0,68,2,Auburn Tigers,SEC,power,1,80,
2025,2025-02-11,2025-02-10,401708389,reg,0,1,251,Texas Longhorns,SEC,power,0,80,333,Alabama Crimson Tide,SEC,power,2,103,
2025,2025-02-11,2025-02-10,401719140,reg,0,1,269,Marquette Golden Eagles,Big East,high,18,68,305,DePaul Blue Demons,Big East,high,0,58,
2025,2025-02-11,2025-02-10,401719141,reg,0,1,156,Creighton Bluejays,Big East,high,24,66,41,UConn Huskies,Big East,high,0,70,
2025,2025-02-11,2025-02-10,401721420,reg,0,1,130,Michigan Wolverines,Big Ten,power,20,75,2509,Purdue Boilermakers,Big Ten,power,7,73,
2025,2025-02-11,2025-02-10,401721421,reg,0,1,127,Michigan State Spartans,Big Ten,power,11,67,84,Indiana Hoosiers,Big Ten,power,0,71,
2025,2025-02-11,2025-02-10,401725727,reg,0,1,2306,Kansas State Wildcats,Big 12,power,0,73,12,Arizona Wildcats,Big 12,power,13,70,
2025,2025-02-11,2025-02-10,401725730,reg,0,1,2305,Kansas Jayhawks,Big 12,power,17,71,38,Colorado Buffaloes,Big 12,power,0,59,
2025,2025-02-11,2025-02-10,401725731,reg,0,1,2116,UCF Knights,Big 12,power,0,65,66,Iowa State Cyclones,Big 12,power,10,77,
2025,2025-02-12,2025-02-10,401708385,reg,0,1,142,Missouri Tigers,SEC,power,21,82,201,Oklahoma Sooners,SEC,power,0,58,
2025,2025-02-12,2025-02-10,401708386,reg,0,1,2579,South Carolina Gamecocks,SEC,power,0,68,145,Ole Miss Rebels,SEC,power,19,72,
2025,2025-02-12,2025-02-10,401719143,reg,0,1,222,Villanova Wildcats,Big East,high,0,73,2599,St. John's Red Storm,Big East,high,9,71,
2025,2025-02-12,2025-02-10,401724870,reg,0,1,150,Duke Blue Devils,ACC,power,3,78,25,California Golden Bears,ACC,power,0,57,
2025,2025-02-12,2025-02-10,401725732,reg,0,1,2641,Texas Tech Red Raiders,Big 12,power,12,111,9,Arizona State Sun Devils,Big 12,power,0,106,
2025,2025-02-13,2025-02-10,401721426,reg,0,1,158,Nebraska Cornhuskers,Big Ten,power,0,75,120,Maryland Terrapins,Big Ten,power,25,83,
2025,2025-02-13,2025-02-10,401725588,reg,0,1,58,South Florida Bulls,American,high,0,65,235,Memphis Tigers,American,high,14,80,
2025,2025-02-15,2025-02-10,401708390,reg,0,1,333,Alabama Crimson Tide,SEC,power,2,85,2,Auburn Tigers,SEC,power,1,94,
2025,2025-02-15,2025-02-10,401708391,reg,0,1,57,Florida Gators,SEC,power,3,88,2579,South Carolina Gamecocks,SEC,power,0,67,
2025,2025-02-15,2025-02-10,401708392,reg,0,1,61,Georgia Bulldogs,SEC,power,0,74,142,Missouri Tigers,SEC,power,21,87,
2025,2025-02-15,2025-02-10,401708393,reg,0,1,145,Ole Miss Rebels,SEC,power,19,71,344,Mississippi State Bulldogs,SEC,power,22,81,
2025,2025-02-15,2025-02-10,401708394,reg,0,1,2633,Tennessee Volunteers,SEC,power,5,81,238,Vanderbilt Commodores,SEC,power,0,76,
2025,2025-02-15,2025-02-10,401708395,reg,0,1,245,Texas A&M Aggies,SEC,power,8,69,8,Arkansas Razorbacks,SEC,power,0,61,
2025,2025-02-15,2025-02-10,401708396,reg,0,1,251,Texas Longhorns,SEC,power,0,82,96,Kentucky Wildcats,SEC,power,15,78,
2025,2025-02-15,2025-02-10,401721428,reg,0,1,356,Illinois Fighting Illini,Big Ten,power,0,65,127,Michigan State Spartans,Big Ten,power,11,79,
2025,2025-02-15,2025-02-10,401721430,reg,0,1,2509,Purdue Boilermakers,Big Ten,power,7,84,275,Wisconsin Badgers,Big Ten,power,16,94,
2025,2025-02-15,2025-02-10,401724877,reg,0,1,52,Florida State Seminoles,ACC,power,0,46,228,Clemson Tigers,ACC,power,23,72,
2025,2025-02-15,2025-02-10,401724878,reg,0,1,150,Duke Blue Devils,ACC,power,3,106,24,Stanford Cardinal,ACC,power,0,70,
2025,2025-02-15,2025-02-10,401725734,reg,0,1,254,Utah Utes,Big 12,power,0,74,2305,Kansas Jayhawks,Big 12,power,17,67,
2025,2025-02-15,2025-02-10,401725736,reg,0,1,197,Oklahoma State Cowboys,Big 12,power,0,55,2641,Texas Tech Red Raiders,Big 12,power,12,93,
2025,2025-02-15,2025-02-10,401725738,reg,0,1,12,Arizona Wildcats,Big 12,power,13,58,248,Houston Cougars,Big 12,power,6,62,
2025,2025-02-15,2025-02-10,401725741,reg,0,1,66,Iowa State Cyclones,Big 12,power,10,81,2132,Cincinnati Bearcats,Big 12,power,0,70,
2025,2025-02-16,2025-02-10,401719148,reg,0,1,2599,St. John's Red Storm,Big East,high,9,79,156,Creighton Bluejays,Big East,high,24,73,
2025,2025-02-16,2025-02-10,401721432,reg,0,1,120,Maryland Terrapins,Big Ten,power,25,101,2294,Iowa Hawkeyes,Big Ten,power,0,75,
2025,2025-02-16,2025-02-10,401721434,reg,0,1,194,Ohio State Buckeyes,Big Ten,power,0,83,130,Michigan Wolverines,Big Ten,power,20,86,
2025,2025-02-16,2025-02-10,401725594,reg,0,1,2724,Wichita State Shockers,American,high,0,84,235,Memphis Tigers,American,high,14,79,
2025,2025-02-17,2025-02-17,401724880,reg,0,1,258,Virginia Cavaliers,ACC,power,0,62,150,Duke Blue Devils,ACC,power,3,80,
2025,2025-02-17,2025-02-17,401725742,reg,0,1,239,Baylor Bears,Big 12,power,0,67,12,Arizona Wildcats,Big 12,power,19,74,
2025,2025-02-18,2025-02-17,401708399,reg,0,1,57,Florida Gators,SEC,power,2,85,201,Oklahoma Sooners,SEC,power,0,63,
2025,2025-02-18,2025-02-17,401708402,reg,0,1,344,Mississippi State Bulldogs,SEC,power,21,70,245,Texas A&M Aggies,SEC,power,7,54,
2025,2025-02-18,2025-02-17,401719151,reg,0,1,269,Marquette Golden Eagles,Big East,high,16,80,2550,Seton Hall Pirates,Big East,high,0,56,
2025,2025-02-18,2025-02-17,401721436,reg,0,1,127,Michigan State Spartans,Big Ten,power,14,75,2509,Purdue Boilermakers,Big Ten,power,13,66,
2025,2025-02-18,2025-02-17,401721438,reg,0,1,275,Wisconsin Badgers,Big Ten,power,11,95,356,Illinois Fighting Illini,Big Ten,power,0,74,
2025,2025-02-18,2025-02-17,401725744,reg,0,1,2628,TCU Horned Frogs,Big 12,power,0,69,2641,Texas Tech Red Raiders,Big 12,power,9,66,
2025,2025-02-18,2025-02-17,401725745,reg,0,1,9,Arizona State Sun Devils,Big 12,power,0,65,248,Houston Cougars,Big 12,power,5,80,
2025,2025-02-18,2025-02-17,401725746,reg,0,1,252,BYU Cougars,Big 12,power,0,91,2305,Kansas Jayhawks,Big 12,power,23,57,
2025,2025-02-18,2025-02-17,401725747,reg,0,1,66,Iowa State Cyclones,Big 12,power,8,79,38,Colorado Buffaloes,Big 12,power,0,65,
2025,2025-02-19,2025-02-17,401708398,reg,0,1,2,Auburn Tigers,SEC,power,1,67,8,Arkansas Razorbacks,SEC,power,0,60,
2025,2025-02-19,2025-02-17,401708400,reg,0,1,96,Kentucky Wildcats,SEC,power,17,82,238,Vanderbilt Commodores,SEC,power,0,61,
2025,2025-02-19,2025-02-17,401708403,reg,0,1,142,Missouri Tigers,SEC,power,15,110,333,Alabama Crimson Tide,SEC,power,4,98,
2025,2025-02-19,2025-02-17,401719152,reg,0,1,305,DePaul Blue Demons,Big East,high,0,58,2599,St. John's Red Storm,Big East,high,10,82,
2025,2025-02-20,2025-02-17,401721442,reg,0,1,120,Maryland Terrapins,Big Ten,power,20,88,30,USC Trojans,Big Ten,power,0,71,
2025,2025-02-21,2025-02-17,401719154,reg,0,1,222,Villanova Wildcats,Big East,high,0,81,269,Marquette Golden Eagles,Big East,high,16,66,
2025,2025-02-21,2025-02-17,401721444,reg,0,1,130,Michigan Wolverines,Big Ten,power,12,62,127,Michigan State Spartans,Big Ten,power,14,75,
2025,2025-02-22,2025-02-17,401707856,reg,1,0,356,Illinois Fighting Illini,Big Ten,power,0,67,150,Duke Blue Devils,ACC,power,3,110,
2025,2025-02-22,2025-02-17,401708404,reg,0,1,333,Alabama Crimson Tide,SEC,power,4,96,96,Kentucky Wildcats,SEC,power,17,83,
2025,2025-02-22,2025-02-17,401708405,reg,0,1,8,Arkansas Razorbacks,SEC,power,0,92,142,Missouri Tigers,SEC,power,15,85,
2025,2025-02-22,2025-02-17,401708406,reg,0,1,2,Auburn Tigers,SEC,power,1,82,61,Georgia Bulldogs,SEC,power,0,70,
2025,2025-02-22,2025-02-17,401708407,reg,0,1,99,LSU Tigers,SEC,power,0,65,57,Florida Gators,SEC,power,2,79,
2025,2025-02-22,2025-02-17,401708409,reg,0,1,245,Texas A&M Aggies,SEC,power,7,69,2633,Tennessee Volunteers,SEC,power,6,77,
2025,2025-02-22,2025-02-17,401708410,reg,0,1,238,Vanderbilt Commodores,SEC,power,0,77,145,Ole Miss Rebels,SEC,power,24,72,
2025,2025-02-22,2025-02-17,401708411,reg,0,1,201,Oklahoma Sooners,SEC,power,0,93,344,Mississippi State Bulldogs,SEC,power,21,87,
2025,2025-02-22,2025-02-17,401721447,reg,0,1,275,Wisconsin Badgers,Big Ten,power,11,73,2483,Oregon Ducks,Big Ten,power,0,77,
2025,2025-02-22,2025-02-17,401724887,reg,0,1,2567,SMU Mustangs,ACC,power,0,69,228,Clemson Tigers,ACC,power,18,79,
2025,2025-02-22,2025-02-17,401724891,reg,0,1,97,Louisville Cardinals,ACC,power,25,89,52,Florida State Seminoles,ACC,power,0,81,
2025,2025-02-22,2025-02-17,401725750,reg,0,1,12,Arizona Wildcats,Big 12,power,19,95,252,BYU Cougars,Big 12,power,0,96,
2025,2025-02-22,2025-02-17,401725751,reg,0,1,248,Houston Cougars,Big 12,power,5,68,66,Iowa State Cyclones,Big 12,power,8,59,
2025,2025-02-22,2025-02-17,401725752,reg,0,1,2305,Kansas Jayhawks,Big 12,power,23,96,197,Oklahoma State Cowboys,Big 12,power,0,64,
2025,2025-02-22,2025-02-17,401725755,reg,0,1,2641,Texas Tech Red Raiders,Big 12,power,9,73,277,West Virginia Mountaineers,Big 12,power,0,51,
2025,2025-02-23,2025-02-17,401719156,reg,0,1,2599,St. John's Red Storm,Big East,high,10,89,41,UConn Huskies,Big East,high,0,75,
2025,2025-02-23,2025-02-17,401721448,reg,0,1,84,Indiana Hoosiers,Big Ten,power,0,73,2509,Purdue Boilermakers,Big Ten,power,13,58,
2025,2025-02-23,2025-02-17,401725606,reg,0,1,235,Memphis Tigers,American,high,22,84,2226,Florida Atlantic Owls,American,high,0,65,
2025,2025-02-24,2025-02-24,401721451,reg,0,1,158,Nebraska Cornhuskers,Big Ten,power,0,46,130,Michigan Wolverines,Big Ten,power,15,49,
2025,2025-02-24,2025-02-24,401725758,reg,0,1,2641,Texas Tech Red Raiders,Big 12,power,10,61,248,Houston Cougars,Big 12,power,4,69,
2025,2025-02-25,2025-02-24,401708412,reg,0,1,142,Missouri Tigers,SEC,power,14,101,2579,South Carolina Gamecocks,SEC,power,0,71,
2025,2025-02-25,2025-02-24,401708413,reg,0,1,333,Alabama Crimson Tide,SEC,power,6,111,344,Mississippi State Bulldogs,SEC,power,24,73,
2025,2025-02-25,2025-02-24,401708416,reg,0,1,61,Georgia Bulldogs,SEC,power,0,88,57,Florida Gators,SEC,power,3,83,
2025,2025-02-25,2025-02-24,401708417,reg,0,1,99,LSU Tigers,SEC,power,0,59,2633,Tennessee Volunteers,SEC,power,5,65,
2025,2025-02-25,2025-02-24,401719159,reg,0,1,269,Marquette Golden Eagles,Big East,high,21,82,2507,Providence Friars,Big East,high,0,52,
2025,2025-02-25,2025-02-24,401721454,reg,0,1,275,Wisconsin Badgers,Big Ten,power,11,88,264,Washington Huskies,Big Ten,power,0,62,
2025,2025-02-25,2025-02-24,401724895,reg,0,1,2390,Miami Hurricanes,ACC,power,0,60,150,Duke Blue Devils,ACC,power,2,97,
2025,2025-02-25,2025-02-24,401724897,reg,0,1,259,Virginia Tech Hokies,ACC,power,0,66,97,Louisville Cardinals,ACC,power,19,71,
2025,2025-02-25,2025-02-24,401725760,reg,0,1,197,Oklahoma State Cowboys,Big 12,power,0,74,66,Iowa State Cyclones,Big 12,power,9,68,
2025,2025-02-26,2025-02-24,401708415,reg,0,1,2,Auburn Tigers,SEC,power,1,106,145,Ole Miss Rebels,SEC,power,0,76,
2025,2025-02-26,2025-02-24,401708418,reg,0,1,245,Texas A&M Aggies,SEC,power,12,84,238,Vanderbilt Commodores,SEC,power,0,86,
2025,2025-02-26,2025-02-24,401708419,reg,0,1,201,Oklahoma Sooners,SEC,power,0,82,96,Kentucky Wildcats,SEC,power,17,83,
2025,2025-02-26,2025-02-24,401719161,reg,0,1,2086,Butler Bulldogs,Big East,high,0,70,2599,St. John's Red Storm,Big East,high,7,76,
2025,2025-02-26,2025-02-24,401721456,reg,0,1,120,Maryland Terrapins,Big Ten,power,16,55,127,Michigan State Spartans,Big Ten,power,8,58,
2025,2025-02-26,2025-02-24,401724898,reg,0,1,228,Clemson Tigers,ACC,power,13,83,87,Notre Dame Fighting Irish,ACC,power,0,68,
2025,2025-02-26,2025-02-24,401725609,reg,0,1,235,Memphis Tigers,American,high,18,84,242,Rice Owls,American,high,0,72,
2025,2025-02-26,2025-02-24,401725763,reg,0,1,9,Arizona State Sun Devils,Big 12,power,0,81,252,BYU Cougars,Big 12,power,25,91,
2025,2025-02-26,2025-02-24,401725764,reg,0,1,12,Arizona Wildcats,Big 12,power,22,83,254,Utah Utes,Big 12,power,0,66,
2025,2025-02-27,2025-02-24,401706754,reg,0,1,2351,Loyola Marymount Lions,WCC,high,0,55,2608,Saint Mary's Gaels,WCC,high,23,58,
2025,2025-02-27,2025-02-24,401721458,reg,0,1,130,Michigan Wolverines,Big Ten,power,15,84,164,Rutgers Scarlet Knights,Big Ten,power,0,82,
2025,2025-02-28,2025-02-24,401721460,reg,0,1,2509,Purdue Boilermakers,Big Ten,power,20,76,26,UCLA Bruins,Big Ten,power,0,66,
2025,2025-03-01,2025-02-24,401706760,reg,0,1,2608,Saint Mary's Gaels,WCC,high,23,74,204,Oregon State Beavers,WCC,high,0,64,
2025,2025-03-01,2025-02-24,401708420,reg,0,1,57,Florida Gators,SEC,power,3,89,245,Texas A&M Aggies,SEC,power,12,70,
2025,2025-03-01,2025-02-24,401708421,reg,0,1,96,Kentucky Wildcats,SEC,power,17,78,2,Auburn Tigers,SEC,power,1,94,
2025,2025-03-01,2025-02-24,401708423,reg,0,1,344,Mississippi State Bulldogs,SEC,power,24,81,99,LSU Tigers,SEC,power,0,69,
2025,2025-03-01,2025-02-24,401708425,reg,0,1,2633,Tennessee Volunteers,SEC,power,5,79,333,Alabama Crimson Tide,SEC,power,6,76,
2025,2025-03-01,2025-02-24,401708426,reg,0,1,238,Vanderbilt Commodores,SEC,power,0,97,142,Missouri Tigers,SEC,power,14,93,
2025,2025-03-01,2025-02-24,401719169,reg,0,1,2599,St. John's Red Storm,Big East,high,7,71,2550,Seton Hall Pirates,Big East,high,0,61,
2025,2025-03-01,2025-02-24,401719170,reg,0,1,46,Georgetown Hoyas,Big East,high,0,61,269,Marquette Golden Eagles,Big East,high,21,76,
2025,2025-03-01,2025-02-24,401721463,reg,0,1,213,Penn State Nittany Lions,Big Ten,power,0,64,120,Maryland Terrapins,Big Ten,power,16,68,
2025,2025-03-01,2025-02-24,401724905,reg,0,1,150,Duke Blue Devils,ACC,power,2,100,52,Florida State Seminoles,ACC,power,0,65,
2025,2025-03-01,2025-02-24,401724910,reg,0,1,97,Louisville Cardinals,ACC,power,19,79,221,Pittsburgh Panthers,ACC,power,0,68,
2025,2025-03-01,2025-02-24,401724911,reg,0,1,258,Virginia Cavaliers,ACC,power,0,58,228,Clemson Tigers,ACC,power,13,71,
2025,2025-03-01,2025-02-24,401725766,reg,0,1,66,Iowa State Cyclones,Big 12,power,9,84,12,Arizona Wildcats,Big 12,power,22,67,
2025,2025-03-01,2025-02-24,401725768,reg,0,1,2305,Kansas Jayhawks,Big 12,power,0,73,2641,Texas Tech Red Raiders,Big 12,power,10,78,
2025,2025-03-01,2025-02-24,401725770,reg,0,1,248,Houston Cougars,Big 12,power,4,73,2132,Cincinnati Bearcats,Big 12,power,0,64,
2025,2025-03-01,2025-02-24,401725771,reg,0,1,252,BYU Cougars,Big 12,power,25,77,277,West Virginia Mountaineers,Big 12,power,0,56,
2025,2025-03-02,2025-02-24,401721465,reg,0,1,130,Michigan Wolverines,Big Ten,power,15,73,356,Illinois Fighting Illini,Big Ten,power,0,93,
2025,2025-03-02,2025-02-24,401721466,reg,0,1,127,Michigan State Spartans,Big Ten,power,8,71,275,Wisconsin Badgers,Big Ten,power,11,62,
2025,2025-03-02,2025-02-24,401725616,reg,0,1,5,UAB Blazers,American,high,0,81,235,Memphis Tigers,American,high,18,88,
2025,2025-03-03,2025-03-03,401724912,reg,0,1,150,Duke Blue Devils,ACC,power,2,93,154,Wake Forest Demon Deacons,ACC,power,0,60,
2025,2025-03-03,2025-03-03,401725774,reg,0,1,248,Houston Cougars,Big 12,power,3,65,2305,Kansas Jayhawks,Big 12,power,0,59,
2025,2025-03-04,2025-03-03,401708429,reg,0,1,96,Kentucky Wildcats,SEC,power,19,95,99,LSU Tigers,SEC,power,0,64,
2025,2025-03-04,2025-03-03,401708431,reg,0,1,344,Mississippi State Bulldogs,SEC,power,25,82,251,Texas Longhorns,SEC,power,0,87,
2025,2025-03-04,2025-03-03,401708433,reg,0,1,245,Texas A&M Aggies,SEC,power,22,83,2,Auburn Tigers,SEC,power,1,72,
2025,2025-03-04,2025-03-03,401721470,reg,0,1,2509,Purdue Boilermakers,Big Ten,power,18,100,164,Rutgers Scarlet Knights,Big Ten,power,0,71,
2025,2025-03-04,2025-03-03,401725618,reg,0,1,2636,UTSA Roadrunners,American,high,0,70,235,Memphis Tigers,American,high,16,75,
2025,2025-03-04,2025-03-03,401725775,reg,0,1,12,Arizona Wildcats,Big 12,power,24,113,9,Arizona State Sun Devils,Big 12,power,0,100,
2025,2025-03-04,2025-03-03,401725776,reg,0,1,66,Iowa State Cyclones,Big 12,power,10,85,252,BYU Cougars,Big 12,power,23,88,
2025,2025-03-05,2025-03-03,401708428,reg,0,1,333,Alabama Crimson Tide,SEC,power,7,94,57,Florida Gators,SEC,power,5,99,
2025,2025-03-05,2025-03-03,401708430,reg,0,1,145,Ole Miss Rebels,SEC,power,0,78,2633,Tennessee Volunteers,SEC,power,4,76,
2025,2025-03-05,2025-03-03,401708435,reg,0,1,201,Oklahoma Sooners,SEC,power,0,96,142,Missouri Tigers,SEC,power,15,84,
2025,2025-03-05,2025-03-03,401719171,reg,0,1,41,UConn Huskies,Big East,high,0,72,269,Marquette Golden Eagles,Big East,high,20,66,
2025,2025-03-05,2025-03-03,401721471,reg,0,1,130,Michigan Wolverines,Big Ten,power,17,65,120,Maryland Terrapins,Big Ten,power,13,71,
2025,2025-03-05,2025-03-03,401721472,reg,0,1,135,Minnesota Golden Gophers,Big Ten,power,0,67,275,Wisconsin Badgers,Big Ten,power,12,74,
2025,2025-03-05,2025-03-03,401724917,reg,0,1,103,Boston College Eagles,ACC,power,0,69,228,Clemson Tigers,ACC,power,11,78,
2025,2025-03-05,2025-03-03,401724919,reg,0,1,97,Louisville Cardinals,ACC,power,14,85,25,California Golden Bears,ACC,power,0,68,
2025,2025-03-05,2025-03-03,401725779,reg,0,1,2641,Texas Tech Red Raiders,Big 12,power,9,91,38,Colorado Buffaloes,Big 12,power,0,75,
2025,2025-03-06,2025-03-03,401721474,reg,0,1,2294,Iowa Hawkeyes,Big Ten,power,0,84,127,Michigan State Spartans,Big Ten,power,8,91,
2025,2025-03-07,2025-03-03,401721475,reg,0,1,356,Illinois Fighting Illini,Big Ten,power,0,88,2509,Purdue Boilermakers,Big Ten,power,18,80,
2025,2025-03-07,2025-03-03,401725624,reg,0,1,235,Memphis Tigers,American,high,16,84,58,South Florida Bulls,American,high,0,68,
2025,2025-03-08,2025-03-03,401708436,reg,0,1,8,Arkansas Razorbacks,SEC,power,0,93,344,Mississippi State Bulldogs,SEC,power,25,92,
2025,2025-03-08,2025-03-03,401708437,reg,0,1,2,Auburn Tigers,SEC,power,1,91,333,Alabama Crimson Tide,SEC,power,7,93,
2025,2025-03-08,2025-03-03,401708438,reg,0,1,57,Florida Gators,SEC,power,5,90,145,Ole Miss Rebels,SEC,power,0,71,
2025,2025-03-08,2025-03-03,401708440,reg,0,1,99,LSU Tigers,SEC,power,0,52,245,Texas A&M Aggies,SEC,power,22,66,
2025,2025-03-08,2025-03-03,401708441,reg,0,1,142,Missouri Tigers,SEC,power,15,83,96,Kentucky Wildcats,SEC,power,19,91,
2025,2025-03-08,2025-03-03,401719193,reg,0,1,269,Marquette Golden Eagles,Big East,high,20,84,2599,St. John's Red Storm,Big East,high,6,86,
2025,2025-03-08,2025-03-03,401721477,reg,0,1,120,Maryland Terrapins,Big Ten,power,13,74,77,Northwestern Wildcats,Big Ten,power,0,61,
2025,2025-03-08,2025-03-03,401721479,reg,0,1,275,Wisconsin Badgers,Big Ten,power,12,75,213,Penn State Nittany Lions,Big Ten,power,0,86,
2025,2025-03-08,2025-03-03,401724922,reg,0,1,153,North Carolina Tar Heels,ACC,power,0,69,150,Duke Blue Devils,ACC,power,2,82,
2025,2025-03-08,2025-03-03,401724926,reg,0,1,97,Louisville Cardinals,ACC,power,14,68,24,Stanford Cardinal,ACC,power,0,48,
2025,2025-03-08,2025-03-03,401724929,reg,0,1,228,Clemson Tigers,ACC,power,11,65,259,Virginia Tech Hokies,ACC,power,0,47,
2025,2025-03-08,2025-03-03,401725782,reg,0,1,2305,Kansas Jayhawks,Big 12,power,0,83,12,Arizona Wildcats,Big 12,power,24,76,
2025,2025-03-08,2025-03-03,401725783,reg,0,1,252,BYU Cougars,Big 12,power,23,85,254,Utah Utes,Big 12,power,0,74,
2025,2025-03-08,2025-03-03,401725784,reg,0,1,2306,Kansas State Wildcats,Big 12,power,0,57,66,Iowa State Cyclones,Big 12,power,10,73,
2025,2025-03-08,2025-03-03,401725785,reg,0,1,9,Arizona State Sun Devils,Big 12,power,0,57,2641,Texas Tech Red Raiders,Big 12,power,9,85,
2025,2025-03-08,2025-03-03,401725787,reg,0,1,239,Baylor Bears,Big 12,power,0,61,248,Houston Cougars,Big 12,power,3,65,
2025,2025-03-08,2025-03-03,401729827,reg,0,1,2633,Tennessee Volunteers,SEC,power,4,75,2579,South Carolina Gamecocks,SEC,power,0,65,
2025,2025-03-09,2025-03-03,401721480,reg,0,1,127,Michigan State Spartans,Big Ten,power,8,79,130,Michigan Wolverines,Big Ten,power,17,62,
2025,2025-03-10,2025-03-10,401744264,reg,1,1,2608,Saint Mary's Gaels,WCC,high,19,74,2492,Pepperdine Waves,WCC,high,0,59,West Coast Conference Tournament - Semifinal
2025,2025-03-11,2025-03-10,401744266,reg,1,1,2608,Saint Mary's Gaels,WCC,high,19,51,2250,Gonzaga Bulldogs,WCC,high,0,58,West Coast Conference Tournament - Final
2025,2025-03-12,2025-03-10,401743845,reg,1,1,66,Iowa State Cyclones,Big 12,power,12,76,2132,Cincinnati Bearcats,Big 12,power,0,56,Phillips 66 Big 12 Championship - 2nd Round
2025,2025-03-13,2025-03-10,401743770,reg,1,1,150,Duke Blue Devils,ACC,power,1,78,59,Georgia Tech Yellow Jackets,ACC,power,0,70,T. Rowe Price ACC Tournament - Quarterfinal
2025,2025-03-13,2025-03-10,401743772,reg,1,1,97,Louisville Cardinals,ACC,power,13,75,24,Stanford Cardinal,ACC,power,0,73,T. Rowe Price ACC Tournament - Quarterfinal
2025,2025-03-13,2025-03-10,401743773,reg,1,1,228,Clemson Tigers,ACC,power,10,57,2567,SMU Mustangs,ACC,power,0,54,T. Rowe Price ACC Tournament - Quarterfinal
2025,2025-03-13,2025-03-10,401743848,reg,1,1,252,BYU Cougars,Big 12,power,17,96,66,Iowa State Cyclones,Big 12,power,12,92,Phillips 66 Big 12 Championship - Quarterfinal
2025,2025-03-13,2025-03-10,401743849,reg,1,1,248,Houston Cougars,Big 12,power,2,77,38,Colorado Buffaloes,Big 12,power,0,68,Phillips 66 Big 12 Championship - Quarterfinal
2025,2025-03-13,2025-03-10,401743850,reg,1,1,2641,Texas Tech Red Raiders,Big 12,power,9,76,239,Baylor Bears,Big 12,power,0,74,Phillips 66 Big 12 Championship - Quarterfinal
2025,2025-03-13,2025-03-10,401743878,reg,1,1,2599,St. John's Red Storm,Big East,high,6,78,2086,Butler Bulldogs,Big East,high,0,57,Big East Tournament - Quarterfinal
2025,2025-03-13,2025-03-10,401743879,reg,1,1,2752,Xavier Musketeers,Big East,high,0,87,269,Marquette Golden Eagles,Big East,high,25,89,Big East Tournament - Quarterfinal
2025,2025-03-13,2025-03-10,401743896,reg,1,1,2483,Oregon Ducks,Big Ten,power,23,72,84,Indiana Hoosiers,Big Ten,power,0,59,Big Ten Tournament - 2nd Round
2025,2025-03-13,2025-03-10,401743897,reg,1,1,275,Wisconsin Badgers,Big Ten,power,18,70,77,Northwestern Wildcats,Big Ten,power,0,63,Big Ten Tournament - 2nd Round
2025,2025-03-13,2025-03-10,401743918,reg,1,1,356,Illinois Fighting Illini,Big Ten,power,24,106,2294,Iowa Hawkeyes,Big Ten,power,0,94,Big Ten Tournament - 2nd Round
2025,2025-03-13,2025-03-10,401743919,reg,1,1,2509,Purdue Boilermakers,Big Ten,power,20,76,30,USC Trojans,Big Ten,power,0,71,Big Ten Tournament - 2nd Round
2025,2025-03-13,2025-03-10,401744162,reg,1,1,245,Texas A&M Aggies,SEC,power,14,89,251,Texas Longhorns,SEC,power,0,94,SEC Tournament - 2nd Round
2025,2025-03-13,2025-03-10,401744163,reg,1,1,142,Missouri Tigers,SEC,power,21,85,344,Mississippi State Bulldogs,SEC,power,0,73,SEC Tournament - 2nd Round
2025,2025-03-13,2025-03-10,401744164,reg,1,1,96,Kentucky Wildcats,SEC,power,15,85,201,Oklahoma Sooners,SEC,power,0,84,SEC Tournament - 2nd Round
2025,2025-03-14,2025-03-10,401743774,reg,1,1,150,Duke Blue Devils,ACC,power,1,74,153,North Carolina Tar Heels,ACC,power,0,71,T. Rowe Price ACC Tournament - Semifinal
2025,2025-03-14,2025-03-10,401743775,reg,1,1,97,Louisville Cardinals,ACC,power,13,76,228,Clemson Tigers,ACC,power,10,73,T. Rowe Price ACC Tournament - Semifinal
2025,2025-03-14,2025-03-10,401743852,reg,1,1,248,Houston Cougars,Big 12,power,2,74,252,BYU Cougars,Big 12,power,17,54,Phillips 66 Big 12 Championship - Semifinal
2025,2025-03-14,2025-03-10,401743853,reg,1,1,2641,Texas Tech Red Raiders,Big 12,power,9,80,12,Arizona Wildcats,Big 12,power,0,86,Phillips 66 Big 12 Championship - Semifinal
2025,2025-03-14,2025-03-10,401743882,reg,1,1,2599,St. John's Red Storm,Big East,high,6,79,269,Marquette Golden Eagles,Big East,high,25,63,Big East Tournament - Semifinal
2025,2025-03-14,2025-03-10,401743916,reg,1,1,127,Michigan State Spartans,Big Ten,power,7,74,2483,Oregon Ducks,Big Ten,power,23,64,Big Ten Tournament - Quarterfinal
2025,2025-03-14,2025-03-10,401743917,reg,1,1,26,UCLA Bruins,Big Ten,power,0,70,275,Wisconsin Badgers,Big Ten,power,18,86,Big Ten Tournament - Quarterfinal
2025,2025-03-14,2025-03-10,401743938,reg,1,1,120,Maryland Terrapins,Big Ten,power,11,88,356,Illinois Fighting Illini,Big Ten,power,24,65,Big Ten Tournament - Quarterfinal
2025,2025-03-14,2025-03-10,401743939,reg,1,1,130,Michigan Wolverines,Big Ten,power,22,86,2509,Purdue Boilermakers,Big Ten,power,20,68,Big Ten Tournament - Quarterfinal
2025,2025-03-14,2025-03-10,401744166,reg,1,1,2,Auburn Tigers,SEC,power,3,62,145,Ole Miss Rebels,SEC,power,0,57,SEC Tournament - Quarterfinal
2025,2025-03-14,2025-03-10,401744168,reg,1,1,2633,Tennessee Volunteers,SEC,power,8,83,251,Texas Longhorns,SEC,power,0,72,SEC Tournament - Quarterfinal
2025,2025-03-14,2025-03-10,401744170,reg,1,1,57,Florida Gators,SEC,power,4,95,142,Missouri Tigers,SEC,power,21,81,SEC Tournament - Quarterfinal
2025,2025-03-14,2025-03-10,401744171,reg,1,1,333,Alabama Crimson Tide,SEC,power,5,99,96,Kentucky Wildcats,SEC,power,15,70,SEC Tournament - Quarterfinal
2025,2025-03-14,2025-03-10,401745781,reg,1,1,235,Memphis Tigers,American,high,16,83,2724,Wichita State Shockers,American,high,0,80,American Athletic Conference Championship - Quarterfinal
2025,2025-03-15,2025-03-10,401743776,reg,1,1,150,Duke Blue Devils,ACC,power,1,73,97,Louisville Cardinals,ACC,power,13,62,T. Rowe Price ACC Tournament - Final
2025,2025-03-15,2025-03-10,401743854,reg,1,1,248,Houston Cougars,Big 12,power,2,72,12,Arizona Wildcats,Big 12,power,0,64,Phillips 66 Big 12 Championship - Final
2025,2025-03-15,2025-03-10,401743884,reg,0,1,2599,St. John's Red Storm,Big East,high,6,82,156,Creighton Bluejays,Big East,high,0,66,Big East Tournament - Final
2025,2025-03-15,2025-03-10,401743940,reg,1,1,127,Michigan State Spartans,Big Ten,power,7,74,275,Wisconsin Badgers,Big Ten,power,18,77,Big Ten Tournament - Semifinal
2025,2025-03-15,2025-03-10,401743941,reg,1,1,120,Maryland Terrapins,Big Ten,power,11,80,130,Michigan Wolverines,Big Ten,power,22,81,Big Ten Tournament - Semifinal
2025,2025-03-15,2025-03-10,401744172,reg,1,1,2,Auburn Tigers,SEC,power,3,65,2633,Tennessee Volunteers,SEC,power,8,70,SEC Tournament - Semifinal
2025,2025-03-15,2025-03-10,401744173,reg,1,1,57,Florida Gators,SEC,power,4,104,333,Alabama Crimson Tide,SEC,power,5,82,SEC Tournament - Semifinal
2025,2025-03-15,2025-03-10,401745785,reg,1,1,235,Memphis Tigers,American,high,16,78,2655,Tulane Green Wave,American,high,0,77,American Athletic Conference Championship - Semifinal
2025,2025-03-16,2025-03-10,401743942,reg,1,1,130,Michigan Wolverines,Big Ten,power,22,59,275,Wisconsin Badgers,Big Ten,power,18,53,Big Ten Tournament - Final
2025,2025-03-16,2025-03-10,401744175,reg,1,1,57,Florida Gators,SEC,power,4,86,2633,Tennessee Volunteers,SEC,power,8,77,SEC Tournament - Final
2025,2025-03-16,2025-03-10,401745787,reg,1,1,235,Memphis Tigers,American,high,16,84,5,UAB Blazers,American,high,0,72,American Athletic Conference Championship - Final
2025,2025-03-18,2025-03-17,401745907,ncaa,1,0,2011,Alabama State Hornets,SWAC,mid,16,70,2598,Saint Francis Red Flash,NEC,mid,16,68,Men's Basketball Championship - South Region - First Four
2025,2025-03-18,2025-03-17,401745911,ncaa,1,0,21,San Diego State Aztecs,Mountain West,high,11,68,153,North Carolina Tar Heels,ACC,power,11,95,Men's Basketball Championship - South Region - First Four
2025,2025-03-19,2025-03-17,401745909,ncaa,1,0,251,Texas Longhorns,SEC,power,11,80,2752,Xavier Musketeers,Big East,high,11,86,Men's Basketball Championship - Midwest Region - First Four
2025,2025-03-19,2025-03-17,401745913,ncaa,1,0,44,American University Eagles,Patriot,mid,16,72,116,Mount St. Mary's Mountaineers,MAAC,mid,16,83,Men's Basketball Championship - East Region - First Four
2025,2025-03-20,2025-03-17,401745957,ncaa,1,0,2,Auburn Tigers,SEC,power,1,83,2011,Alabama State Hornets,SWAC,mid,16,63,Men's Basketball Championship - South Region - 1st Round
2025,2025-03-20,2025-03-17,401745959,ncaa,1,0,97,Louisville Cardinals,ACC,power,8,75,156,Creighton Bluejays,Big East,high,9,89,Men's Basketball Championship - South Region - 1st Round
2025,2025-03-20,2025-03-17,401745963,ncaa,1,0,130,Michigan Wolverines,Big Ten,power,5,68,28,UC San Diego Tritons,Big West,mid,12,65,Men's Basketball Championship - South Region - 1st Round
2025,2025-03-20,2025-03-17,401745966,ncaa,1,0,245,Texas A&M Aggies,SEC,power,4,80,43,Yale Bulldogs,Ivy,mid,13,71,Men's Basketball Championship - South Region - 1st Round
2025,2025-03-20,2025-03-17,401745968,ncaa,1,0,252,BYU Cougars,Big 12,power,6,80,2670,VCU Rams,A-10,high,11,71,Men's Basketball Championship - East Region - 1st Round
2025,2025-03-20,2025-03-17,401745970,ncaa,1,0,275,Wisconsin Badgers,Big Ten,power,3,85,149,Montana Grizzlies,Big Sky,mid,14,66,Men's Basketball Championship - East Region - 1st Round
2025,2025-03-20,2025-03-17,401745972,ncaa,1,0,248,Houston Cougars,Big 12,power,1,78,2565,SIU Edwardsville Cougars,OVC,mid,16,40,Men's Basketball Championship - Midwest Region - 1st Round
2025,2025-03-20,2025-03-17,401745974,ncaa,1,0,2250,Gonzaga Bulldogs,WCC,high,8,89,61,Georgia Bulldogs,SEC,power,9,68,Men's Basketball Championship - Midwest Region - 1st Round
2025,2025-03-20,2025-03-17,401745978,ncaa,1,0,228,Clemson Tigers,ACC,power,5,67,2377,McNeese Cowboys,Southland,mid,12,69,Men's Basketball Championship - Midwest Region - 1st Round
2025,2025-03-20,2025-03-17,401745980,ncaa,1,0,2509,Purdue Boilermakers,Big Ten,power,4,75,2272,High Point Panthers,Big South,mid,13,63,Men's Basketball Championship - Midwest Region - 1st Round
2025,2025-03-20,2025-03-17,401745983,ncaa,1,0,26,UCLA Bruins,Big Ten,power,7,72,328,Utah State Aggies,Mountain West,high,10,47,Men's Basketball Championship - Midwest Region - 1st Round
2025,2025-03-20,2025-03-17,401745984,ncaa,1,0,2633,Tennessee Volunteers,SEC,power,2,77,2747,Wofford Terriers,SoCon,mid,15,62,Men's Basketball Championship - Midwest Region - 1st Round
2025,2025-03-20,2025-03-17,401745985,ncaa,1,0,142,Missouri Tigers,SEC,power,6,57,2181,Drake Bulldogs,MVC,mid,11,67,Men's Basketball Championship - West Region - 1st Round
2025,2025-03-20,2025-03-17,401745986,ncaa,1,0,2641,Texas Tech Red Raiders,Big 12,power,3,82,350,UNC Wilmington Seahawks,CAA,mid,14,72,Men's Basketball Championship - West Region - 1st Round
2025,2025-03-20,2025-03-17,401745987,ncaa,1,0,2305,Kansas Jayhawks,Big 12,power,7,72,8,Arkansas Razorbacks,SEC,power,10,79,Men's Basketball Championship - West Region - 1st Round
2025,2025-03-20,2025-03-17,401745989,ncaa,1,0,2599,St. John's Red Storm,Big East,high,2,83,2437,Omaha Mavericks,Summit,mid,15,53,Men's Basketball Championship - West Region - 1st Round
2025,2025-03-21,2025-03-17,401745995,ncaa,1,0,145,Ole Miss Rebels,SEC,power,6,71,153,North Carolina Tar Heels,ACC,power,11,64,Men's Basketball Championship - South Region - 1st Round
2025,2025-03-21,2025-03-17,401745997,ncaa,1,0,66,Iowa State Cyclones,Big 12,power,3,82,288,Lipscomb Bisons,ASUN,mid,14,55,Men's Basketball Championship - South Region - 1st Round
2025,2025-03-21,2025-03-17,401745999,ncaa,1,0,269,Marquette Golden Eagles,Big East,high,7,66,167,New Mexico Lobos,Mountain West,high,10,75,Men's Basketball Championship - South Region - 1st Round
2025,2025-03-21,2025-03-17,401746001,ncaa,1,0,127,Michigan State Spartans,Big Ten,power,2,87,2803,Bryant Bulldogs,Am. East,mid,15,62,Men's Basketball Championship - South Region - 1st Round
2025,2025-03-21,2025-03-17,401746003,ncaa,1,0,150,Duke Blue Devils,ACC,power,1,93,116,Mount St. Mary's Mountaineers,MAAC,mid,16,49,Men's Basketball Championship - East Region - 1st Round
2025,2025-03-21,2025-03-17,401746005,ncaa,1,0,344,Mississippi State Bulldogs,SEC,power,8,72,239,Baylor Bears,Big 12,power,9,75,Men's Basketball Championship - East Region - 1st Round
2025,2025-03-21,2025-03-17,401746007,ncaa,1,0,2483,Oregon Ducks,Big Ten,power,5,81,2335,Liberty Flames,CUSA,mid,12,52,Men's Basketball Championship - East Region - 1st Round
2025,2025-03-21,2025-03-17,401746009,ncaa,1,0,12,Arizona Wildcats,Big 12,power,4,93,2006,Akron Zips,MAC,mid,13,65,Men's Basketball Championship - East Region - 1st Round
2025,2025-03-21,2025-03-17,401746012,ncaa,1,0,2608,Saint Mary's Gaels,WCC,high,7,59,238,Vanderbilt Commodores,SEC,power,10,56,Men's Basketball Championship - East Region - 1st Round
2025,2025-03-21,2025-03-17,401746014,ncaa,1,0,333,Alabama Crimson Tide,SEC,power,2,90,2523,Robert Morris Colonials,Horizon,mid,15,81,Men's Basketball Championship - East Region - 1st Round
2025,2025-03-21,2025-03-17,401746015,ncaa,1,0,356,Illinois Fighting Illini,Big Ten,power,6,86,2752,Xavier Musketeers,Big East,high,11,73,Men's Basketball Championship - Midwest Region - 1st Round
2025,2025-03-21,2025-03-17,401746016,ncaa,1,0,96,Kentucky Wildcats,SEC,power,3,76,2653,Troy Trojans,Sun Belt,mid,14,57,Men's Basketball Championship - Midwest Region - 1st Round
2025,2025-03-21,2025-03-17,401746017,ncaa,1,0,57,Florida Gators,SEC,power,1,95,2450,Norfolk State Spartans,MEAC,mid,16,69,Men's Basketball Championship - West Region - 1st Round
2025,2025-03-21,2025-03-17,401746018,ncaa,1,0,41,UConn Huskies,Big East,high,8,67,201,Oklahoma Sooners,SEC,power,9,59,Men's Basketball Championship - West Region - 1st Round
2025,2025-03-21,2025-03-17,401746019,ncaa,1,0,235,Memphis Tigers,American,high,5,70,36,Colorado State Rams,Mountain West,high,12,78,Men's Basketball Championship - West Region - 1st Round
2025,2025-03-21,2025-03-17,401746021,ncaa,1,0,120,Maryland Terrapins,Big Ten,power,4,81,2253,Grand Canyon Lopes,WAC,mid,13,49,Men's Basketball Championship - West Region - 1st Round
2025,2025-03-22,2025-03-17,401746030,ncaa,1,0,2509,Purdue Boilermakers,Big Ten,power,4,76,2377,McNeese Cowboys,Southland,mid,12,62,Men's Basketball Championship - Midwest Region - 2nd Round
2025,2025-03-22,2025-03-17,401746032,ncaa,1,0,2599,St. John's Red Storm,Big East,high,2,66,8,Arkansas Razorbacks,SEC,power,10,75,Men's Basketball Championship - West Region - 2nd Round
2025,2025-03-22,2025-03-17,401746034,ncaa,1,0,275,Wisconsin Badgers,Big Ten,power,3,89,252,BYU Cougars,Big 12,power,6,91,Men's Basketball Championship - East Region - 2nd Round
2025,2025-03-22,2025-03-17,401746036,ncaa,1,0,245,Texas A&M Aggies,SEC,power,4,79,130,Michigan Wolverines,Big Ten,power,5,91,Men's Basketball Championship - South Region - 2nd Round
2025,2025-03-22,2025-03-17,401746038,ncaa,1,0,248,Houston Cougars,Big 12,power,1,81,2250,Gonzaga Bulldogs,WCC,high,8,76,Men's Basketball Championship - Midwest Region - 2nd Round
2025,2025-03-22,2025-03-17,401746040,ncaa,1,0,2641,Texas Tech Red Raiders,Big 12,power,3,77,2181,Drake Bulldogs,MVC,mid,11,64,Men's Basketball Championship - West Region - 2nd Round
2025,2025-03-22,2025-03-17,401746042,ncaa,1,0,2,Auburn Tigers,SEC,power,1,82,156,Creighton Bluejays,Big East,high,9,70,Men's Basketball Championship - South Region - 2nd Round
2025,2025-03-22,2025-03-17,401746044,ncaa,1,0,2633,Tennessee Volunteers,SEC,power,2,67,26,UCLA Bruins,Big Ten,power,7,58,Men's Basketball Championship - Midwest Region - 2nd Round
2025,2025-03-23,2025-03-17,401746045,ncaa,1,0,12,Arizona Wildcats,Big 12,power,4,87,2483,Oregon Ducks,Big Ten,power,5,83,Men's Basketball Championship - East Region - 2nd Round
2025,2025-03-23,2025-03-17,401746046,ncaa,1,0,120,Maryland Terrapins,Big Ten,power,4,72,36,Colorado State Rams,Mountain West,high,12,71,Men's Basketball Championship - West Region - 2nd Round
2025,2025-03-23,2025-03-17,401746047,ncaa,1,0,66,Iowa State Cyclones,Big 12,power,3,78,145,Ole Miss Rebels,SEC,power,6,91,Men's Basketball Championship - South Region - 2nd Round
2025,2025-03-23,2025-03-17,401746048,ncaa,1,0,96,Kentucky Wildcats,SEC,power,3,84,356,Illinois Fighting Illini,Big Ten,power,6,75,Men's Basketball Championship - Midwest Region - 2nd Round
2025,2025-03-23,2025-03-17,401746049,ncaa,1,0,150,Duke Blue Devils,ACC,power,1,89,239,Baylor Bears,Big 12,power,9,66,Men's Basketball Championship - East Region - 2nd Round
2025,2025-03-23,2025-03-17,401746050,ncaa,1,0,57,Florida Gators,SEC,power,1,77,41,UConn Huskies,Big East,high,8,75,Men's Basketball Championship - West Region - 2nd Round
2025,2025-03-23,2025-03-17,401746052,ncaa,1,0,333,Alabama Crimson Tide,SEC,power,2,80,2608,Saint Mary's Gaels,WCC,high,7,66,Men's Basketball Championship - East Region - 2nd Round
2025,2025-03-23,2025-03-17,401746054,ncaa,1,0,127,Michigan State Spartans,Big Ten,power,2,71,167,New Mexico Lobos,Mountain West,high,10,63,Men's Basketball Championship - South Region - 2nd Round
2025,2025-03-27,2025-03-24,401746061,ncaa,1,0,150,Duke Blue Devils,ACC,power,1,100,12,Arizona Wildcats,Big 12,power,4,93,Men's Basketball Championship - East Region - Sweet 16
2025,2025-03-27,2025-03-24,401746062,ncaa,1,0,333,Alabama Crimson Tide,SEC,power,2,113,252,BYU Cougars,Big 12,power,6,88,Men's Basketball Championship - East Region - Sweet 16
2025,2025-03-27,2025-03-24,401746063,ncaa,1,0,2641,Texas Tech Red Raiders,Big 12,power,3,85,8,Arkansas Razorbacks,SEC,power,10,83,Men's Basketball Championship - West Region - Sweet 16
2025,2025-03-27,2025-03-24,401746065,ncaa,1,0,57,Florida Gators,SEC,power,1,87,120,Maryland Terrapins,Big Ten,power,4,71,Men's Basketball Championship - West Region - Sweet 16
2025,2025-03-28,2025-03-24,401746069,ncaa,1,0,2,Auburn Tigers,SEC,power,1,78,130,Michigan Wolverines,Big Ten,power,5,65,Men's Basketball Championship - South Region - Sweet 16
2025,2025-03-28,2025-03-24,401746070,ncaa,1,0,127,Michigan State Spartans,Big Ten,power,2,73,145,Ole Miss Rebels,SEC,power,6,70,Men's Basketball Championship - South Region - Sweet 16
2025,2025-03-28,2025-03-24,401746071,ncaa,1,0,248,Houston Cougars,Big 12,power,1,62,2509,Purdue Boilermakers,Big Ten,power,4,60,Men's Basketball Championship - Midwest Region - Sweet 16
2025,2025-03-28,2025-03-24,401746072,ncaa,1,0,2633,Tennessee Volunteers,SEC,power,2,78,96,Kentucky Wildcats,SEC,power,3,65,Men's Basketball Championship - Midwest Region - Sweet 16
2025,2025-03-29,2025-03-24,401746076,ncaa,1,0,150,Duke Blue Devils,ACC,power,1,85,333,Alabama Crimson Tide,SEC,power,2,65,Men's Basketball Championship - East Region - Elite 8
2025,2025-03-29,2025-03-24,401746077,ncaa,1,0,57,Florida Gators,SEC,power,1,84,2641,Texas Tech Red Raiders,Big 12,power,3,79,Men's Basketball Championship - West Region - Elite 8
2025,2025-03-30,2025-03-24,401746078,ncaa,1,0,2,Auburn Tigers,SEC,power,1,70,127,Michigan State Spartans,Big Ten,power,2,64,Men's Basketball Championship - South Region - Elite 8
2025,2025-03-30,2025-03-24,401746079,ncaa,1,0,248,Houston Cougars,Big 12,power,1,69,2633,Tennessee Volunteers,SEC,power,2,50,Men's Basketball Championship - Midwest Region - Elite 8
2025,2025-04-05,2025-03-31,401746080,ncaa,1,0,150,Duke Blue Devils,ACC,power,1,67,248,Houston Cougars,Big 12,power,1,70,Men's Basketball Championship - Final Four
2025,2025-04-05,2025-03-31,401746081,ncaa,1,0,2,Auburn Tigers,SEC,power,1,73,57,Florida Gators,SEC,power,1,79,Men's Basketball Championship - Final Four
2025,2025-04-07,2025-04-07,401746082,ncaa,1,0,248,Houston Cougars,Big 12,power,1,63,57,Florida Gators,SEC,power,1,65,Men's Basketball Championship - National Championship
